Year,Month,BCC-CSM2-MR_mm,EC-Earth3_mm,FGOALS-g3_mm,GFDL-CM4_mm,GFDL-ESM4_mm,MIROC-ES2L_mm,MIROC6_mm,MRI-ESM2-0_mm,NESM3_mm,Scenario,TaiESM1_mm
2015,1,9.942918421,8.518182944,22.37689823,6.347735223,6.636901683,1.325945763,3.646486686,4.297225436,26.33658309,ssp245,0.78777014
2015,2,20.72257256,0.7782217,2.85E-04,12.35231433,0.012525769,0.004034795,0.183713449,0.001973419,0.136958716,ssp245,0.003992805
2015,3,3.290682412,3.442037839,5.561492678,1.569475313,14.55591452,0.327542368,1.608637743,5.213470419,3.394716353,ssp245,0.518137081
2015,4,55.74986359,3.556549688,0.461243152,27.1335398,41.74041373,0.431315767,0.360364163,7.935169276,1.187502678,ssp245,0.044764329
2015,5,8.68956963,10.42507704,6.552088572,3.003267118,30.36306597,5.449466558,18.92734975,17.76163087,30.15698389,ssp245,1.463344896
2015,6,7.804337688,12.36322661,7.90182381,50.98391064,5.164046334,16.82797702,14.72250828,22.19795185,3.200658509,ssp245,23.38413719
2015,7,62.28416251,76.71708972,56.454806,81.31825078,29.00414366,47.66045015,94.04851743,58.73600689,42.30353851,ssp245,34.36211259
2015,8,128.4165026,53.42650588,58.52267018,122.6087013,16.23671053,19.26578092,21.47363095,113.4089202,214.094347,ssp245,249.2602583
2015,9,13.5982366,20.85970496,53.77551718,30.76979613,40.30012223,54.66794432,37.77781448,40.06659932,7.867586431,ssp245,37.26177806
2015,10,12.24709192,44.23368909,0.213790545,11.06325397,8.85E-04,10.19921665,2.113043051,0.037803434,21.72533078,ssp245,0.864328889
2015,11,19.38243775,34.32648685,0.333661797,11.69902545,0.15141812,1.965882748,0,2.067319075,26.67713592,ssp245,0.975865039
2015,12,2.706039325,16.07759032,7.908605173,26.72942874,1.695574062,0,1.202444939,3.75713491,7.374991066,ssp245,0.090811184
2016,1,4.57950772,18.57683244,0.227793392,13.44017984,45.10686121,2.274499109,1.982651272,6.134747062,0.083994856,ssp245,0.107941488
2016,2,0.095348522,0.464400611,0,0.159061265,0.023233477,0.006873909,0.286590523,0.079066537,2.629333431,ssp245,0.104735177
2016,3,28.33123772,0.080718242,3.52E-04,6.440957998,5.266941073,0.513962867,1.941569017,0.209006684,0.129585674,ssp245,29.83008212
2016,4,0.237045542,1.762511849,0.134865145,0.316486349,5.050398386,11.42494093,1.740212225,52.26967652,0.809318447,ssp245,15.20872696
2016,5,34.42859724,18.77461765,1.304421265,3.457149564,12.07723418,0.197532888,50.44899899,14.55275877,0.19962244,ssp245,4.069513006
2016,6,31.09603731,6.251923369,17.40623243,54.21360123,17.59576318,2.696132144,9.52067567,53.89604963,10.47860842,ssp245,51.57534815
2016,7,57.70203567,61.80250779,93.33296831,107.2550655,93.65216758,11.0454565,55.64074028,49.9296303,231.6226862,ssp245,61.96412639
2016,8,175.1364811,37.01480038,146.3472877,225.7653392,146.0266385,85.08560153,154.0598613,74.87599632,57.53115429,ssp245,59.48711283
2016,9,15.17999758,54.54350543,22.75026935,43.97578504,25.11778136,109.457416,56.27414551,16.7655775,130.8602462,ssp245,16.61435176
2016,10,32.84190524,10.01806286,0.822667922,0.055969404,40.62223337,1.367130181,0.239616766,0.112093713,16.06796062,ssp245,7.818926078
2016,11,38.97642513,0.090355042,2.597072804,1.48998781,4.35102738,0.495532522,0.020864773,11.88744762,6.831199934,ssp245,22.99814628
2016,12,1.768860187,3.0962216,5.219083577,16.79628116,1.64729413,3.347423049,1.237797408,22.41331912,22.99628801,ssp245,33.7314854
2017,1,3.50472822,2.171385921,1.947130741,0.942291426,3.74585507,0.434346185,5.85776687,10.73203154,1.253793651,ssp245,62.53533033
2017,2,0.00462975,1.532084123,0.001885373,0.266372036,0.89725015,0.276342816,42.89454263,0.585889487,3.565383706,ssp245,7.631098612
2017,3,13.96390712,0.099420711,0.223426156,0.55341345,0.730957079,3.678597412,2.359647844,0.235236263,8.521474945,ssp245,1.948618051
2017,4,14.24902075,1.687847181,4.559871005,1.26626816,12.95886144,11.53659216,9.632646972,9.582027908,5.37296815,ssp245,39.56359493
2017,5,20.99689405,9.729474776,4.306743588,4.221791597,3.853621129,0.05231172,2.595784897,34.02020347,47.33284813,ssp245,7.556897335
2017,6,16.91522241,15.40081084,13.40584182,36.21826616,13.52144661,6.543065955,43.11850999,9.170215447,28.71556378,ssp245,15.11207723
2017,7,67.47018437,66.61606635,149.8681522,147.9991669,29.93368237,83.66428876,83.30951358,40.00496846,142.6004293,ssp245,61.51366945
2017,8,114.8760159,77.14981265,70.30974912,122.5790402,43.65415454,191.3560029,175.3116688,37.9030681,157.0941474,ssp245,51.55723654
2017,9,1.392656755,10.07914438,4.084575277,89.31316395,27.59157432,26.56559228,18.08842462,46.01267294,17.73033076,ssp245,43.02812381
2017,10,21.68972834,1.594865642,0.630256441,24.50763645,2.642479068,2.626216427,20.87245307,1.901385947,2.346822995,ssp245,0.429123038
2017,11,10.10366399,0.09697214,4.967454861,0.120667725,0.906340299,7.629257395,2.0763847,1.133059522,0.152606805,ssp245,0.951946993
2017,12,0.832844834,9.676594538,12.70980677,1.236405323,3.938779005,12.46998992,0.230089756,3.188676394,22.00200987,ssp245,9.511091547
2018,1,8.493549824,2.837512946,14.0573511,17.83860598,4.504374364,0.187790313,6.55357204,3.898193765,9.0675656,ssp245,3.185229778
2018,2,1.855435847,0.211750472,3.66E-04,0.588482763,0.244924075,0.155361039,5.590874387,0.571820338,0.011499698,ssp245,0.130556016
2018,3,12.61149905,3.280142431,0.001001147,0.439335968,12.92589498,2.329352059,0.48614262,0.893760678,0.170093182,ssp245,0.157270742
2018,4,1.390904302,6.571368029,2.868236396,3.010495926,0.998427214,22.98193427,1.420218042,0.167157261,1.54056371,ssp245,13.7840596
2018,5,30.75514629,157.1335713,22.8609032,33.21879814,0.285606966,18.31007538,14.85731366,6.838132222,32.19679212,ssp245,0.077553644
2018,6,14.61060761,12.93561094,32.47472491,25.89239479,3.779163363,6.012322094,33.29552842,10.49322738,31.63543319,ssp245,33.30641571
2018,7,38.34843729,51.82685211,103.8613254,32.98235189,18.24316439,9.299360706,163.378211,45.59820088,242.6159846,ssp245,387.8378136
2018,8,42.81415726,135.8975497,236.869464,20.99930461,63.05729237,186.090555,25.42763978,30.68441291,184.6155301,ssp245,129.0754482
2018,9,25.6165175,81.41824128,68.8527858,17.00345352,30.71506146,22.5775047,16.69309446,66.17445702,104.4781668,ssp245,46.9726951
2018,10,5.45493649,71.88627175,0.178028933,0.459117043,15.86365997,0.604021534,2.021113214,1.071869854,0.494434254,ssp245,0.112079555
2018,11,27.22323745,31.80313126,0.701601861,93.84421912,7.447993038,0.340781717,0.011175832,0.064909529,10.43709343,ssp245,0.78138846
2018,12,25.88627298,2.629226813,3.899325437,18.88628383,12.97008671,11.62892659,0.49545522,2.896039836,4.480864733,ssp245,2.062546048
2019,1,18.62691398,8.304362581,5.451152814,25.12372305,8.961352664,3.354660393,43.48881555,11.8616678,4.784042848,ssp245,0.253428977
2019,2,2.643377941,3.167510209,0,5.632422171,5.392631167,0,0.278844915,0.066592469,0.068001899,ssp245,0.024546995
2019,3,1.08547716,1.47580297,0.159631873,0.736870315,2.34873673,0.054362733,0.245278129,2.646899721,0.863768015,ssp245,0.19666522
2019,4,6.120829615,3.805416619,29.66162405,14.60099048,37.55840844,7.372569456,2.6143026,5.065108991,10.14665171,ssp245,0.904352347
2019,5,38.0933587,61.74744149,11.44703979,14.20561336,4.034355977,12.41232681,4.738868777,0.672117982,9.07121844,ssp245,3.25380553
2019,6,2.946486503,7.192620738,3.087572726,19.56372723,4.782356071,24.23196797,36.30901575,7.35617569,8.494456787,ssp245,38.41664291
2019,7,97.48129174,73.1577507,69.83330092,128.8633802,31.48281262,42.76889903,60.40962461,34.49617207,6.844572309,ssp245,140.6141551
2019,8,68.51586057,96.60133673,122.9396219,194.5119074,33.57290619,48.54077782,72.31880392,55.43188402,55.10161703,ssp245,31.1396829
2019,9,28.06425328,18.66244027,22.32057233,80.47980565,3.675902378,16.57572059,22.90023549,8.114201301,21.17480216,ssp245,7.848511172
2019,10,11.52243814,2.218740887,1.101714619,0.152417762,0.004454466,0.56212232,1.33E-04,0.862869575,0.472004862,ssp245,0.118267816
2019,11,2.382615365,2.321303835,2.047290567,3.745556715,6.571576015,10.32986202,0.03876643,14.54128836,0.016960517,ssp245,25.78926508
2019,12,2.710213104,1.253261415,6.337920925,5.436487325,4.474096618,3.884940299,3.884367676,25.81866367,7.064363192,ssp245,16.84970547
2020,1,29.24932559,1.062808599,1.647611914,17.03277373,5.708873653,36.73891206,0.580383267,1.997638395,17.89368163,ssp245,0.223073408
2020,2,0.042682386,0.00173475,0.020394037,0.118909836,0.157449654,0.043757914,6.75E-05,0.003282433,0.177861223,ssp245,0.137377255
2020,3,1.506700069,0.092809792,1.454366689,0.049372167,0.736431909,0.046106284,3.634756858,2.426257403,15.14878034,ssp245,0.172276634
2020,4,26.72993493,2.099454967,27.57511125,6.738431319,1.404698176,4.181221162,10.9700588,16.24094317,5.590677403,ssp245,4.977913837
2020,5,8.890022276,17.05686512,4.993764302,1.405373158,10.99014271,22.79960566,39.12885675,8.610085923,14.67526522,ssp245,3.790511947
2020,6,21.09491117,9.672033595,15.2571781,9.155013461,1.697919599,21.14483715,22.81901338,9.795433926,7.011448336,ssp245,16.53619891
2020,7,176.6892614,60.55845303,115.4451626,50.25462105,9.139854286,9.845763629,259.1365659,86.79975779,210.4651232,ssp245,32.12655779
2020,8,62.57113171,142.7785628,80.61552586,96.69129694,139.0699612,76.53528206,136.4781054,107.8309916,158.8171958,ssp245,77.67935425
2020,9,41.33834203,20.02963956,13.1566854,64.10893501,101.4437175,35.89012015,41.76288037,27.74628772,41.83366331,ssp245,40.16856429
2020,10,11.39582592,0.173325705,0.267547737,1.488497097,0,1.497815858,0.037398671,1.648035331,13.80897707,ssp245,0.151163312
2020,11,0.825037437,0.316020883,55.55693663,21.62213798,8.729954993,4.56793109,7.071886206,2.135839235,29.71755217,ssp245,2.256674668
2020,12,8.383003585,5.782598862,2.021092432,5.737063164,5.85799901,1.946892459,5.450847453,7.601713173,90.68166672,ssp245,3.492908152
2021,1,1.608169162,9.483401828,0.647690354,4.313193476,1.125189371,5.948477851,32.65602574,66.04605884,0.474687753,ssp245,4.271327054
2021,2,5.86E-07,0.119641452,0,0.470277483,1.062460603,0.468372492,0.073335547,0.315419046,2.225775967,ssp245,27.23442391
2021,3,0.168296558,0.001921484,0.790388635,1.336751924,4.297518684,0.618580642,0.863485216,9.184422731,32.2128613,ssp245,10.17214596
2021,4,20.24424745,17.97244742,21.05705172,2.221726755,19.66559632,3.835480734,13.38136875,32.01177043,22.84565477,ssp245,8.834568204
2021,5,69.33078094,7.476742294,14.29704581,2.314032227,3.335598384,31.14835539,8.263338345,56.18990797,3.934566715,ssp245,2.396998779
2021,6,22.99874915,9.414280824,11.96540925,6.778062779,85.7144617,68.46790311,37.46633364,24.46537738,8.756724484,ssp245,21.79936217
2021,7,106.988257,108.0404834,68.53297464,12.58318737,38.24112813,196.3454011,39.54808308,90.50460603,38.69515411,ssp245,24.23127038
2021,8,144.478269,88.19804461,55.39444544,184.6619957,113.7157495,78.22520492,170.0167187,41.79281402,37.23294192,ssp245,70.29795864
2021,9,41.89175723,98.76648667,39.89520563,16.12500452,10.47353189,11.1482383,16.16122628,49.57727719,49.91237818,ssp245,8.839990713
2021,10,8.226438685,0.456102726,3.19818477,0.491282943,1.301347986,3.591537308,0.160931442,60.96264739,29.71581817,ssp245,3.96263487
2021,11,2.459343622,13.57163602,3.469219253,2.331302647,6.7307573,0.22636704,22.21697827,24.0397361,30.30741911,ssp245,0.061484308
2021,12,0.227364012,2.107455409,1.839727667,11.24792055,9.494754325,1.441140008,0.219707145,1.310034644,27.53234456,ssp245,1.520391989
2022,1,18.65308315,25.98844072,1.286267639,1.550315618,2.508057625,1.063064832,4.049668899,22.79830626,15.38688998,ssp245,7.164938752
2022,2,3.927843375,0.883930785,0,0.233994867,0.025356524,0,0.133050147,2.481938107,0.615600556,ssp245,1.786586461
2022,3,19.96239739,0.167020977,0.002586669,0.05043519,1.393238207,4.151006731,0.78009139,6.174324082,0.025542401,ssp245,0.202446438
2022,4,11.97199271,32.13601841,5.181243743,55.26221487,2.025485594,5.360624743,3.648908748,3.851998601,1.628188843,ssp245,36.14348348
2022,5,43.2461876,4.531443411,4.844541158,0.422678497,6.065178617,37.99276121,0.553594997,13.79076094,8.750590268,ssp245,19.80728594
2022,6,2.97266758,4.205815419,26.02849128,22.8945118,24.50432236,38.39807079,18.11304912,16.22458335,8.37272657,ssp245,29.00795236
2022,7,54.29726045,26.57526096,51.16404318,22.87770533,45.20890916,73.84189056,16.58523763,23.58799383,37.04220413,ssp245,81.93860667
2022,8,69.12481932,116.3466037,158.033525,51.84694902,46.99187263,102.6000425,149.3859002,42.63755424,225.1986424,ssp245,172.4128619
2022,9,41.8096753,16.77013731,9.379873295,64.33449013,23.32915795,20.98244197,23.36113228,26.5152003,51.05261009,ssp245,97.32398022
2022,10,10.70780279,1.329835565,13.17905746,4.454078758,0.084756436,0.126313486,0.444859277,4.346123114,1.533777443,ssp245,2.715968441
2022,11,7.033995942,19.42656082,1.296345364,42.46325595,2.600362766,9.748355144,0.274216321,43.44783588,0.112673928,ssp245,4.91601661
2022,12,4.841878967,5.077482823,0.502337088,2.43131481,24.44821952,0.115056457,17.38308204,0.006280781,9.963871209,ssp245,13.5731077
2023,1,2.12321832,2.183946928,1.630269649,2.612184001,9.157888806,4.508808707,0.222875336,3.294151344,1.533985102,ssp245,14.19342135
2023,2,0.007212917,0.00494178,0,0.631244875,0.034374646,0.002800204,1.566578098,2.59443959,0.154891929,ssp245,3.598737518
2023,3,10.52403939,3.26232938,4.23E-04,0.443241203,4.500206901,0.019394649,15.96922082,4.283969504,55.7228055,ssp245,0.017470064
2023,4,0.018850318,13.49656417,6.900250678,5.068177691,5.188360821,1.595012496,4.160703729,1.748169507,3.058387759,ssp245,0.54969721
2023,5,9.860225663,3.120780349,24.44259323,6.934461793,14.47953842,1.458177463,3.230046107,0.725040514,24.53900989,ssp245,18.82596859
2023,6,16.99814706,80.25263933,12.2324549,6.474169305,13.15780631,42.08964513,14.3373844,38.14176752,30.28287391,ssp245,30.31588659
2023,7,112.2960759,260.7744346,254.762789,63.99472232,114.4789518,56.95354265,63.35789502,28.09266128,8.530978502,ssp245,66.88988963
2023,8,155.3599351,229.0438713,105.0104182,450.9490799,237.5817978,108.5026299,58.01770445,73.94691757,69.45879305,ssp245,34.51390966
2023,9,17.44513674,20.2861047,30.20904683,72.02876808,4.135233039,10.33236829,8.622139775,9.362981727,4.324108051,ssp245,13.63174737
2023,10,3.019226088,8.948425754,3.665459879,0.092171308,0.059720163,0.021994502,34.05608235,3.189068154,1.166926062,ssp245,8.174622659
2023,11,1.54073195,0.533986573,1.061115425,0.341271989,10.67864436,3.584876514,0.182069576,0.031748332,21.0178302,ssp245,1.677126562
2023,12,11.12463297,8.717605903,1.316217943,17.06176975,1.498980483,6.72243387,27.40431273,4.883856622,0.235238613,ssp245,14.93705937
2024,1,34.39324397,0.17780547,2.588674928,22.77505083,6.734697653,2.064246275,7.707613854,6.370821831,12.36902982,ssp245,0.414833747
2024,2,0.784798217,1.705542847,0,0.794996074,0.074754561,0,0.772606149,0.231173266,2.757804191,ssp245,8.315408063
2024,3,1.068888475,1.134213423,0.162368473,1.741385065,0.402107131,0.105405021,0.04933302,0.149554469,5.501103163,ssp245,2.53760277
2024,4,6.126477367,25.52753596,4.654317715,27.62482303,1.630114594,4.939732861,5.143904071,2.698414253,7.240836421,ssp245,36.20161065
2024,5,18.747794,18.68169048,11.38149925,4.973172426,0.806567589,18.57791113,7.880348474,5.252705905,3.789339944,ssp245,4.641185989
2024,6,19.09571381,38.49309223,12.42262056,9.078478575,11.60822242,3.408199817,1.008618366,25.91238973,10.4753538,ssp245,29.75363316
2024,7,78.59952656,118.9477391,76.40933165,14.55136804,79.63246042,62.66408837,117.2806839,33.1714905,25.11983935,ssp245,62.23982907
2024,8,194.7034897,239.3381748,156.1268646,82.69335629,7.387355856,79.53639875,107.4024534,63.51516544,231.4910489,ssp245,83.78292997
2024,9,33.26197533,43.33527663,24.67954726,110.3617614,27.56969154,60.18593279,27.71790694,19.51008934,21.979518,ssp245,51.07383677
2024,10,1.881239532,1.291906682,3.004116447,0.363272624,0.010254972,0.773331581,0.142942126,0.146157484,7.933156371,ssp245,0.017477776
2024,11,5.385035709,14.78336113,31.25902238,17.76514444,0.684952634,5.796369582,5.239086117,0.066495471,2.102561371,ssp245,24.89465849
2024,12,9.923609375,12.62406772,22.83713847,1.922690823,5.633621707,20.05623829,0.298460078,2.870505491,5.920384823,ssp245,1.788507159
2025,1,2.300088308,9.888028664,9.38686458,5.46573584,5.197096736,2.770649767,0.430914935,10.24027455,6.562410512,ssp245,0.005114718
2025,2,0.738784264,8.187651977,0.048674627,1.525501409,2.313729279,0,0.012035814,3.060538031,2.141519217,ssp245,1.387633111
2025,3,0.607837356,1.586619371,0.487303821,0.005694516,1.113779271,0.425534263,16.22190616,0.347779924,0.541514763,ssp245,22.76037537
2025,4,0.394878116,1.086983777,3.82594912,41.8181074,7.403536299,10.18771198,32.84006485,2.776141822,16.91256813,ssp245,0.446350261
2025,5,14.2867121,13.52532753,7.120534789,1.615749473,21.27862812,27.10565112,33.80478924,13.00126891,68.01773927,ssp245,2.251201467
2025,6,23.40561964,169.820547,15.45078128,30.1790728,19.93213162,17.80170449,44.7026283,17.34135138,25.89149171,ssp245,20.7261283
2025,7,24.10129774,216.9897739,320.9713923,44.95031864,69.91126785,129.5779168,119.8672589,36.52103457,23.64126285,ssp245,103.1039727
2025,8,25.44783665,58.13471222,85.75445236,125.339944,30.42187932,124.7930322,335.0616726,95.02271712,56.88159019,ssp245,217.4661293
2025,9,68.6738086,10.11998266,51.09945149,14.61084773,19.4078873,68.74007631,23.37902395,11.60108254,13.47108183,ssp245,37.67651276
2025,10,3.525686009,68.86476584,0.555760537,41.10037578,1.896126657,0.735579421,0,0.01185527,1.122302979,ssp245,8.104495553
2025,11,13.80147859,23.55104894,0.902905109,2.582505696,72.37242325,2.19010639,29.21318922,1.313255312,26.49433842,ssp245,7.539339356
2025,12,2.065935448,8.441998604,6.0144413,4.015972284,12.08778557,1.039075672,1.127118029,22.64869559,4.791723266,ssp245,3.219163436
2026,1,11.16140393,35.59708604,12.54168694,8.054041179,32.93565094,0.60604597,2.145307193,1.658551934,1.81219041,ssp245,2.025564411
2026,2,10.42170757,0.924346648,0,0.008666452,4.953492727,0.302940709,0.154263531,6.265260308,0.018307097,ssp245,0.056584534
2026,3,9.557301457,6.882720501,0,6.1606135,5.279896583,0.083234791,4.463958049,2.975261511,4.378768245,ssp245,0.350044059
2026,4,10.2376275,1.656624384,2.064913153,0.976229772,0.236091227,4.594443377,3.516623852,6.890481904,16.75270192,ssp245,0.341970128
2026,5,19.45751749,6.871541409,4.519025294,48.01978309,13.68923414,6.85852376,10.38691693,12.50716075,2.409702226,ssp245,2.691784277
2026,6,6.352580412,29.23002674,5.104175299,13.56631209,7.849522503,14.63152736,7.029374455,135.7110659,8.325884001,ssp245,4.940032053
2026,7,25.10655362,61.61708815,35.16998721,13.42255851,9.550285962,176.9136277,50.7876746,152.3971097,26.72488019,ssp245,132.7082304
2026,8,33.87770691,8.345009568,74.94176714,54.64677597,32.55375212,175.5036207,119.0233456,69.94820862,193.8961276,ssp245,58.754604
2026,9,46.56503126,13.82896031,18.00847405,13.85678953,65.08918019,68.22677098,73.14620769,35.01042441,110.7693338,ssp245,22.66975536
2026,10,0.263901129,2.7141568,3.676526434,1.330577339,0.115103901,2.700784507,0.270758374,5.429772899,1.999375761,ssp245,1.642175109
2026,11,5.68455582,0.310017936,2.163319535,2.654348063,14.65206184,2.350738603,3.188555078,18.69362733,13.84677688,ssp245,0.19886707
2026,12,1.959233273,2.543539476,0.847944271,24.36337597,0.850978752,3.180530086,22.34019469,44.77765762,2.550748321,ssp245,3.574704
2027,1,0.431626879,6.244936662,1.654519608,5.945470581,14.06682028,6.314743253,4.433960836,7.202258536,110.6991078,ssp245,0.049334805
2027,2,2.175889187,0.711719182,0,0.003717889,0.178483338,0.014696851,0,10.67466405,2.076767731,ssp245,0.386717864
2027,3,1.368681739,0.110196579,0.023519491,0.017860866,8.526054418,0.333839697,0.049457298,3.760848324,2.826174592,ssp245,0.336072232
2027,4,2.746386649,15.88803733,0.41529648,41.2946626,0.597713309,14.32053805,3.810607263,1.122949902,14.28975542,ssp245,18.6770038
2027,5,16.20998494,3.457492192,1.375928262,22.71541737,2.972810334,11.75568245,11.24551541,29.63354747,0.588176643,ssp245,12.24833048
2027,6,5.533232886,24.49714017,21.17272614,10.13180662,85.72503109,3.267847619,31.23058973,51.86882606,8.043581637,ssp245,61.28996379
2027,7,82.73929342,52.33432513,82.45014936,34.89698371,46.8285922,49.7860488,18.42765543,49.19107549,157.9238832,ssp245,38.46999859
2027,8,23.00501209,254.2987947,123.3498729,28.99767469,59.82903597,136.4399908,100.2469125,19.80341133,329.669073,ssp245,112.7793033
2027,9,20.0872588,61.46844946,67.91953352,101.9921208,14.06525883,59.65419703,18.41358683,27.15382933,153.6898447,ssp245,17.74129026
2027,10,9.02100096,3.17E-04,4.320699654,2.296184371,5.739939787,0.808550672,11.06839967,49.63643003,2.741851899,ssp245,12.65414317
2027,11,15.11233885,4.822730968,1.223442996,0.294285966,0.079859404,1.65886698,0.412903735,27.73852178,46.28829017,ssp245,12.94933394
2027,12,1.308109313,3.704228112,11.21263574,5.973684551,15.20054492,0.117576803,104.2478366,3.580867387,1.358051717,ssp245,7.680102269
2028,1,34.69741023,6.226919603,5.717144838,7.454807526,3.995468792,6.272120715,6.323584816,49.56356869,0.860747905,ssp245,56.44653386
2028,2,0.033801605,1.986896399,0.069674439,4.022997894,3.123652137,0,35.97872979,2.382121975,0.605862707,ssp245,0.551823289
2028,3,2.532770016,0.219363482,0.086035974,0.298923199,0.94761588,5.322842469,1.765838988,0.597237756,20.97645451,ssp245,6.807330188
2028,4,11.65801051,1.499997397,2.14533059,4.199254366,15.22901486,10.78242965,21.18484461,4.241405277,2.362434481,ssp245,1.274502813
2028,5,32.27784248,10.90872352,4.052411731,2.164573662,9.05000169,21.60807278,1.949311447,47.21321196,4.842175707,ssp245,2.131700989
2028,6,26.8000264,117.839359,16.72111854,13.17050581,2.934021821,16.26214775,28.06992517,67.78632106,11.3701204,ssp245,42.48546704
2028,7,57.21536456,97.90712845,83.94040382,44.64169499,6.845448081,23.68176111,86.63088612,63.14977239,68.7868586,ssp245,148.7359011
2028,8,36.14443102,76.36921698,128.9070007,25.40246291,79.63867044,42.77836523,55.66108507,86.55387804,178.4349353,ssp245,103.6965533
2028,9,78.60441795,11.18114918,14.19507477,83.83536476,14.91611114,61.97507205,89.99384323,18.35507521,63.85544181,ssp245,17.81489623
2028,10,9.701095299,1.213489341,3.159884044,0.006111909,0.010934393,40.68519669,4.158082861,1.662876036,0.558425129,ssp245,1.44884005
2028,11,0.635390913,91.39288613,1.401279042,0.102538688,0.608494464,2.340771397,1.556352268,9.137807266,7.920961161,ssp245,1.017230966
2028,12,2.631199758,8.986699044,0.873782446,4.622749029,0.960738407,0.833411841,6.200868665,0.892247709,9.171725314,ssp245,1.210242355
2029,1,1.53472169,6.196366444,6.439068965,3.467779849,1.789927734,15.81914541,80.07615903,8.336645022,1.17461772,ssp245,0.149297823
2029,2,0.326498435,3.749111131,0.137541473,0.719176123,0.010891413,0,21.27805162,19.67350738,12.72974434,ssp245,0.27551908
2029,3,2.48E-06,0.135205665,1.53022843,0.289812279,7.102435726,0.01151216,2.114213398,1.123088295,1.00624354,ssp245,13.16991726
2029,4,3.776320622,13.94786615,9.335818476,7.088916888,14.85076928,0.265092828,6.649534092,3.250038285,10.95017902,ssp245,5.620190589
2029,5,34.05879318,28.17980342,14.17198165,16.64575898,30.44066601,1.688824564,6.880039923,73.13524371,0.324987243,ssp245,4.109427415
2029,6,14.59440934,17.24503345,10.27280308,4.240816174,91.95974012,8.603446103,3.906614478,41.22898529,19.57283365,ssp245,40.73162073
2029,7,10.49692645,93.11553511,58.59707761,77.70899531,20.10060188,59.93316147,99.20255039,127.6044468,84.54058591,ssp245,27.20049528
2029,8,50.79566958,178.8908764,54.90571523,281.2668965,53.59224353,90.18286974,95.49434037,272.7962969,89.53939287,ssp245,35.01949906
2029,9,25.56909098,77.89742259,57.89808141,52.03482337,28.57355787,44.55291972,53.31197195,51.89104322,14.4456085,ssp245,34.3513234
2029,10,18.37050655,167.8390743,3.117036111,0.710385156,4.669801865,17.22553978,0.894397139,3.744926582,1.117837291,ssp245,3.211884331
2029,11,2.477184292,22.53425785,47.23252707,7.181920679,1.77690319,16.80591089,1.909595732,23.22647036,1.248193422,ssp245,81.17936893
2029,12,14.41293404,3.456774391,4.519531788,3.387758029,8.497063892,0.239986182,11.20669774,5.974766077,77.59941776,ssp245,49.39829721
2030,1,20.79753241,0.452031602,7.929779174,6.963908766,13.10717005,7.700083448,13.73159657,3.580719701,39.29448448,ssp245,74.86376165
2030,2,0,3.026531968,0,11.68130256,2.322957878,0.007581801,0.08479281,0.040548818,0.909686254,ssp245,37.32894817
2030,3,8.369435619,3.247907982,1.223640395,0.660314291,0.163724971,1.561657378,1.202291582,0.057795827,10.67613552,ssp245,1.521547654
2030,4,6.33294382,7.276777296,7.850497198,0.099008802,25.70959039,0.019992436,5.099123445,6.477432149,4.470093923,ssp245,2.482128646
2030,5,9.619463801,39.34364587,3.154956072,11.22187388,19.89874899,2.417829844,38.219436,11.09633417,10.87310501,ssp245,47.63933084
2030,6,20.06678385,52.02475578,11.8155819,3.060759622,8.776820804,33.58780433,25.10532868,16.00840651,24.77312996,ssp245,33.95316286
2030,7,116.2907594,183.8810328,62.53863713,7.464440316,45.89332809,76.72603939,153.3918687,86.83178538,6.148597523,ssp245,29.51502537
2030,8,16.8045489,163.2163922,84.21221533,162.108903,56.23627655,132.4504198,265.3759946,36.82724439,58.22837412,ssp245,173.3307165
2030,9,122.5111593,57.8392196,24.70729232,18.75691153,33.86760168,27.09913531,44.66568037,26.99235039,109.7239836,ssp245,78.29880009
2030,10,20.81022925,4.29579312,0.501087962,1.085193431,42.38849931,1.803133372,0.048647711,0.205940332,8.735428686,ssp245,2.43330311
2030,11,25.63860779,0.810935562,1.272195292,28.07975658,16.86904483,0.11159914,2.45348755,0.003881724,0.07848898,ssp245,0.197009781
2030,12,8.860072196,4.186422421,8.456651528,4.095550961,1.697287777,2.735113458,0.316765559,5.69014501,5.864498554,ssp245,0.318556582
2031,1,11.24651693,2.24094212,0.263824284,10.9947294,17.28949936,7.663708533,3.098222635,8.726393366,0.249618809,ssp245,1.59652342
2031,2,1.596070344,0.965534411,0,8.246818954,1.063695662,0.032821036,1.09E-04,0.555319532,3.776271088,ssp245,1.215891513
2031,3,8.56821844,0.147865268,0.004175094,0.370050806,0.214202035,0.119342817,2.81E-05,0.139097929,1.436386163,ssp245,0.091082534
2031,4,23.21189983,9.540693943,0.010006571,1.921670361,2.659524028,1.163346756,12.88318575,2.036847067,0.444725074,ssp245,6.849640477
2031,5,43.19662259,6.48006241,3.883028958,29.2074809,17.7491742,13.79812494,10.66807491,3.433512621,2.283843289,ssp245,6.853883798
2031,6,10.93430626,11.45317137,16.41445012,1.923094133,5.694749063,3.746675542,27.27228312,30.6624393,14.98134794,ssp245,85.47911501
2031,7,12.04358516,81.6341362,49.14025122,28.52497913,59.01965872,65.30521117,148.5637955,105.6499906,130.1597408,ssp245,311.3460977
2031,8,20.78431913,79.90698959,97.71660811,87.3570076,33.47072099,115.4880114,140.0467245,110.8269841,220.5915157,ssp245,124.3379544
2031,9,9.479662495,90.33404424,22.82621248,25.21532498,12.06028953,19.68096377,50.75482027,24.38615286,13.39444174,ssp245,85.13305259
2031,10,22.28392014,7.633161421,1.49514179,33.98592959,4.344754928,0.187149217,2.956739529,4.037569235,12.73666475,ssp245,0.030097598
2031,11,0.381913091,0,17.38568437,8.836234605,9.950897561,6.184819155,34.15693068,22.90545992,2.088615155,ssp245,1.74E-04
2031,12,0.911326145,1.487833633,1.03584827,40.43516735,5.478836877,19.9991909,1.099288375,0.381510631,33.3950787,ssp245,0.604205658
2032,1,7.121745167,14.78632529,0.399417851,17.31403035,7.21363133,5.273479564,1.600007273,3.281541798,0.191642259,ssp245,1.646016951
2032,2,5.015317466,2.367404364,0.002911591,1.694902102,7.892532999,0,0.341914381,0.665780253,0.688796934,ssp245,0.115625431
2032,3,6.15E-04,3.17838464,0.11900756,0.084245895,3.212030382,3.091009296,1.465125147,0.324444617,0.810033058,ssp245,0.024263935
2032,4,7.900957392,6.724292313,1.990662023,53.3181609,41.51344296,3.175318651,16.37537867,11.71988454,3.682654565,ssp245,45.66795863
2032,5,1.898636335,6.758770842,2.105120396,4.856982305,17.00727377,11.73523328,6.271122579,19.19177425,11.23352579,ssp245,4.437366259
2032,6,35.53776915,21.65290654,8.522378722,61.77676453,9.530496628,12.49909234,19.86360157,55.28587719,17.45793016,ssp245,18.19300448
2032,7,52.42025261,54.02391419,63.03521279,208.0443233,46.41805653,35.18496015,27.99018939,71.71203613,95.93616399,ssp245,68.91709596
2032,8,88.03227071,138.4387809,63.0970806,30.26057213,64.04664884,41.0994386,22.25302585,62.13066911,189.263317,ssp245,41.46864056
2032,9,31.92070406,9.941389303,8.700138205,18.02016529,9.00205213,40.52099194,19.64331192,18.00903145,14.01095148,ssp245,11.29386052
2032,10,18.37939605,2.481722918,4.030098135,0.005548407,0.426900781,18.66893868,30.2186858,0.087748735,3.427654359,ssp245,5.519294308
2032,11,1.169797941,4.020844967,21.28309322,0.535255268,1.650776385,0.384623091,18.01456761,0.977771598,1.405788776,ssp245,4.822268445
2032,12,0.549896522,5.786530599,68.56296489,6.500384058,1.397591154,1.074434455,52.4822155,12.70012291,2.452808438,ssp245,14.16124475
2033,1,5.305204703,4.706689121,42.73205824,2.728271938,0.14173564,3.046370557,46.39174909,3.550853209,9.946808594,ssp245,3.496874205
2033,2,0.088491665,1.042696699,3.40E-04,0.138523279,0.013056648,0.085644664,4.935747966,0.058272797,0.742312359,ssp245,1.422882878
2033,3,0.269831344,0.080555537,0.019169977,0.463895193,0.467752193,2.490203682,0.520208562,1.324380753,6.051678897,ssp245,17.17735762
2033,4,1.55648534,19.33267279,28.46530153,11.7874457,4.403766983,1.339943526,22.4910126,24.81302739,0.437204772,ssp245,22.19700359
2033,5,2.014084321,17.26219292,13.35757758,1.188738779,17.27823569,13.45053423,12.79688184,8.971114332,14.3995319,ssp245,31.23978346
2033,6,37.76368468,46.47018476,19.30572809,41.76433202,11.32937483,0.463650274,57.83018659,14.06971889,9.100632742,ssp245,41.9443089
2033,7,183.2350688,166.1367509,67.94810961,292.3669534,8.352359856,59.92801071,102.7544041,44.62361538,100.2580692,ssp245,43.0328758
2033,8,30.29040051,154.7729367,38.42227528,174.6114284,140.3094853,82.25539871,117.2378075,39.36340892,126.878514,ssp245,121.2133463
2033,9,3.384978264,56.88514398,35.3573,80.16342317,20.75104683,7.43916427,34.57053563,26.02420558,5.471162439,ssp245,20.57581045
2033,10,8.557649506,0.375111337,0.285767172,0.478430735,1.631296313,3.598636398,0.826495291,2.228935913,3.639204786,ssp245,0.170265704
2033,11,0.162669555,6.558294904,2.581201496,3.30213003,42.31438137,0.002472724,9.192184241,2.67142057,10.44940543,ssp245,32.90194858
2033,12,0.106593989,3.52816363,0.659711047,7.049880038,44.15836848,1.578867554,2.274442125,3.974842008,6.702616478,ssp245,10.73066951
2034,1,3.878081084,12.18671785,0.005947731,46.78967853,15.38487208,16.81689204,2.219362185,13.2995089,7.674840561,ssp245,14.43630528
2034,2,0.016289153,0.083003305,0,0.294889601,0.514372059,0.102905256,45.96097892,6.041474207,0.088371349,ssp245,0.983039696
2034,3,0.488308725,1.931132315,0,8.779894168,0.387236073,0.012520638,0.288353807,0.267943262,0.21617731,ssp245,1.413852372
2034,4,3.757420524,7.274634943,0.532755273,0.26541378,1.433660152,0.455076236,34.54218083,0.340110138,6.33503165,ssp245,0.007125857
2034,5,62.74635668,23.0582994,2.225476247,5.963403644,26.12843559,3.195287205,8.833335853,5.639369567,12.2817646,ssp245,2.656676037
2034,6,22.84190583,8.640274078,55.38523082,13.3859893,14.39909251,12.09662424,25.70571532,10.77467249,18.17849531,ssp245,25.02939028
2034,7,35.6780097,80.26148572,47.80917067,66.67542677,27.52448448,183.5366227,50.01859657,26.65360131,57.39330399,ssp245,50.94988955
2034,8,7.407152638,81.27147618,57.75925458,48.28477662,66.76598792,166.4289483,246.6072381,60.83262756,313.9857618,ssp245,171.8697267
2034,9,34.89655834,52.22082156,44.31464357,4.366967214,23.55537689,43.10437488,20.55698795,37.93573103,25.27474181,ssp245,128.1305332
2034,10,4.518472835,76.67547513,1.106188921,2.757345623,1.193889352,4.896956192,10.16416978,3.166225194,0.669155338,ssp245,34.07542721
2034,11,2.279264255,23.06027891,13.35998178,3.372877932,34.47882098,9.324165082,0.004306158,1.51587639,0.595426242,ssp245,44.36799535
2034,12,0.278812404,10.80536485,4.396063816,9.182232784,0.12092857,18.05196184,2.57E-06,15.64790873,0.369188379,ssp245,5.413786123
2035,1,0.820251027,14.0461941,43.16337719,4.399480721,3.650064261,0.866856983,0.249572124,23.78826026,0.025794788,ssp245,0.012246477
2035,2,0.214555371,16.12683052,0,2.332038005,0.017527796,0.273274596,0.748687692,0.576923118,0.227032954,ssp245,0.065670293
2035,3,0.175984384,1.960116625,0.318003453,5.833761295,0.760006618,0.001952859,0.22312592,0.217653821,1.092511859,ssp245,0.023858193
2035,4,28.2785981,7.008343828,3.292404901,59.89998162,51.30200089,0.999043399,7.937078865,22.66017995,0.049344262,ssp245,2.31E-04
2035,5,0.993904008,16.34406347,6.088893236,1.950474894,15.81870342,35.66449004,9.059565901,12.82901461,4.971494555,ssp245,4.884074665
2035,6,19.62522952,85.66697652,6.290751739,11.3418116,23.16073654,39.45147206,1.928933208,65.60911594,46.53620378,ssp245,15.78841397
2035,7,151.2199803,97.10692582,73.4078152,33.88673489,43.65828095,59.58897019,46.18477946,35.59522047,142.7126696,ssp245,41.53092142
2035,8,49.69726809,110.5714747,35.03369257,57.05688375,4.336521981,27.19900134,76.20061761,489.1028495,222.3872148,ssp245,37.25576556
2035,9,14.34577449,223.1018408,19.7883469,47.26840255,5.253438878,22.58229887,51.01596063,74.54602934,57.78641501,ssp245,41.48449199
2035,10,5.768796163,4.465768334,0.107688548,38.34978905,14.67614503,1.698928789,0,2.761717906,42.21236667,ssp245,21.47039621
2035,11,3.789882996,17.46850864,0.134135946,5.546273814,14.68199549,0.674350929,0.005356344,16.10149092,13.59408084,ssp245,11.07868638
2035,12,10.36945826,5.952008307,4.521814172,24.23103084,1.954806349,0.39124089,0.007187193,13.42990149,26.20936371,ssp245,5.71408621
2036,1,7.892791117,0.735240437,29.37748991,15.52067921,1.548219537,18.02963594,118.179421,15.04195812,0.075031059,ssp245,2.544047652
2036,2,15.7506789,7.687242124,0.113662974,0.234869025,0.024830589,0.055958379,5.212019357,1.123095886,0.28061545,ssp245,3.124690849
2036,3,18.06038185,0.803787555,0.59421472,0.284196326,1.357033763,1.310454912,1.793207827,7.71956444,0.263500146,ssp245,8.027477438
2036,4,12.72346758,1.903456465,30.00600555,0.058465591,8.921806871,2.807947662,34.18065664,11.68790366,0.044606887,ssp245,9.550894554
2036,5,0.427933036,13.42396176,3.594302456,17.4315582,38.90507085,4.360468588,22.45536616,5.792019241,32.67177442,ssp245,7.627145831
2036,6,30.69655647,31.04011872,30.19741268,25.29363777,1.947036997,32.37846812,163.2426798,23.19634017,13.73424955,ssp245,33.36783495
2036,7,117.9449095,93.1701153,80.13301081,140.5947304,23.2559256,20.78762524,35.86592892,29.81770322,63.54908987,ssp245,66.50887517
2036,8,86.17162698,89.2404934,144.6686955,53.56166819,65.82889274,95.42955935,68.77369767,34.98029187,183.5231938,ssp245,166.0502406
2036,9,88.42531368,73.79358513,50.02392896,27.31845254,52.37128556,41.41829643,36.52037648,23.25736196,19.85264146,ssp245,50.41862071
2036,10,15.16463204,2.315429919,5.032479832,2.26E-04,8.023732485,2.699777495,4.150569231,6.295889373,22.88198553,ssp245,0.847892606
2036,11,7.256553688,5.00E-04,0.376642155,0.046655946,11.1211921,19.65434512,11.11144967,57.13538261,8.209396325,ssp245,18.36405684
2036,12,19.0401979,1.465934593,4.564478669,1.851492272,7.19266574,0.363344773,86.92125596,38.64798129,1.31440956,ssp245,0.915420139
2037,1,1.312939128,0.215461995,3.408402806,2.900657827,0.082576182,0.559998165,76.79318192,12.23471731,6.156853549,ssp245,9.89826245
2037,2,0.940541583,0.143259166,0,0.345995859,3.580272271,0,2.13E-05,0.732826852,0.755649585,ssp245,0.378766494
2037,3,0.696083265,0.002151444,0.10105626,3.489981385,0.155368707,8.222533442,0.031493202,0.066210221,0.302688967,ssp245,1.014338782
2037,4,3.15865842,1.658278023,0.116495177,44.76040156,1.477552348,5.299465471,28.77222076,22.81653677,2.286402571,ssp245,2.334564507
2037,5,16.04158406,0.651812752,4.802460538,13.15916715,12.7067261,11.38100148,13.16188784,20.3471636,10.8164966,ssp245,31.80727221
2037,6,15.20911513,35.19573715,29.97597776,4.766062146,18.15075761,16.71927228,21.67102436,56.80355207,36.47497666,ssp245,10.83814318
2037,7,11.0428542,45.83148253,152.2109101,10.55796242,37.9708873,30.9789676,91.67634421,180.8800987,163.8737983,ssp245,46.13463703
2037,8,33.95516615,116.3202348,39.97083168,31.88974488,30.19543901,137.0695399,99.67806658,219.5516812,92.3331516,ssp245,89.70341293
2037,9,25.47353099,28.93315111,20.72286421,47.65817915,60.04191477,48.80790334,40.652736,65.24297117,8.995099467,ssp245,134.4296332
2037,10,13.67376074,12.59824659,15.86337502,7.483001239,2.606638739,1.404083368,42.02095806,2.118192839,33.8681311,ssp245,38.10554894
2037,11,25.54261822,42.70739016,1.014744442,9.24053422,2.178969608,8.253116034,9.235108735,7.949984542,1.410251899,ssp245,13.73230595
2037,12,0.147366421,11.63626722,44.49914216,3.454043407,14.95562435,3.665891115,54.97783153,12.30992164,12.63726161,ssp245,31.76307212
2038,1,5.109846607,6.116421846,3.835129347,42.8917795,0.433516956,10.70405637,9.884501195,0.20068853,0.372922667,ssp245,85.12966616
2038,2,30.67317364,0.442233876,0,0.945509983,1.340855398,0,2.443644336,0.136890077,1.532397204,ssp245,14.30638811
2038,3,0.8493344,0.727044981,0.169461396,0.866429483,22.23083106,7.22E-04,3.486075816,0.667479068,1.034936089,ssp245,9.986268747
2038,4,56.94577137,0.036013079,32.23118601,17.20056629,14.21869482,1.85891702,13.14553528,10.26578261,0.692992006,ssp245,22.87915649
2038,5,14.03700091,13.99779959,6.269371354,36.07706552,0.738729819,19.50122927,15.43957721,11.75661495,0.661486737,ssp245,0.744575355
2038,6,29.78550865,34.33993244,18.78504408,12.66503739,14.59592768,28.320042,16.93876879,31.85314228,15.66659202,ssp245,20.86575279
2038,7,114.6806063,30.26354299,44.95873304,28.19819537,55.1620454,48.65998424,67.75728714,24.96708174,90.04599416,ssp245,62.04385368
2038,8,90.63252418,29.63915256,49.32587342,249.2529895,82.85597811,68.52986555,16.55484444,83.19646814,173.6230179,ssp245,175.631655
2038,9,17.87981433,8.895756736,60.94139118,43.28483221,89.26580358,27.17356427,69.76662893,10.18835852,6.365523529,ssp245,78.14112952
2038,10,16.69199541,6.146842423,1.721831199,3.520990344,11.95176541,6.139627883,6.60268084,1.01E-04,4.559458824,ssp245,0.511816097
2038,11,29.17442653,48.15782553,4.930947803,3.078623139,39.13182426,1.769439797,10.79449167,2.400298094,12.29463212,ssp245,1.599749389
2038,12,6.28505062,13.09954928,0.271719926,9.078453329,8.231780106,13.37429323,4.567502417,13.61560867,29.84389643,ssp245,6.178522785
2039,1,31.95013144,24.27179012,1.369102881,21.65349318,11.53633831,0,16.34182374,11.8830498,27.27383874,ssp245,0.322429588
2039,2,19.09163535,2.723462342,0,0.519163223,0.011978503,0.019249912,3.799551516,0.367556256,15.90531512,ssp245,0.006843197
2039,3,3.425610793,14.66674607,1.087205569,1.687128243,1.903536219,2.412698633,3.423514819,0.017439105,1.345765247,ssp245,0.078274728
2039,4,10.76250267,10.30021005,6.987677607,32.7733692,18.43931696,9.065761709,30.02203654,9.450491362,6.373093423,ssp245,1.825221379
2039,5,3.744279177,12.130323,15.25666651,2.174014471,2.79E-04,4.3431751,67.78494083,2.671341764,4.379538722,ssp245,5.504452396
2039,6,23.92999479,37.33231839,24.10237388,5.177494469,21.19133046,45.5214848,15.38059217,19.37560531,2.805086347,ssp245,49.81916019
2039,7,138.8114141,94.27145954,186.7872349,240.3924221,34.00541435,29.70495694,210.3653075,40.49995962,13.41869423,ssp245,235.7037583
2039,8,74.20675661,128.71819,87.17576149,98.91149791,46.05212981,108.4725315,250.9266469,30.61281837,162.9014175,ssp245,99.56146971
2039,9,36.58434511,17.53687982,42.81804811,127.6451161,24.55783069,16.09602211,116.2539508,26.49203501,33.07346905,ssp245,160.5260764
2039,10,30.5770882,2.551450119,17.8031611,1.325928354,0.108218154,2.35E-04,3.792407004,8.08209597,2.861541093,ssp245,0.514630232
2039,11,6.636608876,12.13765254,1.105837444,0.62642688,0.411575959,1.908750054,0.080031442,3.227900205,5.9373647,ssp245,5.583646812
2039,12,0.048809843,16.95956426,2.87026359,0.991020712,9.65670478,3.002002295,0.646297278,2.171548152,25.90111504,ssp245,0.025606337
2040,1,4.586774909,4.130696583,0.465277499,1.603238989,1.191506556,0.557773239,0.094148463,7.709919982,0.003052835,ssp245,5.887025032
2040,2,0.058922493,2.072004667,0,0.001182159,0.841568212,0,0.008482499,0.02022085,0.264991634,ssp245,2.366192661
2040,3,0.377467897,0.03140081,0.010330721,5.925656114,1.965479236,0.774058874,10.38053107,0.18431713,0.050400336,ssp245,18.86129031
2040,4,0.940723184,5.133655218,0.396755756,9.861570457,21.43109454,8.955437982,25.47995419,9.251831779,0.076473049,ssp245,5.83816617
2040,5,6.917174478,9.370244008,8.951523032,33.78363753,141.2403314,15.43756437,0.286884145,3.71321518,6.938704288,ssp245,7.437068461
2040,6,7.09579492,53.04118057,20.07536231,51.96393838,3.613642965,54.79244141,5.734579863,32.93833341,15.53372466,ssp245,17.36226375
2040,7,20.43241164,11.53091096,49.47741803,23.81846392,62.06439263,39.6344594,352.5030303,4.15602139,32.23337003,ssp245,79.09064736
2040,8,29.35881625,289.3332829,76.85904667,17.94210145,20.5775297,149.0281005,266.0221943,28.68272201,220.7398564,ssp245,96.76151632
2040,9,33.20315981,18.25982817,34.14809553,45.19935546,24.00626447,148.7235662,38.73570369,8.40222111,33.54836249,ssp245,28.53333033
2040,10,11.35840545,0.112026032,9.361943416,2.012293579,50.43734353,2.531379279,0.352550404,0.795011295,25.69253563,ssp245,7.613980549
2040,11,0.566821557,0.928684923,7.701360989,3.10652359,14.23693209,14.84654964,38.50132304,2.286003292,3.1528895,ssp245,9.97273003
2040,12,2.193715176,8.031109223,23.92911417,2.272366115,13.90582626,10.14513315,1.684696731,19.78036188,26.85816965,ssp245,25.56258962
2041,1,0.129768108,6.920299782,40.18960164,1.790660626,0.06767416,0.588844048,0.378841227,2.854065875,4.927063738,ssp245,1.671511544
2041,2,0.590059225,0.311839061,0.002840879,8.785233815,0.01451365,0,0.020397784,0.13405031,0.1237858,ssp245,1.187231878
2041,3,2.897252117,2.666553949,0.603777922,2.07740573,0.161936794,0,0.399296442,0.771193913,5.904183846,ssp245,22.71473249
2041,4,16.93868056,7.411795008,11.72205484,48.24641184,15.78126028,8.920134164,12.6744458,12.04956804,5.226319135,ssp245,3.880890976
2041,5,0.778137823,88.44717561,2.941837318,88.57383982,4.376560482,1.845214325,67.8369815,1.874955894,43.58140769,ssp245,84.84393117
2041,6,6.885915073,14.81398597,15.6785781,4.070860398,10.90601598,11.46595283,35.70786008,34.8340588,7.909782723,ssp245,11.67106352
2041,7,11.74688622,110.4884404,48.45275113,319.3358393,101.8804146,195.1689367,161.510262,63.30515025,95.65022816,ssp245,240.7772555
2041,8,23.42060223,189.7191862,74.16493614,176.3982691,201.2555761,133.9714959,138.5192698,68.5288499,220.7496684,ssp245,171.9531873
2041,9,9.22085925,40.63744899,18.00016289,126.9929897,11.48600029,21.43259124,36.14696309,46.15758683,8.698523955,ssp245,13.84862792
2041,10,13.60378046,17.27120911,2.006422214,2.766692456,0.002131052,10.02417688,14.69082275,0.426371718,2.83235677,ssp245,84.11478859
2041,11,2.543022151,16.65458966,1.564081383,0.028167176,0.380150744,3.941421722,8.380451562,37.28765574,4.544380613,ssp245,52.1019081
2041,12,2.3017337,21.69247256,4.903948979,2.155377512,2.008065624,9.529959823,36.79338827,31.28598777,12.79500658,ssp245,32.13654103
2042,1,14.77273658,5.07055324,3.068177853,2.871650851,1.136675688,13.23490083,2.873507585,47.4612423,2.440622781,ssp245,51.0831228
2042,2,6.570787998,1.627063686,0,1.587470053,0.13274136,0.054245235,0.059216533,1.328053565,1.426863784,ssp245,55.17304969
2042,3,0.463933762,0.271167958,0.005958057,1.411268393,7.76E-05,0.259391539,8.889968431,0.188801711,16.20783249,ssp245,3.645298323
2042,4,4.947877726,5.027735088,4.868249418,3.712233308,10.10525754,4.561335399,2.188156519,18.94367108,8.955958518,ssp245,29.18420652
2042,5,28.51265851,104.2802208,0.084118413,2.179515587,4.416586642,20.63721887,0.569582548,18.49232342,50.60592589,ssp245,55.64239912
2042,6,13.78101006,10.76122331,30.80680411,1.998863826,4.67057643,8.140862625,12.20287193,42.65233315,23.17260287,ssp245,36.18713966
2042,7,61.82500454,205.8146586,86.72320345,105.0894329,23.70081851,32.43505546,69.16179271,118.3278459,32.38523276,ssp245,44.42594628
2042,8,18.12738472,135.0045074,70.25432737,52.7374324,48.38367328,192.4435409,54.37734173,47.43284985,39.25363645,ssp245,146.1229411
2042,9,40.50576591,46.69368086,52.65967683,59.8796481,44.09468929,43.10459587,49.07718392,120.1912736,28.40778648,ssp245,43.64289892
2042,10,15.35752729,0.675959068,6.869182261,0.079417609,1.923072508,16.33413846,0.01928448,1.636689041,28.2363426,ssp245,18.14646165
2042,11,12.1726234,5.133292515,1.86433425,21.49224981,54.69790257,0.126669527,17.88138779,2.364510766,2.264201531,ssp245,0.970527656
2042,12,3.628891869,4.170700616,0.617371738,11.65337794,5.474877275,0.689671066,61.22745935,27.27358089,5.916135994,ssp245,6.528592041
2043,1,40.046196,5.673468735,3.035330734,26.07341284,9.574907383,4.40116138,2.617345919,0.097593182,2.743221593,ssp245,8.189398874
2043,2,0.111844809,0.200021875,0,0.398933416,1.298159583,0,0.110333283,3.144382233,0.357239744,ssp245,0.003962192
2043,3,0.325039601,1.495544542,0.347502665,2.02357959,5.420995142,0.031772056,0.092076552,1.738160248,1.03431967,ssp245,0.117333143
2043,4,16.80517413,0.052141787,4.89159486,6.859449118,5.666358732,3.07854319,6.437283634,4.706140382,2.577920718,ssp245,0.142516314
2043,5,5.347672724,13.95836305,1.056188776,73.88166107,8.011672134,26.33436904,115.8985212,29.96536667,30.86732972,ssp245,12.33578933
2043,6,53.27418433,16.49866682,27.54386526,9.126935136,56.77300995,9.880133992,90.44215966,41.84349221,5.047980382,ssp245,56.16154383
2043,7,51.55613492,91.9606731,49.94260072,45.99800933,59.03921371,106.9953326,36.5111408,67.75687877,31.11138306,ssp245,178.8563726
2043,8,98.90493518,162.6698107,70.30801905,145.5720361,30.22536231,158.8770808,189.2929457,25.72553156,30.6444314,ssp245,60.12410901
2043,9,85.90406618,29.56248361,12.62582739,27.9871638,11.41513051,92.83236144,49.75254089,32.79207349,18.38296903,ssp245,64.17076494
2043,10,0.008262999,73.30790731,5.326006653,1.262878293,1.566751639,0.690670496,55.66021295,21.86087982,24.29991844,ssp245,80.79883903
2043,11,2.775609892,2.383404177,15.78162453,4.186415646,5.828505734,5.70055694,16.1337114,55.0815284,42.38943397,ssp245,9.58E-04
2043,12,2.263175426,4.109942884,84.09266496,38.54520306,3.706621406,0.981235154,19.33993292,9.470863478,9.287743327,ssp245,1.79E-05
2044,1,22.86870838,9.754822589,0.031248022,2.887797849,6.780540528,0.349648036,25.67534821,6.98722601,3.449528844,ssp245,0.574582294
2044,2,11.75156086,0.824567589,0.001086569,0.678287789,2.231161352,0,0.308491489,2.77919204,0.103316906,ssp245,1.65779103
2044,3,1.742898763,0.043521986,0.048773173,0.042915493,0.428110361,0.018093638,0.360043902,0.259424525,0.277380846,ssp245,0.932977123
2044,4,3.552668273,8.353623807,0.750429712,8.095860457,0.51204378,1.354148687,4.798918199,2.544518884,2.073580467,ssp245,0.575392099
2044,5,39.57505535,17.4891028,4.823627035,2.996048195,15.1269404,6.211849795,2.400391398,11.60699323,0.072287556,ssp245,2.18863295
2044,6,26.64103909,37.584881,8.396959037,1.364686379,7.788894888,17.7630833,96.6585287,13.67323723,8.627905562,ssp245,11.75078096
2044,7,61.37180487,80.93005339,22.66406492,181.2975487,16.04681457,165.9385461,97.35268146,33.80067357,78.53143838,ssp245,142.3461386
2044,8,24.24835153,121.2927228,68.19404164,142.5320101,98.37275302,167.0485571,16.72685248,90.12753852,251.5259763,ssp245,125.1634774
2044,9,79.55957061,79.22531686,11.72313896,22.12134658,4.058401549,48.13603031,45.63906331,27.39884581,14.34953613,ssp245,17.88186307
2044,10,2.034182823,0.554441491,0.400574835,3.40E-04,2.219064126,0.648095001,1.463226823,3.518820438,0.363828658,ssp245,0.038012885
2044,11,5.373771617,2.83E-04,0.284832371,6.467069509,4.739931787,2.910736381,5.261785219,87.3390059,17.37856988,ssp245,0.002618796
2044,12,2.697328076,3.073448679,1.010516403,21.09209226,10.25102895,0.104199882,0.682103612,19.93860371,1.959250386,ssp245,4.455736023
2045,1,6.357047331,3.212634231,7.184160761,0.46196944,2.227240072,31.0906613,10.69467162,14.77008553,6.700635902,ssp245,3.647792524
2045,2,8.071950469,0.121055109,0.183366726,0.346410214,8.458894567,0,0,30.45987609,0.128146309,ssp245,0.235234331
2045,3,0.701124456,0.186392186,0.211937497,0.357869303,1.260072125,0.003068696,4.14042876,3.77661963,1.490745388,ssp245,0.246100641
2045,4,9.917548785,56.14481345,8.664724052,53.38729005,3.731253494,1.354678739,6.894262604,41.72363142,4.803416236,ssp245,1.88114216
2045,5,28.21401283,17.30255423,8.029595078,0.100146509,44.40997429,3.565335812,1.407222592,62.615697,9.697518732,ssp245,11.56248901
2045,6,12.44953039,20.08838738,4.713769815,1.694049376,14.40367773,21.20880422,17.7938879,39.59614507,3.307508765,ssp245,25.25215977
2045,7,40.39776762,49.18668386,38.01776005,127.7851884,61.32674317,76.61249557,108.6316409,53.81965269,84.16951689,ssp245,12.59682264
2045,8,28.80910283,29.78882613,28.93826065,4.458368333,7.419504924,83.92012686,141.4965853,83.78534603,96.33887887,ssp245,29.75545378
2045,9,14.71424607,49.41276975,15.69673163,5.462738877,21.6932348,5.717330627,144.1273739,30.5205243,20.83328846,ssp245,30.76463643
2045,10,12.24168253,47.81978346,7.200694215,2.47344952,135.5640695,4.749941045,9.051010311,0.218593318,10.73892735,ssp245,10.33042782
2045,11,8.558900473,17.6185557,0.80777002,26.77825256,15.30615349,18.48986405,1.80E-05,2.687332365,0.434671441,ssp245,8.826754416
2045,12,35.48434688,0.144896455,2.883061321,0.420946402,28.60783608,0.553786172,2.432890743,0.792249516,0.091803083,ssp245,7.08260457
2046,1,32.03000378,4.052760756,2.046601916,1.15689539,22.15828699,4.170113961,0.147520744,1.180133804,0.080752413,ssp245,6.252757574
2046,2,14.37256161,0.306381623,0.117556314,0.120068353,5.207522396,0,4.41E-04,2.446388572,15.27884639,ssp245,2.99817279
2046,3,0.069501693,0.042079788,0.428198192,2.469729844,1.339532493,0.051271465,3.347345829,1.870166104,0.584622146,ssp245,6.130779704
2046,4,0.054847505,4.651572562,0.09621093,18.39343779,1.796560486,16.75810191,48.71170996,27.58248086,61.07337967,ssp245,45.59096115
2046,5,8.829622613,10.59413197,5.695015401,80.28988998,2.485102988,4.754670499,18.55007093,8.543241878,15.44717608,ssp245,84.05789921
2046,6,6.143707695,32.44058078,8.786344261,14.16188676,1.48962668,46.43123132,5.323523724,5.159424598,8.692311594,ssp245,139.4456991
2046,7,24.65834075,37.04718395,157.5510187,7.326546274,61.55368283,44.25692188,137.9677156,71.91387998,56.80359283,ssp245,137.3581307
2046,8,64.64059891,47.18211219,79.79445048,40.34944736,22.33054256,87.8251172,358.2940722,21.17476196,279.6782769,ssp245,250.2551121
2046,9,9.847837658,15.98874534,34.6067541,60.09925211,14.0495152,58.78545194,9.715217815,137.0300318,13.47411368,ssp245,47.791383
2046,10,4.948050921,5.013277049,0.171084779,0.856693165,13.25014925,0.694531553,0.737690171,2.83E-07,2.051104658,ssp245,107.8608337
2046,11,0.344403714,21.86272213,0.98087844,6.48E-04,0.867388398,1.422106281,0.138571189,3.842225609,0.002328331,ssp245,1.263849418
2046,12,17.19771212,0.515422524,1.440415363,10.24710376,6.932718153,0.077652876,7.020533247,13.83238812,10.5208828,ssp245,9.896669516
2047,1,1.920303068,0.636904989,5.294320607,14.47962897,26.4883603,3.665529178,16.46813292,2.954103821,2.082232243,ssp245,41.45323086
2047,2,3.415829608,0.394965974,0,0.132111369,1.311498739,0,34.06239932,0.491569493,11.08876557,ssp245,14.19230341
2047,3,11.16896986,1.968259829,2.72E-04,13.00359435,0.038343815,1.836371976,0.101044969,0.125620757,5.110957276,ssp245,4.087334145
2047,4,1.234618682,13.03611824,7.321647338,14.2356645,8.052928411,0.005598141,23.12837843,0.003838558,0.456554497,ssp245,39.65538478
2047,5,0.831597646,21.5334761,1.570454167,26.67400331,1.133303033,3.948326533,34.9799907,0.368665752,2.493013674,ssp245,39.53655178
2047,6,13.35957204,35.31049229,9.903561262,4.705626497,105.8259676,16.63206631,10.55003591,7.522798869,5.346190251,ssp245,20.09087959
2047,7,110.9269199,70.98379749,36.03515157,40.99491763,25.41217376,309.0585588,192.2387234,91.17527507,73.64197667,ssp245,88.15563022
2047,8,215.4851352,202.0601854,40.85037206,84.16257127,98.50145433,172.703178,84.9280472,123.0088559,103.9383048,ssp245,55.14103514
2047,9,38.30877781,4.828993083,40.87576121,22.31418167,11.7335576,46.70129849,65.32113561,13.11983835,54.1166124,ssp245,57.0453863
2047,10,2.753989874,1.149665591,8.232008151,0.569432955,3.13261054,6.192844128,29.65503833,57.32851448,14.95623438,ssp245,35.10041864
2047,11,12.39567323,5.517700517,10.82650125,14.38266275,23.70452321,1.781424842,0.291658453,4.746082821,0.27594829,ssp245,71.08791432
2047,12,1.491425645,0.386317022,1.531888846,12.23442051,0.610906254,0.064936212,2.229385369,79.5622023,5.690907781,ssp245,16.4762873
2048,1,5.641397833,16.60799492,7.941123598,75.24601464,25.54826614,25.77784388,4.065536175,11.80998329,102.3049809,ssp245,24.5673376
2048,2,2.344925873,9.513365941,0.001074691,0.199981128,0.821920537,0,0.134357681,5.821342111,5.422506345,ssp245,75.65842988
2048,3,0.009316464,0.001075914,1.061657932,0.114270997,0.009425243,0.457736102,18.49585697,1.152776328,0.284190879,ssp245,19.57744271
2048,4,2.257281375,0.18851817,23.44884891,40.58984365,19.58496893,12.68870843,2.433572217,22.12076951,3.857371047,ssp245,6.339950458
2048,5,1.41076007,32.0844116,6.416215296,2.533677313,13.07594846,7.646138942,23.90421472,34.56793181,4.304801816,ssp245,38.18373684
2048,6,41.47730226,62.03585604,50.81306626,21.80415349,22.19686769,21.58406913,1.407502128,49.99042985,16.99326505,ssp245,40.72889804
2048,7,47.1551958,269.2922343,28.42071419,96.02629314,81.6582728,83.49091271,124.1706427,53.72717067,39.8615408,ssp245,82.92014182
2048,8,66.15020863,213.5914387,58.18774525,35.41400762,88.23568179,140.2539551,14.81880996,176.0071075,249.2752256,ssp245,58.70554265
2048,9,38.87933751,25.2580065,28.15458871,46.99013386,16.99623341,12.17521458,19.18371548,93.48494231,21.95886134,ssp245,38.35013757
2048,10,4.766732,1.014629,9.05844593,10.55741482,0.001945278,2.365472913,56.52553694,0.938919036,31.24535953,ssp245,21.11586323
2048,11,6.551539722,1.749052246,25.89315887,6.367275036,23.35378109,1.991851764,20.89536409,2.244005445,3.829894571,ssp245,3.976265373
2048,12,7.749547129,4.565404298,1.021597861,8.706690136,16.67512845,6.909568254,5.573074897,14.40507062,5.571813288,ssp245,3.31802616
2049,1,5.402093932,2.5253397,6.514887593,13.94057083,0.912244369,10.60832001,4.263581767,3.869961593,6.973999326,ssp245,4.80231745
2049,2,5.807488217,1.833637267,0,7.597048936,2.894978705,0,3.022611177,1.387883486,0.346470363,ssp245,1.114434635
2049,3,2.575365532,0.384878157,2.170301997,1.792811509,4.324666262,0.014284466,2.71419993,0.07385977,0.161587921,ssp245,0.176837217
2049,4,8.651011075,1.257381773,3.394658673,16.04583626,28.34101641,9.075754026,2.992221479,29.64410033,15.74005286,ssp245,1.719300468
2049,5,14.88195207,3.142497804,13.81130381,0.739336,2.274596047,30.74304358,5.81103196,9.260215991,5.91468979,ssp245,3.977100722
2049,6,18.17955397,27.64518266,5.100833605,43.44440462,18.08347685,24.15952099,9.819027202,10.15031654,8.61613313,ssp245,37.55189622
2049,7,56.42603781,178.1574042,20.35722283,136.0485234,41.28670158,121.4651346,52.7025223,17.21203448,25.74939935,ssp245,35.49212613
2049,8,285.7472553,102.043297,37.43424438,151.7493169,16.9198085,67.99029248,334.0405549,110.6407125,118.8749934,ssp245,87.04429955
2049,9,9.035331739,76.4351952,26.02898561,74.72827821,22.01561803,28.79214382,45.40353799,34.94722408,18.27506987,ssp245,63.57960087
2049,10,0.522966319,5.904831208,0.455898463,0.416165295,0.063792091,0.721827526,0.656935919,1.807527295,23.64662516,ssp245,2.600222393
2049,11,1.540175895,25.93269183,3.700601337,0.543715804,0.937675352,7.317721943,0.10277624,6.390942614,73.29281649,ssp245,0.344141868
2049,12,4.409282423,67.92958158,9.404246681,3.994546362,5.050643751,19.03224435,0.359862732,2.192301971,31.40056303,ssp245,12.33918453
2050,1,1.179266079,3.006087044,1.823557128,5.338991901,2.576730603,5.362343815,8.967540359,31.80576542,9.613895399,ssp245,32.11908046
2050,2,0,0.719604827,0,6.418245886,0.457267883,0.011996809,0.002187444,0.448306308,0.299003526,ssp245,1.70556283
2050,3,0,2.25289124,0.009888143,0.748487343,2.426982591,0.473731811,1.012258307,3.103063025,0.10091885,ssp245,2.666675271
2050,4,0.077125476,13.13667074,6.868504923,3.374257345,31.50050138,16.99506872,1.45047275,12.3653532,0.085394696,ssp245,3.148952102
2050,5,3.946309513,22.59157907,2.077852162,3.358753595,11.34188214,5.310092409,5.04751473,33.8410206,16.11256009,ssp245,8.575479433
2050,6,63.95681203,8.378682769,4.521459887,42.78645279,26.75374396,45.53217362,22.73050717,42.0487255,5.758527839,ssp245,31.78195565
2050,7,191.1841349,102.0155357,42.58564063,433.3998069,72.05871974,163.3569945,42.59886086,38.51864592,74.14402081,ssp245,40.27950776
2050,8,29.42519454,105.9058504,100.1690349,152.0064994,64.29089522,101.5407818,135.0291972,46.82824362,225.8364508,ssp245,116.6714389
2050,9,43.00401863,53.85365946,14.33022229,26.92196104,181.7362193,14.35145132,7.858762368,46.72077734,10.23386017,ssp245,136.9445584
2050,10,5.851174639,85.94909084,1.141150003,1.098848097,0.002591607,1.275732585,7.227580943,2.637477824,3.619148298,ssp245,25.86025101
2050,11,22.21576434,3.728930682,8.975662592,8.031861619,3.90614422,6.06047801,0.122178445,0.243293995,52.11317183,ssp245,0.531865925
2050,12,37.80902293,6.273719703,0.788794474,7.493834236,5.051691687,0.208586641,4.840529425,17.69654886,23.47409926,ssp245,50.91351549
2051,1,13.61255515,5.768679534,2.69720807,5.154815883,4.64702533,11.74958477,0.521035266,8.532202828,2.291094261,ssp245,33.96944372
2051,2,0,7.285051556,0,1.427627044,1.141325034,0.195595316,0.0531306,0.021794225,0.466029834,ssp245,23.38289886
2051,3,0.165244723,1.710614471,0.089523831,0.218206194,3.66652601,0.579634384,2.620793053,2.114542272,7.061733697,ssp245,15.28031825
2051,4,0.842131216,2.5563128,4.133362576,1.168732014,2.963895999,7.536121787,27.22547817,38.63020944,44.91685337,ssp245,8.690106944
2051,5,2.580807989,2.814427442,8.343008283,4.232803259,5.624051943,10.78567606,2.885391507,11.80261967,11.69306916,ssp245,14.46327282
2051,6,26.38168098,7.143303728,22.63153674,60.80187059,12.99682902,81.31593429,27.3221374,37.02464558,2.545841534,ssp245,78.06221606
2051,7,54.47148614,160.7089431,87.11381758,42.91907296,73.69129772,46.41234499,157.8964761,195.7754419,89.08278319,ssp245,110.2828616
2051,8,171.6730139,219.0676932,60.20289259,277.2344947,28.97644327,117.1838682,156.8783306,34.55438616,238.212248,ssp245,112.5821706
2051,9,66.04970123,39.64122576,43.45360903,17.83406577,21.28862893,61.80379237,53.19554188,61.59273562,7.5662827,ssp245,12.20674551
2051,10,3.655203432,0.289622149,0.88525148,0.745955813,4.25003696,0.725563379,0.080778121,0.198159541,4.49434243,ssp245,4.013948045
2051,11,13.89660459,1.547319358,0.463286065,1.099232382,0.527438679,0.087947271,0.001165071,1.484378195,17.34204242,ssp245,127.3106186
2051,12,9.633760854,0.441211557,0.733925761,0.523185381,14.03261126,1.194369483,127.7185352,2.121892904,3.165197105,ssp245,31.94020774
2052,1,11.36583102,0.165381834,3.448439915,1.993129466,4.273579888,0.029471587,0.102173981,2.765532195,0.029256537,ssp245,6.376248937
2052,2,0.263773213,2.58007898,0.087905999,1.397380121,1.750994565,0,0,0.481107339,0.023915033,ssp245,3.006875937
2052,3,0.399732312,0.071358772,2.612879446,16.5108926,2.75045799,0.325424649,3.557218949,1.044091798,0.069066375,ssp245,1.217394347
2052,4,12.32321077,1.00380291,1.552777148,6.930646382,7.67881716,0.538158852,35.88284775,1.6552989,29.73722623,ssp245,11.84173214
2052,5,8.92431489,1.21442727,25.84946084,6.257646761,5.511960936,1.003571335,5.569360849,1.992549532,12.28526669,ssp245,5.753328515
2052,6,36.57828218,76.67086843,9.930059308,13.85994697,17.87158221,10.78359205,30.46102974,22.47734799,10.89967524,ssp245,27.19105065
2052,7,61.68207126,331.2092476,54.88684734,40.89163085,11.68167686,23.8789812,37.90172119,16.11395532,2.872624711,ssp245,256.7322436
2052,8,51.60374221,274.7232061,34.05522884,310.8374314,42.23175651,270.5464558,81.76167347,66.25765395,101.5829251,ssp245,164.7163134
2052,9,11.29031385,83.03540951,4.525821705,23.03365022,4.659454279,122.3167262,16.47424631,16.13672334,23.48482325,ssp245,50.88583713
2052,10,2.327622604,0.649957182,9.830661701,0.007217685,3.179125972,14.1443657,3.066076034,0.501242667,2.915751277,ssp245,0.592299919
2052,11,5.448864142,0.072268351,2.870816169,0.255104158,2.476458708,0.259634378,0.285558274,6.608492413,10.76685843,ssp245,0.218812898
2052,12,5.993973836,6.217110023,0.1595697,7.382984547,1.871265152,0.24694301,1.400600456,2.69173112,0.276842609,ssp245,25.37629177
2053,1,1.210731524,0.20271398,0.107912886,27.20445429,27.99413652,2.213382509,25.53685547,0.588641972,0.557362663,ssp245,19.84068647
2053,2,0.003817063,1.594421359,0,1.017661007,0.162362469,0.018111812,0.002517413,4.265138204,0,ssp245,5.686301887
2053,3,3.269817878,0.085465561,0,15.18082906,0.784926724,0.792617327,1.72486902,5.060845636,0.998598294,ssp245,0.006996186
2053,4,1.75E-04,19.68925145,5.484047841,12.52632926,21.65786817,1.580253249,7.303210528,10.20464762,0.172851826,ssp245,4.116774639
2053,5,17.1198207,49.26801582,4.49616086,20.40440337,20.51775573,1.165589528,3.300688525,29.42224392,4.307415857,ssp245,3.267288399
2053,6,28.0015054,11.70017363,13.91087657,7.73118262,92.75972613,51.29233544,8.087250609,41.5892865,12.64660346,ssp245,3.73344123
2053,7,121.1190452,172.7909435,43.47217659,50.53887831,26.0896876,172.2909649,40.15655589,7.05736922,44.98705961,ssp245,86.19899546
2053,8,35.12725597,126.6838433,26.98519647,196.8617586,44.26801329,425.3127649,92.80880722,105.2463381,141.9729298,ssp245,62.15270717
2053,9,33.90065556,39.01604313,40.44667949,45.4308539,10.95019617,35.72969731,7.230698405,8.882079071,40.99646297,ssp245,6.791000347
2053,10,17.25795252,50.62576272,2.245590559,0.071230364,0.451132348,0.712057807,46.40851161,11.74293055,0.454588005,ssp245,1.320914611
2053,11,13.64034431,46.26035564,28.55183502,0.002279074,1.738938269,0.176519165,3.93490013,49.5568095,1.859697787,ssp245,0.881320668
2053,12,12.46736393,34.70767463,24.84149981,8.43774847,2.086487176,0.833921398,48.03870766,2.186221225,5.701157362,ssp245,11.12277188
2054,1,4.282170287,6.600256541,1.495951278,43.75425625,10.871223,2.235316339,0.50786834,8.076597942,19.29276082,ssp245,0.600330207
2054,2,11.9844215,0.677253798,6.05E-04,2.244765753,2.0320885,0.009799835,2.539322419,0.765345736,0.052677755,ssp245,0.625976485
2054,3,1.195675181,0.095029104,3.932612427,3.1825331,6.20180473,1.887861529,0.163825124,11.70774807,0.02982412,ssp245,0.02804921
2054,4,5.31660391,15.22552437,2.207531686,0.060810638,13.73826223,6.368210124,2.50552325,11.72672603,1.032754565,ssp245,0.128494864
2054,5,19.62386433,26.54302072,7.052524499,9.0787723,29.47401257,0.62484952,58.09708994,10.65059152,2.406537144,ssp245,1.200552662
2054,6,10.12547229,85.13166522,17.88215369,3.145683281,37.93230747,49.51810138,7.853949892,26.60116401,8.842114192,ssp245,59.98491149
2054,7,145.7698905,97.43189311,75.59154781,209.8714086,33.96207242,190.6798592,49.51118198,39.3742407,59.90869139,ssp245,81.13596485
2054,8,54.39078561,55.46491422,649.3884233,118.6894338,67.76520766,106.9357939,118.1647871,67.25132536,115.6354614,ssp245,133.8994088
2054,9,12.17951104,32.84291963,12.6432615,57.79543188,7.732283769,10.24963039,24.94968258,90.87356139,12.10055953,ssp245,51.7463629
2054,10,22.29000201,38.93435408,0.427048957,10.77775524,19.36350189,0.580895868,0.507541749,9.07365314,6.79590764,ssp245,7.103384331
2054,11,10.74924381,4.19968419,0.984443801,4.313743284,7.681760439,0.10190063,0.357252613,1.623532145,1.062181145,ssp245,19.50213655
2054,12,2.819323408,0.693511085,7.047336473,14.25882977,7.186346828,23.08693381,43.10094255,1.183039263,30.0954691,ssp245,8.482944747
2055,1,6.282477994,4.193848591,4.849848987,12.22856046,2.362551159,1.399829833,0.201880525,1.251974441,2.89138896,ssp245,8.735759711
2055,2,32.30537171,1.381477439,0.119360778,0.00100046,2.350951311,0.045097801,1.2008984,2.422909068,1.113170957,ssp245,1.389952192
2055,3,0.522159191,0.86829784,0.799801203,0.193566925,0.021484952,0.130341371,1.098124404,0.04470104,0.595285966,ssp245,8.920916939
2055,4,3.917971748,4.471505842,0.009041478,11.16424909,0.665315111,7.300558273,15.90819816,5.118937657,0.110737969,ssp245,47.64616541
2055,5,6.969847936,9.58873413,21.72883437,13.03042874,9.884364843,18.12954685,40.40705854,1.258361432,9.963780611,ssp245,53.57097484
2055,6,37.44270561,2.621710572,7.723211775,5.962781959,19.6665248,34.84168013,33.69638935,8.36656157,15.23209559,ssp245,31.21274989
2055,7,153.4513643,110.602931,35.22088926,144.4063814,94.35795485,66.83397507,53.58381147,26.78698411,22.73532113,ssp245,33.67662465
2055,8,139.0039156,45.013912,42.43502668,199.1287112,38.17308371,31.29286473,46.47179118,16.22879722,165.0312155,ssp245,26.73572778
2055,9,12.94628857,125.8214773,23.30983062,19.24875409,24.52304781,59.11692515,27.91360346,56.10936706,17.87367479,ssp245,15.00186665
2055,10,7.907034991,1.457126198,4.310592581,2.215311546,1.306311548,13.07184508,2.033616429,3.138597193,46.39320295,ssp245,15.77694565
2055,11,2.594208466,5.413129746,86.5393868,13.57775386,15.75595862,1.332864004,0.076359111,1.85068536,0.111671973,ssp245,8.673126224
2055,12,5.129144588,5.872217554,10.42951438,7.580151103,8.675306884,2.496444608,2.388265207,50.75558349,15.42006583,ssp245,7.457591837
2056,1,1.056262689,0.212702889,5.256037032,11.61457176,13.24539101,0.802252807,11.37131063,2.444672416,2.382208467,ssp245,5.668479983
2056,2,1.053103229,0.149872556,3.69E-04,0.073903656,14.1021081,7.11E-04,2.545898621,2.710361356,0.218008111,ssp245,64.30453083
2056,3,4.431318164,0.140964139,0.443140233,5.862786271,1.971035502,0.684787829,3.564951072,0.036372718,0.732788999,ssp245,20.04604698
2056,4,21.78081842,26.33449912,2.877094918,15.81758195,2.717494769,4.403725888,26.72867833,40.81289608,1.379471775,ssp245,35.5405455
2056,5,13.28706712,24.67440518,9.323322459,25.38035839,16.49950071,22.12672287,60.60912036,34.98886216,9.396888847,ssp245,87.07622285
2056,6,45.50837302,79.85118961,15.54001582,9.847455514,2.841615777,36.21863216,1.129292721,83.27820076,11.89771714,ssp245,96.19669517
2056,7,41.9937228,88.95682013,38.61678506,46.13112096,20.15336304,72.77189145,179.9071215,87.45300523,81.20194009,ssp245,125.6501711
2056,8,95.83943405,79.22054315,36.08466091,81.17654102,36.27970868,129.2716929,57.29844632,55.72671701,159.5336219,ssp245,110.5160604
2056,9,15.89013697,7.549689619,22.49901249,18.46810556,30.50472913,5.671601934,8.036622462,41.68274811,111.3392953,ssp245,39.4123228
2056,10,10.42430708,2.221991035,1.588871205,2.068124861,22.86121854,2.621263454,1.465950346,0.998831943,3.478699178,ssp245,2.282410895
2056,11,2.347581644,0.01407785,2.67158568,9.725367859,41.18949306,0.08460367,9.151690454,66.35140158,12.73256725,ssp245,0.685841183
2056,12,9.872835832,3.599041607,0.144800729,23.34778104,21.43906224,0,2.143165019,19.63848597,69.53430129,ssp245,4.816522288
2057,1,69.30248025,1.633180139,6.31712017,10.05985072,14.97045472,9.116433166,2.105937253,0.880809939,21.42833877,ssp245,11.88397685
2057,2,4.190689312,2.05696917,0,2.658087221,0.374619585,0.010267515,0.192916208,1.590363057,0.549625964,ssp245,3.53477031
2057,3,2.161299406,0.161713705,3.51E-04,3.240746953,3.038909433,1.219520304,2.399216974,3.288264877,3.139163406,ssp245,0.237964443
2057,4,8.204670061,2.72058027,3.356165301,20.06540813,44.86525044,6.761608052,3.451004323,13.30136058,28.06592979,ssp245,0.895139201
2057,5,14.85239819,15.00219583,2.287904407,29.04968177,5.853682066,1.287278519,35.87650678,35.74684942,21.68126547,ssp245,2.79496048
2057,6,9.005097618,11.30821282,9.873682086,1.653825108,4.151701921,28.36502712,22.58864003,30.53154922,25.91172552,ssp245,50.06599248
2057,7,36.87831986,97.25413451,51.04558648,19.29918944,282.5458147,76.14593754,143.1605154,70.07166407,136.0878347,ssp245,85.1260491
2057,8,89.22502646,233.1550985,78.34657175,17.88071953,11.69608385,89.9699771,96.79500489,48.4947464,23.01112265,ssp245,100.4645173
2057,9,95.11184572,95.53502397,12.37325392,7.401177067,29.47256249,34.47826233,33.26537091,66.93662557,39.59922348,ssp245,17.38380203
2057,10,5.671907939,9.473858566,0.395592273,15.81537192,28.7444699,2.697670902,0.539486504,1.33E-04,1.003462103,ssp245,21.4251665
2057,11,4.967812817,73.47962047,4.545837576,0.735939742,0.851840497,0.360847463,5.765893903,0.5600687,0.09117769,ssp245,2.522102458
2057,12,25.35878556,6.165710268,4.088665204,36.90003483,0.119767964,1.725031279,0.148681406,9.722740062,2.17923686,ssp245,3.640756993
2058,1,10.86768172,16.87809911,6.002462597,0.533235675,12.35155033,2.834935248,28.39512839,2.032402308,1.228015343,ssp245,3.896854599
2058,2,3.70E-06,4.912411887,0,2.69110408,0.092381421,0.096058871,1.538308497,0.592442849,0.27524746,ssp245,0.934907715
2058,3,1.807225247,0.162270014,2.56924412,0.350033076,0.283492095,0.608660712,3.879534887,0.01185511,8.427889975,ssp245,0.105738654
2058,4,5.627881033,4.683306973,2.811869669,0.533371834,13.80181183,15.265136,1.45392241,1.497931519,5.957560867,ssp245,3.560185373
2058,5,0.700975943,7.058645561,0.848847445,1.204763386,62.30115608,2.868131359,39.98109385,4.474402416,3.052695666,ssp245,0.541055351
2058,6,26.71205725,15.88706959,17.61637242,1.663594466,6.464386489,23.13159645,32.97751131,5.502797991,4.024726579,ssp245,11.20041018
2058,7,83.32465649,116.8648992,20.48556618,112.0431006,53.35469378,103.7802131,263.9539551,17.12904155,25.56707742,ssp245,39.74110143
2058,8,209.1323576,245.1219403,41.99572141,244.7276684,330.7009679,46.70034951,449.4691198,136.9014998,87.32041926,ssp245,97.36376863
2058,9,39.76507219,47.32245625,8.90003097,27.15965142,24.44265159,54.08889059,74.73734329,37.0589695,38.57249781,ssp245,21.5087383
2058,10,32.2351685,30.40451571,2.708791459,0.004315955,0.111585587,0.37884809,46.44916485,14.33341708,7.843641341,ssp245,2.303764591
2058,11,11.57355405,16.30559455,10.85052758,0,25.39227176,10.28833507,4.626530487,9.091106343,0.59291085,ssp245,0.863923883
2058,12,5.519526381,0.00293357,5.633487805,1.650169823,5.775234709,0.810420066,16.06818124,3.514197492,66.67921716,ssp245,0.843119558
2059,1,3.70642927,0.028735166,10.18283449,0.9236818,18.28290241,3.031196274,55.7995679,8.238884973,2.186449396,ssp245,7.124808947
2059,2,34.61532692,0,0.023211763,0.464915385,2.325634062,1.056258415,33.6267992,3.840020265,1.39385931,ssp245,0.518663105
2059,3,1.942534052,0.750853189,0.014368364,8.789810684,0.477761816,1.213539551,6.310241455,7.459037127,0.062106806,ssp245,0.082233821
2059,4,41.38803667,17.08830439,6.839486304,4.169861219,10.31112784,5.806716429,16.08377939,14.85379465,1.121649878,ssp245,11.0784941
2059,5,12.31713064,5.721702544,5.022171318,0.221428387,13.53174248,13.26788012,2.866188897,34.55988742,2.572710392,ssp245,84.74909219
2059,6,76.20529375,8.399458717,9.801030551,3.983868639,38.05532195,11.25574209,13.10048483,35.20400611,5.863323509,ssp245,21.18180469
2059,7,75.94170161,47.76852972,69.18305447,14.81201074,40.2445533,185.8019539,75.80022881,44.87477017,183.6002943,ssp245,27.42206353
2059,8,35.5671007,84.97632992,56.69900415,86.63351304,25.92017649,145.5071455,59.79596017,76.90836314,273.7998864,ssp245,42.34447553
2059,9,61.39486419,20.73723562,20.08905655,27.64601144,15.08315652,22.72397244,15.40762219,6.24494344,38.13039413,ssp245,26.69502623
2059,10,14.90619193,9.717675469,0.556058583,0.304264837,31.6880753,3.193848313,0.641735992,5.091659021,10.71277699,ssp245,7.780580945
2059,11,6.873675956,22.82867354,28.22857749,0.51781697,6.973773465,43.7656403,0.074716371,1.260050598,0.435618769,ssp245,2.279881093
2059,12,32.95492331,15.47142145,4.519036368,6.673353501,1.871946718,52.46452969,1.464740572,7.421188684,2.48481603,ssp245,11.95071982
2060,1,4.477678244,6.049163112,1.023215296,8.278012798,2.219419906,1.905790613,1.564394421,0.63120994,10.18150752,ssp245,14.82991127
2060,2,21.20563428,1.583850446,0,1.740090076,4.735016024,0.763792862,6.717110897,1.467115851,0.009144255,ssp245,12.35171004
2060,3,3.815601656,6.863481329,0.124176515,1.179540185,4.333047085,4.715680334,10.51189514,0.052596239,0.197668489,ssp245,9.571757839
2060,4,21.3699827,2.672921467,0,13.47717784,15.13663355,2.704387393,19.0846552,5.19008585,6.968857788,ssp245,5.26591039
2060,5,7.150649068,8.664271227,2.923905278,9.55810651,6.808809754,8.165243016,7.581551295,5.555883789,0.422276145,ssp245,33.41218416
2060,6,7.910641908,22.36799508,7.93660443,10.08307719,65.04916423,163.418769,38.33380817,15.00806266,16.10020956,ssp245,13.50042809
2060,7,86.22004153,27.68967725,92.32588216,8.150745357,29.7372562,47.17173528,35.12866385,26.87713845,70.02728315,ssp245,39.92677192
2060,8,111.0346296,82.97240976,36.60570018,147.3053998,123.1111877,278.8252188,79.44569998,150.6154728,143.4472093,ssp245,146.6936206
2060,9,31.33949471,16.61071467,12.57361948,26.30346741,10.74584072,195.8663776,7.400105009,22.00700596,33.76728813,ssp245,79.79268095
2060,10,3.128930485,0.564865984,0.589171485,6.131436255,0.833524964,7.08675415,13.43003315,3.841270091,38.611053,ssp245,203.5804448
2060,11,4.470756477,1.468556967,7.983723708,0.058954324,6.997564453,9.118377796,6.113812154,1.156000146,0.442200033,ssp245,33.09046383
2060,12,11.8528766,1.602244082,0.22977985,7.693017484,3.722569684,1.588265334,0.31703555,37.02964163,13.7059626,ssp245,14.29973857
2061,1,51.03762733,0.313291943,4.480290154,8.474753176,9.694477821,1.877885544,15.09059123,3.147407242,1.916913049,ssp245,28.73393357
2061,2,1.698495914,6.104938222,0.074537096,4.521099432,0.849197757,0.004823786,0.223789495,0.096850367,0.337283073,ssp245,1.221939703
2061,3,0.469142347,0.646101446,2.39E-04,1.551249917,1.902891116,0,11.63883172,1.046467594,0.212612788,ssp245,5.481359874
2061,4,1.506259033,4.919127852,2.31293264,60.02450083,6.721266891,1.25860426,4.246349793,33.68726923,0.047851736,ssp245,0.516328307
2061,5,11.67585676,29.65003711,2.425187878,36.18030561,20.20722619,1.040842901,0.493428207,29.49388844,1.183966494,ssp245,1.837549492
2061,6,16.08598927,2.989760277,23.09772204,29.42330233,7.710819447,13.6757832,14.91329865,37.13586954,19.08755487,ssp245,2.830233757
2061,7,51.46783598,82.98190385,32.18307212,5.623210432,4.657946309,216.0210126,124.2664454,7.661564824,4.592737191,ssp245,20.55640519
2061,8,57.27843697,56.16947192,132.084209,33.53399701,131.4273886,244.0017672,78.51521746,79.73597701,2.31914727,ssp245,117.292374
2061,9,79.17770748,92.95137558,41.33454684,26.26416637,30.24589579,49.75935621,21.2573208,49.410774,46.59962418,ssp245,119.8349818
2061,10,9.898716979,1.184668732,0.434814192,0.066330279,1.318986582,0.98066748,4.412286169,0.048456994,14.79075941,ssp245,38.12836096
2061,11,6.084283065,3.482507646,4.346249929,2.113975333,1.029718469,1.788144467,0.838629032,2.341301866,4.84167721,ssp245,0.130980282
2061,12,3.900683895,7.701113008,2.864825357,2.310144197,0.015608174,8.475314335,0.082903296,6.815886936,17.68362945,ssp245,3.101868415
2062,1,23.64532786,4.958279526,3.346257898,0.83110074,0.330936239,20.79139743,1.44392136,2.440666669,21.44232595,ssp245,9.371547498
2062,2,2.092377751,4.255473491,0,0.300584755,0.563359033,0.003454852,0,27.11120752,0.355998489,ssp245,0.302396797
2062,3,1.653892129,0.220563181,0.384674566,12.67352659,0.754555682,0.198967152,0,1.563559061,11.20722405,ssp245,0.276304055
2062,4,1.01788253,17.77488481,1.902637792,4.663574446,9.302021473,8.661989444,1.274433602,12.30569397,1.990284404,ssp245,28.1765882
2062,5,3.336580876,18.41482383,1.808116321,9.972248164,11.30293638,11.83968889,3.267215718,61.54469957,6.530595844,ssp245,36.71994176
2062,6,7.608343893,3.235921525,5.836424448,29.39658609,51.60028577,13.46421826,31.47331561,20.29541898,5.62311405,ssp245,24.84831747
2062,7,80.49731681,64.21173475,79.96978212,327.3742241,61.34548536,171.3830232,156.7992139,174.9649179,37.8528197,ssp245,137.5546629
2062,8,51.98601298,268.142264,71.92181896,421.804225,36.64076183,109.9088478,262.5704508,74.90421787,77.94392275,ssp245,129.4313165
2062,9,13.07754266,28.34533519,16.61108567,47.44244155,23.31716167,3.855648049,46.01457299,18.44418763,23.88349177,ssp245,71.6236526
2062,10,4.662981493,5.852730574,1.703702105,0.214747665,0.127875399,1.090066087,3.196566909,2.582504723,11.02566277,ssp245,16.10574693
2062,11,0.170103727,96.45759915,78.74039846,3.11E-04,22.58357079,0.326425902,0.074742728,5.076869688,6.18406792,ssp245,16.6965325
2062,12,3.211932246,3.124197424,21.77597198,2.485147315,4.256523959,0.705476783,0.328975218,22.91931985,65.48652641,ssp245,2.187422362
2063,1,0,13.80101741,6.855157172,7.207317958,53.81162606,3.000156817,9.53E-05,3.848817366,0.467543803,ssp245,0.931115262
2063,2,0.011749319,3.024738779,0.003274268,6.087882473,3.928707345,0,1.72E-05,6.473328331,1.044764304,ssp245,0.88196929
2063,3,0.911935516,2.106225068,0.036902345,1.253609761,0.077961863,1.698793071,5.96E-05,2.006482477,0.049475481,ssp245,25.03720762
2063,4,5.236223375,5.516041397,6.936992466,20.31326216,0.119756072,2.562986601,3.300607438,1.002445432,0.19321209,ssp245,9.130001725
2063,5,10.22171624,9.195113453,14.41919418,2.762938547,60.0507895,0.743395251,3.998683684,22.57255232,12.96312618,ssp245,1.686276023
2063,6,15.03083419,65.34757247,40.43824972,8.550694066,8.14188377,8.216644178,14.55363722,14.7646332,13.85844781,ssp245,11.95517419
2063,7,46.84008165,70.28875159,52.27721751,48.43612483,52.688147,57.97366814,186.2553438,8.714686339,88.61026862,ssp245,119.4527749
2063,8,34.30389255,114.5150857,169.2691338,249.1049116,21.6123448,93.87376147,117.0109089,26.89052517,223.1832697,ssp245,95.06833254
2063,9,116.230352,37.86454856,83.27087222,61.43046721,15.81080368,26.50122543,4.925788679,4.76627775,9.995344718,ssp245,12.22339886
2063,10,31.54043184,0.487658197,0.352293692,2.453973119,42.34562478,0.577799536,10.78240795,30.91760845,72.21280036,ssp245,19.7419479
2063,11,0.005890558,29.80783161,1.611182982,8.243299135,11.01715374,4.409258118,3.752886774,18.38947064,5.67884088,ssp245,47.78236507
2063,12,3.289748143,2.923722386,8.132041179,3.873845105,3.856673943,0.254566254,2.41E-04,25.63363437,7.955176422,ssp245,61.96446969
2064,1,12.91937083,4.689287728,1.311138652,3.834014562,4.153138728,0.760452503,0.654428706,7.354096862,15.62702118,ssp245,46.09658232
2064,2,14.26080646,0.225187603,0,0.005174585,0.335579666,0.086314399,0.08884638,0.078412537,2.514733603,ssp245,8.752191479
2064,3,0.896834965,0.5023246,0.888591825,0.043235348,0.998530367,1.188345479,0.36514878,0.418059857,0.97410274,ssp245,5.365740642
2064,4,20.61672747,13.11690676,3.495548799,3.534030061,1.837750582,0.216837224,11.82722695,14.68085365,39.99056505,ssp245,29.36890751
2064,5,68.22936691,10.95898851,7.188048491,2.881451613,2.085978214,41.26517014,27.83078834,14.65708751,7.998821797,ssp245,16.02626604
2064,6,14.23317646,8.651537864,22.30940253,8.573602051,3.629937623,2.973762505,12.83410495,38.92399058,8.765684557,ssp245,12.72461343
2064,7,197.1408553,10.70433889,137.2367905,244.5956891,65.16071001,81.02399594,26.64189166,21.33761431,47.39630734,ssp245,19.90276873
2064,8,185.0806133,80.31171461,73.8295834,111.9915924,129.2013725,63.93035813,342.7720598,64.26077613,152.939498,ssp245,107.7856325
2064,9,3.863216491,22.81117489,14.61890976,33.50407009,19.57942371,16.9672661,10.51544892,27.26865371,60.65351078,ssp245,51.40980368
2064,10,2.002984242,41.13142176,2.663987829,1.315032847,3.762989136,1.065702291,0.00442989,0.559486555,3.362284568,ssp245,0.290869223
2064,11,5.167591735,11.34994225,20.77655075,32.92991358,5.274565625,0.420091951,3.917476637,3.692630016,0.014566168,ssp245,0.125786231
2064,12,5.005219688,51.67205603,10.71574416,3.480297016,15.39407489,0.112461758,18.28142119,13.14170916,24.97801464,ssp245,9.072488669
2065,1,10.36380338,3.139556385,2.547660518,4.636692804,40.34426595,2.273112728,2.161174945,17.19953348,12.59779988,ssp245,3.054099404
2065,2,0,1.374392599,0.058421381,0,0.407603588,0,0,3.853977923,446.2270814,ssp245,2.644047404
2065,3,0.123092722,0.455833636,0.092212251,0.855499469,0.114074846,3.339674254,0.551618071,3.711234958,4.831566424,ssp245,0.143951577
2065,4,10.06194627,6.222323939,3.322574426,8.392681407,4.974267633,2.45253638,0.667207419,16.7617279,3.162608641,ssp245,13.59279817
2065,5,6.672115851,59.05497433,18.60282677,13.41230303,69.96538072,13.03301463,8.229284222,29.95740759,6.592309838,ssp245,4.457567954
2065,6,22.21427363,16.00077425,20.75374189,31.1948391,5.308783097,60.15105027,11.05995624,35.5591948,5.961035814,ssp245,28.98217696
2065,7,52.65021723,48.49720783,105.6683855,32.9175969,13.68142493,187.8728443,117.5399552,24.49087578,36.62072835,ssp245,30.60482512
2065,8,80.82959153,124.7592971,67.70351609,87.58498761,175.9211462,46.49833084,141.4436102,136.6891146,299.7214415,ssp245,49.86188244
2065,9,10.07928734,49.87007944,16.73746696,1.826176227,15.92571857,35.22734062,136.5433024,36.55737615,11.7533935,ssp245,46.10428756
2065,10,8.224862465,137.5320278,0.761368955,0.682906853,0.745425525,3.435380654,41.81500592,6.941376183,15.59732714,ssp245,6.345446777
2065,11,3.376426213,1.76443304,13.83255549,1.737718326,9.805011677,1.191681953,1.019296449,21.09186307,33.89748722,ssp245,3.758853908
2065,12,6.906353922,0,2.851288292,1.590054638,6.377731474,0.007138467,7.814935997,10.66750549,3.003967526,ssp245,69.62067279
2066,1,38.32659126,1.721154521,6.931492217,3.4543533,0.729650331,0.290575746,33.7678307,7.24992837,1.036176533,ssp245,14.38554324
2066,2,6.213031362,0.051341274,0.008525794,17.57694467,0.120386187,0,22.96150413,0.098472438,0.091394754,ssp245,16.28186978
2066,3,10.1112511,6.251723059,9.314554936,0.021983179,2.748345836,0.015127914,0.008833556,3.974448522,0.269258,ssp245,2.564477231
2066,4,1.459968261,8.652896084,5.774931463,2.09418686,4.965065302,0.003875137,9.160188167,11.73213351,0.134684116,ssp245,1.301724333
2066,5,25.61087593,7.901862961,18.08433712,6.255885469,1.500062946,0.308195501,51.4449721,37.22501921,1.46439698,ssp245,3.365556101
2066,6,13.39188718,152.5036127,31.58623007,4.647112528,61.6028007,5.95307252,12.18963088,8.000517765,6.534383365,ssp245,19.59162624
2066,7,116.4807892,189.1278257,43.08242681,66.48994803,11.94999692,185.7687602,120.0228506,210.6780123,8.388908638,ssp245,214.6291205
2066,8,215.3603711,131.8665113,372.900711,205.6910789,53.96591351,179.3909535,76.86897941,307.6768366,127.9451341,ssp245,61.31362505
2066,9,56.66613797,46.26056861,51.27651683,40.46785235,41.09248314,45.35533736,24.76395393,56.33987328,61.06622378,ssp245,23.25474739
2066,10,33.80299138,18.37843223,17.46048044,4.875875714,6.308662641,0.124506928,4.643715855,0.616020278,6.064544604,ssp245,10.40858467
2066,11,3.012416656,6.378914991,9.502402391,9.066239981,59.94788645,0.300791501,1.011155713,0.577103333,20.97355798,ssp245,11.90126488
2066,12,3.118436165,8.702956958,2.265057374,31.47543734,19.66221925,8.020730853,31.76761137,28.71746268,19.56116236,ssp245,1.887107513
2067,1,3.885543701,1.972920509,2.184291556,4.344194296,5.234910262,0.629493444,56.57899193,5.165995119,1.980700458,ssp245,1.132126266
2067,2,3.675610065,0.009456029,0,0.031827727,1.110856523,0,1.758444588,0.002118909,0.040285436,ssp245,0.003889731
2067,3,1.97528727,0.002488655,0,7.6843249,0.04831267,0.092437167,0.406403343,0.355808202,0.39240704,ssp245,0.003766503
2067,4,1.883493855,0.17862883,3.668952277,11.599359,0.085183595,6.185091989,9.331052242,0.773007437,3.223933852,ssp245,29.80650843
2067,5,4.307687946,9.620130826,8.110113334,7.913185162,6.182458772,2.996147696,0.705054314,11.13973108,3.276675384,ssp245,17.60307781
2067,6,24.4326854,57.10871294,10.79735478,6.001020537,8.024747225,18.80415921,11.92825438,21.80251259,13.74385836,ssp245,29.16708379
2067,7,57.19823793,136.8622523,90.22509275,107.8979524,153.4800122,69.47727109,71.91134904,66.37882756,83.59512268,ssp245,206.9838079
2067,8,429.4511121,61.21146733,66.88198542,65.02791131,250.3457233,120.5564304,92.57691071,119.9900272,135.2098109,ssp245,73.74076025
2067,9,62.87442469,55.31210061,41.14871301,54.5950911,24.56246367,23.62021378,27.28081818,27.17765382,58.93300882,ssp245,40.84604715
2067,10,5.194125695,0.002696316,1.092566649,0.337781383,4.918681383,0.61402992,1.477894328,13.4269781,6.271156502,ssp245,1.511874999
2067,11,3.39447318,1.173497194,1.380044471,0.034766714,9.763486979,0.078940579,32.85186359,48.47656467,25.97885928,ssp245,2.531155372
2067,12,10.23017087,3.17915775,0.837477816,1.586505528,28.19457523,7.503022201,0.042307137,2.450313376,91.7846998,ssp245,3.680331781
2068,1,0.43481136,0.726877462,25.19489711,0.946580063,15.15228394,0.342229415,2.78264571,23.8102299,2.918901909,ssp245,77.29064737
2068,2,3.553982543,1.652931865,2.54E-04,0.023580618,0.026315574,0,0.384381021,0.231100672,0.092982418,ssp245,15.31285311
2068,3,8.831797823,1.175120865,0.173710185,1.410638462,8.366098782,0.135982158,11.58827661,1.287718826,0.758972768,ssp245,19.50370031
2068,4,3.053197988,11.34617214,19.41326807,11.64000769,0.830616387,2.106893041,27.41258107,7.617930533,1.059944147,ssp245,1.223713479
2068,5,18.1659331,2.998621899,1.214507803,11.79140658,5.411378899,40.9090353,1.305777086,37.33296805,11.94288489,ssp245,14.8300816
2068,6,111.3767132,17.73249456,21.04935472,14.66820992,13.149566,25.6365273,5.930080241,81.39910383,2.578969379,ssp245,36.09584471
2068,7,18.39533288,39.19931252,115.2926849,157.2525233,6.958126694,114.3311433,216.6764258,61.85074999,75.79960694,ssp245,62.46926097
2068,8,17.59965276,76.77146853,58.4137693,247.7247672,27.77946597,141.1918664,104.5929183,110.6313746,205.5639854,ssp245,281.2353766
2068,9,27.80660264,40.49650081,34.40141863,24.35854857,7.511662921,37.07184256,3.197896435,28.93674686,70.1306608,ssp245,201.9224468
2068,10,6.342727504,1.069122099,0.107818704,3.418941018,27.6729476,22.01913749,4.751517796,0.841592283,1.103597256,ssp245,72.34497346
2068,11,20.36021636,0.439018289,3.323097488,4.031608347,4.349170764,0.907436532,0.198801982,1.83412046,5.844952894,ssp245,2.026696319
2068,12,35.27452392,0.003913535,2.189859772,6.57991505,31.08930479,3.09775276,1.654417508,0.210580078,5.67677454,ssp245,6.283214872
2069,1,47.63985435,20.29146919,1.54443582,0.797506319,11.54367248,2.901259609,1.345622402,21.9441889,2.99160902,ssp245,2.74094757
2069,2,12.30027504,0.283860468,0.006898738,0.054894004,1.125730731,0.117521805,0.004624836,6.349294664,0,ssp245,0.269255298
2069,3,0.356886222,2.090902031,0.337277393,1.113664991,1.976306768,6.91E-04,3.781971342,0.655416384,0.496203399,ssp245,7.98E-04
2069,4,1.785873227,34.10261256,4.264608908,2.512585176,4.676147954,0.059693746,20.97293628,0.700547169,9.319907915,ssp245,1.624331199
2069,5,5.195164029,32.98085055,7.669389265,4.393103512,11.53763196,1.634683893,20.93738753,12.31992789,2.459101269,ssp245,8.620015313
2069,6,11.97480896,6.853846368,14.39311186,5.5919509,2.381314661,48.29687137,16.05580611,19.62059901,22.87630482,ssp245,25.46958557
2069,7,223.257052,177.451308,24.54059823,32.5317911,11.28902101,62.48966428,31.55094835,34.45228292,168.3513489,ssp245,196.4962247
2069,8,42.82838624,107.4296466,55.53142914,69.76524417,8.722885763,130.4731559,71.86316397,31.77587643,88.56976001,ssp245,203.4074542
2069,9,19.4618197,12.14515259,18.35345043,70.60299698,55.06935381,54.28257723,20.79093257,37.30413222,60.27432176,ssp245,81.54018465
2069,10,0.089305885,0.002585767,6.629773211,1.391160883,2.129562185,11.77564506,0.003166203,1.80109721,4.594141464,ssp245,0.091263504
2069,11,11.38206113,1.530179454,65.31797688,4.338636753,6.6944437,0.223053458,14.98691518,29.45521254,2.392181595,ssp245,0.05283162
2069,12,8.767743144,8.44797878,0.219307259,2.806551449,5.254430421,5.498407207,0.950899268,33.55718305,6.836349285,ssp245,0.654399172
2070,1,2.937245091,19.90265304,4.660811099,3.752613231,4.185780787,4.406776875,38.40566117,2.105901487,19.90176518,ssp245,0.070508817
2070,2,0.021711604,5.81E-05,0.002343013,0.022231248,9.77E-05,0.006279218,7.12216813,5.796632805,0.537987775,ssp245,3.509816787
2070,3,1.015484103,0.0041121,1.0628991,1.66553072,3.703970596,0.088904128,2.523669046,0.231314857,0.155636233,ssp245,0.279305736
2070,4,0.042309496,7.248347732,3.196112318,2.284097341,10.89515632,2.152476265,6.001952474,0.796493579,10.77391491,ssp245,0.016371578
2070,5,11.2719424,18.9022909,1.379740006,0.551653947,4.498698553,2.43702841,1.841794251,20.61259733,5.709240403,ssp245,1.578480988
2070,6,38.66045426,9.969208527,7.454013543,4.54753313,4.948435645,77.89485254,4.739044351,15.14718407,4.308755222,ssp245,28.86643113
2070,7,210.9017522,228.4419322,60.6161032,20.66563822,13.75068255,74.43224866,142.430076,36.79187328,80.68192584,ssp245,42.83531516
2070,8,287.3961937,95.35480784,61.64046037,56.32154939,390.9272653,260.1356253,108.4006575,76.90057456,57.27907596,ssp245,47.95452848
2070,9,74.10090672,16.9752979,21.3413538,51.19781734,17.73406856,18.95367986,79.20665633,20.14067933,10.32557181,ssp245,56.29827279
2070,10,5.091930852,0.486300807,0.60514261,0.33594773,0.045778738,0.318124484,16.87184389,1.163585796,1.316708389,ssp245,13.42074349
2070,11,1.99553646,55.26737368,3.140543651,7.425530321,42.85564916,28.85740413,0.627973868,0.673504457,0.327029255,ssp245,17.05466865
2070,12,16.34150582,3.411824569,0.305835846,8.781703284,8.560360337,0.206902665,1.066341601,4.498573918,6.441549057,ssp245,49.02378499
2071,1,23.21132089,6.565117839,1.378741924,0.925920838,16.74405368,0.43408232,7.700964605,17.01737653,3.466047291,ssp245,3.141432242
2071,2,2.000464809,5.487898474,0,0.130471936,3.819928719,0.880683417,0.075765956,0.011025199,2.39E-04,ssp245,1.834398314
2071,3,2.458725086,0.464978521,0,0.64819835,2.058144294,2.013415922,0,12.47014194,29.01576245,ssp245,10.41508726
2071,4,15.98852805,4.636503192,0.364213777,41.06638686,30.69828766,3.811864231,3.54456672,6.919968958,0.144937354,ssp245,5.410067863
2071,5,3.142375109,16.88669877,1.179491877,15.48821734,23.1992779,1.562243651,1.329463163,16.60052433,6.51630029,ssp245,23.1352773
2071,6,31.93425588,13.5696464,20.90465337,6.595168755,26.57467328,21.48239251,4.374481772,6.875201408,10.63150657,ssp245,28.63801666
2071,7,42.39645412,44.58886644,95.56442053,4.9387386,37.82204476,179.6220399,157.1163483,11.15729168,77.26127934,ssp245,43.75955427
2071,8,233.0819406,47.3137478,55.8521635,65.63286139,505.6998552,158.2432954,63.25704922,62.26425513,185.8488902,ssp245,89.07044716
2071,9,11.61228882,39.04938368,35.99888589,27.35185842,5.432614122,55.24160207,41.26849784,16.57296525,35.88433366,ssp245,6.444678828
2071,10,12.8748096,1.310222064,0.276377948,3.266653875,0.004510678,3.513476695,0.879215496,6.912214455,19.29697791,ssp245,0.523536662
2071,11,2.890432337,0.083662355,1.318279923,10.78276509,6.848599155,0.379077391,34.11979087,2.99814991,39.97673417,ssp245,8.187984134
2071,12,7.730876371,4.703229275,7.03826894,0.102796102,1.592949704,10.03642344,10.08842453,8.114045457,22.99575774,ssp245,16.05048717
2072,1,1.560879492,0.251439112,2.1214624,1.695786107,11.55459996,0.376089025,0.247671588,0.345689878,20.90228921,ssp245,87.37172401
2072,2,0.450535838,0.804594961,0.002586533,0.00233514,2.735057181,0.016707676,0.48691709,0.160296908,0.77857151,ssp245,3.237838097
2072,3,0.249056749,0.036979316,0.026325582,23.59045672,16.00052341,0.672517354,3.312540908,0.605335127,0.8190896,ssp245,7.104472473
2072,4,9.221738413,6.908965506,10.8108528,4.625732009,0.947062214,6.82155674,26.90183702,36.00162389,8.784905676,ssp245,30.96310352
2072,5,2.041448991,23.93589891,30.15439251,0.252827053,0.239465157,14.01963509,102.0658102,42.76713935,1.063443465,ssp245,12.37781337
2072,6,6.147556345,11.98561745,18.43714155,15.13052419,21.20470847,3.945073854,30.7634368,26.21171109,9.432284004,ssp245,5.412976066
2072,7,98.23316354,71.43090886,48.29219985,34.08942802,7.085476202,109.1237869,16.67240955,2.465972246,14.34198388,ssp245,56.07317793
2072,8,26.37459111,202.1590272,70.14389178,68.69770625,85.85806084,124.924211,39.81339266,32.42705482,238.2501012,ssp245,105.5750603
2072,9,147.2335196,92.05207046,7.874045573,52.54809004,3.131423796,17.32536025,14.8472397,37.2678887,10.03238972,ssp245,132.4676982
2072,10,21.99903352,10.44412866,0.349512907,0.799944593,7.82987301,0.543300932,16.91253071,1.425688227,33.2649239,ssp245,30.95280921
2072,11,2.826545944,8.737794078,5.353046156,4.400265341,1.288914337,0.134732056,18.43773968,0.298119283,9.67326411,ssp245,104.8409516
2072,12,22.31210215,10.68270166,1.48306801,0.687078508,3.832118525,4.501737506,5.38855213,3.993930407,4.487259698,ssp245,0.467454539
2073,1,5.701571938,5.339417198,7.061968483,15.10616241,39.29007655,0.942373806,1.416687098,20.51883125,1.019045612,ssp245,3.553675899
2073,2,14.20943759,4.37E-04,0,1.701630858,0.010446184,1.00608001,2.869138084,0.53070867,4.71E-05,ssp245,0.009893115
2073,3,7.907941855,5.625082088,2.387650004,0.025735836,37.23049109,1.302509176,0.505850675,0.060501108,1.732028143,ssp245,0.099305425
2073,4,0.013762082,5.22956171,0.702736325,2.609423556,8.322787515,0.280078234,47.77698082,3.984948288,2.55929116,ssp245,3.743644057
2073,5,12.37258619,11.47494446,8.429967856,15.12154917,1.066753324,22.43556376,0.173138805,4.674688721,3.125961861,ssp245,6.873419597
2073,6,6.768188042,17.77003312,36.28276803,9.876917131,17.27864987,10.52387169,4.24471872,51.17529733,15.56186733,ssp245,6.29416926
2073,7,21.48625997,17.55517681,63.57079775,45.70066332,32.50976502,148.5630215,46.32373368,98.07059731,72.87764503,ssp245,17.43381247
2073,8,146.7915566,47.96042529,128.4068492,311.2633621,69.34652697,66.95271568,100.2702763,55.07171744,37.89237369,ssp245,60.51501532
2073,9,16.54757017,31.67680181,51.28824396,100.6721199,32.84869636,32.12364836,39.92767556,24.66509178,14.86058385,ssp245,12.42325424
2073,10,19.68766345,0.07165662,1.02142569,0.48569511,0.359426293,4.283423031,11.19284116,4.914467532,0.174517628,ssp245,0.501062408
2073,11,40.21031881,1.723721151,11.72888667,0.751330914,39.96641566,0.898880549,0.067702952,3.244408692,43.84717016,ssp245,0.012377801
2073,12,17.42831001,0.268888352,27.44231975,4.002865841,13.28567121,0.005159142,24.00768452,35.13795252,0.00162054,ssp245,0.603884449
2074,1,13.80079193,9.118403246,12.31207119,6.577108623,12.31133113,0.372990541,0.926681628,29.49529913,0.234378489,ssp245,2.994007294
2074,2,1.326424503,3.6230128,0,7.177982938,0.051140116,0.001273071,4.398456447,5.324300572,2.532752911,ssp245,1.521060327
2074,3,0.889341821,11.73989204,0.010933742,26.37341245,0.03313439,0.414470297,1.49260726,0.086920374,0.146830426,ssp245,0.234847287
2074,4,2.817523632,9.653484428,1.571760741,26.5559376,9.368845182,3.531715607,29.12710749,2.662560254,1.76695407,ssp245,27.19409636
2074,5,16.2987848,12.75756104,11.61527341,7.907282365,40.4673098,0.020282355,8.927534233,16.41462016,14.9918216,ssp245,8.965404597
2074,6,7.017640385,54.51238827,15.61974604,1.721881099,6.061935986,12.65995212,3.32459387,15.07605561,6.476854978,ssp245,13.84093125
2074,7,23.28461001,48.65158175,100.8789243,97.32877179,10.8040077,148.6908183,77.64307889,21.68819268,216.0616926,ssp245,24.26907116
2074,8,138.6295947,58.19361818,43.78420311,289.6048994,60.13199726,158.5044633,415.7842037,43.05181304,202.5589728,ssp245,82.96756788
2074,9,7.912505796,57.13273208,61.62530839,5.386227691,70.13599202,127.5397316,313.5068071,99.12551164,30.69532522,ssp245,21.58020866
2074,10,10.08127646,67.18400459,1.045818507,0.491548769,1.617652249,11.12928221,12.85364268,4.312314838,3.929109388,ssp245,37.92022334
2074,11,10.06221174,2.589597347,0.73931896,2.424308211,10.45258046,2.502747353,0.400041121,1.453140435,0.032854728,ssp245,91.17970943
2074,12,27.59093185,2.745659337,2.453173836,17.74984844,14.20791056,2.274762249,1.55505186,6.976925363,1.375089753,ssp245,52.98830225
2075,1,4.555039918,3.370116633,1.379535259,5.936844307,5.105761721,7.825769955,0.135533845,0.909179518,10.40279035,ssp245,89.05910674
2075,2,0.002361369,2.180193131,0,2.649597972,3.770933371,0.022196444,4.052507429,19.74331301,0.156546308,ssp245,28.97271067
2075,3,0.551424603,0.017863464,0.004254022,0.233590227,8.993125033,3.882338259,1.31191318,0.017537051,0.575883549,ssp245,9.181268275
2075,4,1.895070229,1.143498419,12.97812015,5.217962795,42.27509475,6.990966958,8.769536389,6.143243318,0.011153589,ssp245,1.116312215
2075,5,34.11649035,7.653192102,2.677035841,1.042052174,66.46816853,0.984371086,10.13177737,4.391153299,8.782674316,ssp245,45.60475683
2075,6,1.775643815,6.27063343,17.50143674,14.24170307,5.86533327,25.19986685,14.1291238,8.799427274,11.75823918,ssp245,18.22555885
2075,7,6.391990425,125.6887081,33.74619766,10.2509432,72.55348405,100.7278203,70.65800951,32.43081423,67.0553493,ssp245,35.39157049
2075,8,83.87426524,172.2026018,98.51576358,49.07545488,57.99227342,188.7774979,402.9887458,115.3729323,198.2261876,ssp245,97.39915886
2075,9,31.18582949,30.96659066,7.145817349,46.31837681,31.66176847,37.50273149,80.30411517,21.49004348,18.05359804,ssp245,34.08073803
2075,10,7.518758387,0.193837126,0.388110982,23.0132346,4.704436603,3.067345547,0.010627393,48.72398879,0.307283865,ssp245,0.38931088
2075,11,1.347261073,1.111797379,9.374712341,58.60457037,1.264629571,6.685622977,44.19398205,14.08613394,1.305479727,ssp245,17.75690362
2075,12,3.399454827,0.240700937,2.298961497,10.77157472,11.17979892,0.733845388,53.09796242,30.91218243,1.844054199,ssp245,12.54451298
2076,1,22.01384957,0.933694226,32.08817828,11.11445747,0.96711751,9.404960351,1.041634427,1.567130349,1.995668959,ssp245,1.065256102
2076,2,37.2058794,1.31306812,0.45761874,1.152886549,0.770455594,0.8009227,16.43999903,16.14204044,0.008894714,ssp245,0.09217458
2076,3,0.103723915,0.006613159,0.006269168,6.303681885,6.339222534,0.616032393,15.19244511,18.09709841,1.971604036,ssp245,0.957831579
2076,4,13.50442888,4.511880398,6.182808971,16.53238412,22.78701873,2.051247373,11.8097024,7.556637297,7.085067469,ssp245,5.85061818
2076,5,8.7148103,17.74546334,1.341339131,15.51420955,28.65264871,12.76113953,9.72215261,11.92343013,17.92605636,ssp245,5.479075938
2076,6,183.832008,11.34437835,12.98099522,18.49905074,94.76113976,46.83284948,4.625128624,127.1378562,2.991741839,ssp245,46.92825456
2076,7,28.71835708,41.21946303,88.72993322,12.56492372,45.50450701,39.52550854,180.0850525,49.75469248,72.36298852,ssp245,162.2351821
2076,8,72.37089788,46.42739171,48.03959037,112.2527805,52.29956567,104.6383043,88.04648595,125.7693595,113.3605466,ssp245,213.8504051
2076,9,4.08852575,42.99230979,18.59645918,76.76691672,13.47163858,32.89677373,17.72139695,18.55835328,16.55051496,ssp245,116.9890369
2076,10,0.01977926,3.648224928,1.518956198,3.609322181,3.310485109,9.859508756,8.536561416,0.342825225,18.90473052,ssp245,0.49116228
2076,11,13.8271548,8.929208138,1.495157007,0.746168306,50.66815306,0,16.90185281,2.744502767,0.37503313,ssp245,0.018361033
2076,12,18.32067862,31.12975283,1.002879204,23.07619714,1.6892407,8.826916163,66.63632665,7.598504466,10.35533159,ssp245,4.847483608
2077,1,0.513498556,2.490516936,1.766704791,2.964080507,2.600590065,1.891037662,128.0491877,9.697555404,1.113567514,ssp245,0
2077,2,10.22066849,1.471605079,0.039634514,1.677490367,18.99286473,0.047730967,0.350379531,0,0.014130236,ssp245,0.222074072
2077,3,2.333854081,1.869158484,1.645256239,1.342365672,2.110814286,0,0.062387581,0.073318024,0.02016827,ssp245,0.969640363
2077,4,0.283307913,15.42227881,1.85024737,65.10454864,6.230430077,0.173047003,4.26423122,3.078306314,24.18561554,ssp245,3.031722406
2077,5,2.90818991,8.670725866,13.89911374,10.18327586,1.772315264,7.388129643,19.24906805,1.603121067,10.75428934,ssp245,14.44742639
2077,6,3.708737165,26.29233871,15.58024552,18.67176453,64.14785712,27.80219525,16.50729705,28.29622441,2.428769263,ssp245,3.336796596
2077,7,67.21436151,84.93858522,17.61343131,22.2137348,13.87577043,8.06054107,93.69787898,29.09941297,3.895906236,ssp245,8.347459679
2077,8,72.01667326,121.6308643,74.34239821,127.4118268,40.02669783,95.98236333,150.3724399,217.3377785,120.5228322,ssp245,34.06708151
2077,9,24.28440109,96.05699334,38.43736097,21.18536553,7.327463459,39.27228744,8.34885384,7.657773195,17.1176071,ssp245,35.35666016
2077,10,7.783872063,5.966890739,6.444918793,2.578737341,0.181861042,0.493937077,5.055561814,0.646011671,6.085663129,ssp245,29.41423248
2077,11,0.48393537,0.821764565,60.89340053,6.553683448,0.299623197,0.538505461,0.028881798,21.23959371,4.313252011,ssp245,1.799117363
2077,12,14.13068459,2.73918637,1.329356538,6.308216547,55.63559972,0.115241274,4.884819221,20.81552968,19.06209346,ssp245,1.120501529
2078,1,3.491360742,1.87285911,3.884810822,7.73552723,13.95220229,1.102657379,2.049537382,11.08970933,15.02952058,ssp245,1.344266217
2078,2,3.123720469,0.177275152,0.00145242,0.074872414,7.540944138,0.010701006,2.14E-05,0.214912089,0.244303875,ssp245,2.339032834
2078,3,9.555360148,2.51E-04,0.572962805,4.427086716,4.560055857,1.125832601,3.208049406,0.452676751,0.068507595,ssp245,0.109897453
2078,4,1.314611832,4.095389531,1.854038433,31.54907463,18.29071113,7.18404647,0.127204491,9.13850883,14.56866789,ssp245,52.58516305
2078,5,19.6893294,0.99279235,4.980396046,41.41700013,2.772166093,3.042492101,0.594614879,13.17279365,0.156395903,ssp245,11.35590776
2078,6,15.69661377,5.393415881,11.69949363,34.54771173,1.832251618,34.67673816,8.385716422,12.00434288,13.81027564,ssp245,63.14067723
2078,7,22.30034282,105.8971438,39.83819028,24.94915755,67.46792553,129.350998,126.9008004,45.11007116,49.51349281,ssp245,20.59548574
2078,8,105.2747664,125.6652881,72.74247348,287.9423838,37.94440491,98.45388508,88.64097815,103.9110419,174.2870523,ssp245,60.60543556
2078,9,4.400720608,48.18421499,87.77667971,107.4517615,44.80514867,22.47313982,40.74218315,10.83731921,12.17136764,ssp245,4.575686009
2078,10,10.85390183,24.30806926,0.470137034,0.002176968,16.60515099,1.375095075,1.038557047,0.662607059,12.5111663,ssp245,119.8142231
2078,11,19.48149384,7.243357967,0.078916472,3.960287038,12.35130972,11.95761482,0.021696062,43.78043616,0.896637081,ssp245,116.4575533
2078,12,59.36802557,21.30418781,2.646368779,13.56470752,17.30876814,1.135591766,0.039037258,1.117967989,3.601892252,ssp245,17.30233043
2079,1,90.42589245,38.14094855,3.213459986,10.1755509,3.376980785,11.2972658,4.07540611,10.74443072,7.244704113,ssp245,4.132901122
2079,2,1.716274365,0,0,8.386733509,1.871512366,0.002615087,0,1.785651969,2.248346885,ssp245,7.339018639
2079,3,1.129222962,2.778161228,0.083281327,0.479560562,1.50E-05,0.003234322,6.814210576,1.642290555,0.051256297,ssp245,2.520791824
2079,4,0.15892938,5.117021839,12.7151737,7.831479201,2.696145827,1.592688691,13.32201741,3.045821435,2.417517221,ssp245,65.94150914
2079,5,10.20689241,24.79063619,1.417853671,27.01528662,6.7936565,1.485965236,10.39981269,27.1306923,5.718965621,ssp245,5.967836999
2079,6,54.16754659,24.92175538,9.033829727,9.002742854,17.71443178,173.284892,50.78117029,15.06211641,10.74650821,ssp245,38.8766152
2079,7,103.2385647,227.2137391,66.56599882,30.32043863,18.48853676,107.8374976,268.8738583,26.74265486,26.67851902,ssp245,57.31913053
2079,8,89.93717656,60.51752807,70.01023665,71.48217959,52.75424961,65.74256304,181.3768289,67.03649146,442.0114767,ssp245,56.31057988
2079,9,10.54262691,80.19409407,26.35854737,15.98355208,6.014152924,9.637644089,18.44994037,40.30591802,82.74581324,ssp245,38.02856056
2079,10,13.48748322,6.414019723,1.033839308,18.62394002,6.271235199,0.579374368,0.014476616,0.049101601,13.14143245,ssp245,0.491975916
2079,11,0.265638418,26.9548951,1.658529013,0.106173922,0.157067821,0.29432757,31.99027096,7.05365232,15.60739279,ssp245,12.7324063
2079,12,11.83403346,0.779560078,11.5180168,4.01292013,5.36915489,1.128402981,4.410991526,14.55294552,9.229517943,ssp245,144.7263043
2080,1,2.335772716,14.23982217,1.628024416,15.66259625,35.73007408,0.788712997,2.391086725,3.168084024,13.99987261,ssp245,153.0104516
2080,2,9.289869033,0.092339043,1.86E-04,3.706949422,1.381456955,0,2.46E-04,0.061617229,0.275495058,ssp245,36.94673741
2080,3,4.676095286,1.227740658,0.018772604,0.010591223,4.5592256,0.142223744,0.348478198,0.54578791,6.49989258,ssp245,27.3927947
2080,4,6.272361748,19.27848038,7.638941713,2.077465565,12.96136453,9.382582305,1.476003676,33.97803797,0.268314124,ssp245,15.89471128
2080,5,1.034239191,38.41944086,4.653251337,0.005295146,0.081835064,17.96316473,74.20888616,5.708742554,1.574487588,ssp245,6.86706266
2080,6,31.60214709,44.03306508,15.17680826,4.319336054,5.454594419,73.76347006,6.902699012,31.79363323,11.53053341,ssp245,36.0014742
2080,7,65.15446006,72.71761299,31.88943242,48.44833726,116.6238287,30.05694233,45.7720932,48.01887568,83.44982061,ssp245,119.7290969
2080,8,331.9079878,116.492,41.0872686,388.8979365,154.6003905,177.5416658,220.4166949,22.39848806,160.0917156,ssp245,114.6431975
2080,9,31.87956568,26.71996694,28.88298671,48.74267081,103.5327062,19.11002746,18.01084418,45.01944339,44.19638509,ssp245,40.82638093
2080,10,1.58929052,15.16611194,4.989970211,0.053819804,6.53E-05,14.79517097,2.627745723,0.690787909,38.62546953,ssp245,102.53975
2080,11,8.928444953,21.87608298,9.241584664,3.780648334,10.83675551,4.036910566,7.2205773,1.690537982,1.507461193,ssp245,1.794104155
2080,12,3.636191627,2.423455185,0.891204818,10.80151799,4.102073536,2.829188432,0.045204987,11.09616934,0.308109521,ssp245,40.80874832
2081,1,3.542873602,52.7553936,6.865458779,5.554751935,8.352674956,0.688497146,4.285598174,0.017285828,5.2280192,ssp245,4.387329821
2081,2,19.86709977,0.346950455,0.007348321,2.225185658,0.015242102,2.107682953,0,1.301570917,36.85060843,ssp245,0.381498676
2081,3,14.1376174,0.262251512,0.678221749,6.633713274,3.871961955,1.189849755,0.005753402,3.527965012,1.562290533,ssp245,1.478964636
2081,4,4.395312232,6.147648236,22.01815761,5.43236327,24.54625919,10.56801871,35.06406728,15.47528775,8.877817165,ssp245,0.109481567
2081,5,38.51776528,13.70162356,12.3519064,1.557157695,39.77151213,0.939646718,3.619661918,31.91982057,1.03611006,ssp245,25.86665607
2081,6,5.639889058,20.58940311,17.28239699,17.15325293,9.022006742,75.64845719,22.00976005,66.49451824,6.485960812,ssp245,6.46772923
2081,7,132.4063444,114.3131872,79.27845873,163.3270526,105.5433784,56.92292276,27.32074068,122.1953543,215.2637782,ssp245,241.9389948
2081,8,83.36634934,206.9360485,164.8929589,260.4764115,118.3998626,152.7308363,92.48877886,137.5212029,240.2049329,ssp245,246.6137364
2081,9,27.460502,198.2505198,47.59394664,47.04067585,55.94999971,12.08098761,3.605654117,20.74698054,25.492298,ssp245,103.6142047
2081,10,5.794368535,0.010678639,0.16023891,0.009061566,0.162201177,2.334252681,1.945733475,5.238285526,7.789260972,ssp245,5.335893341
2081,11,2.300207541,0.05822144,0.289614312,4.838465094,1.010991056,3.541841752,1.933780479,10.57640881,2.742839462,ssp245,0.011880124
2081,12,0.256826301,1.247798509,0.226869319,11.05137381,17.44422602,7.605840499,3.54266419,11.31770456,2.54545733,ssp245,0.001201557
2082,1,1.599157786,13.03166224,1.787727968,10.64882428,1.508600705,1.939319309,5.912508024,2.228782915,2.897758192,ssp245,0.004168549
2082,2,0.369881335,4.926261342,0.066895998,0.6548529,0.542023091,0,0.353391443,6.435619055,0.364830253,ssp245,0
2082,3,0.356688934,2.080147042,0.017043236,2.753896952,11.56039715,0.164202026,0.799985691,0.26588944,0.017459257,ssp245,0.635990653
2082,4,24.20595019,0.756201481,3.561155338,1.269004369,0.612288828,5.926859872,4.796872365,2.488984168,10.74443453,ssp245,2.226598928
2082,5,25.08556128,10.2861645,1.052524073,12.68084542,13.08757999,14.79401611,52.43941758,5.025965729,6.422538343,ssp245,5.850756689
2082,6,32.36352279,7.860737139,13.4825084,12.91968488,42.40650546,2.820401816,3.521154545,44.03576882,19.33441549,ssp245,14.83429648
2082,7,128.0202594,209.9357899,31.0908975,41.99950038,12.95881834,146.2541552,77.65036366,46.29686345,23.45951274,ssp245,33.82208301
2082,8,38.27003465,84.17738118,61.75814806,182.504593,51.97151448,142.9631919,36.65781114,53.434103,66.64898616,ssp245,107.5192068
2082,9,37.529862,87.96776819,19.15255512,8.831642596,4.711104529,28.41413464,22.78115739,17.08953684,5.504466656,ssp245,24.00437962
2082,10,12.9750759,0.518691241,4.317672751,13.17722432,27.0737701,2.295603817,5.995022916,13.53317509,4.73625676,ssp245,12.18651561
2082,11,9.370418574,0.022154607,2.381104029,7.400008428,7.700503849,0.452197165,0.280524871,7.37057623,6.705065043,ssp245,0.49612747
2082,12,16.57285042,2.862577351,8.19467208,13.16399807,7.316346947,0.308501611,6.070573361,4.589073163,31.71468733,ssp245,0.488857838
2083,1,36.34672358,1.006538563,3.624276355,5.221887432,2.964922834,0.058796652,3.244128423,14.35479763,2.149558258,ssp245,5.015179549
2083,2,2.850873049,0.204227711,0,0.002666315,0.284916563,0.017893158,0.321991655,1.36266448,0,ssp245,0.225182574
2083,3,0.636605559,0.520240803,0.3100001,11.58644181,1.7203029,3.62138444,0.585239689,0.165560837,6.7854487,ssp245,0.014684184
2083,4,5.894280891,6.140170462,3.538570099,0.627600369,0.589550818,7.473559762,32.21449446,8.936957338,7.838336,ssp245,1.709270568
2083,5,9.872212299,0.224345942,3.442382003,6.050227425,11.83160434,5.723498866,4.953419345,69.65143011,15.1793178,ssp245,24.00654692
2083,6,46.37796965,26.46783862,33.00048466,5.306057857,5.384158937,9.314061856,11.3799075,66.83273094,15.47735664,ssp245,37.81794304
2083,7,64.06668574,37.14011389,76.38452081,166.2745885,17.19211809,60.96801661,138.0894989,22.50607926,24.09210499,ssp245,18.07957033
2083,8,61.1061807,23.8180245,51.96023832,70.37291045,146.5855285,188.0581445,158.7025104,31.6949964,73.03719546,ssp245,124.5426039
2083,9,13.42669862,25.20346379,40.13307167,134.5858351,56.75241591,30.23564,39.18550233,37.18414281,47.33841594,ssp245,39.51378184
2083,10,23.47552526,15.97397255,2.581345457,0.63650016,3.51545913,1.141087247,10.05918962,0.141771009,30.22901111,ssp245,7.736862913
2083,11,3.43E-04,0.975447172,2.468981541,0.073562659,32.33925163,23.0197219,0.087073769,2.232597128,43.86766481,ssp245,0.450479084
2083,12,0.401734702,0.635571572,5.227562813,1.468023782,7.897407215,0.840918406,0.34436084,9.912568337,5.359669471,ssp245,17.06469672
2084,1,1.92125608,0.048048077,1.3002962,10.47106602,4.235316092,0.271325814,0,2.176030298,4.506807562,ssp245,36.29049219
2084,2,0.233176018,0.033869686,0,0.606318472,4.927681798,0,0,0.950987838,0.06613939,ssp245,15.51627168
2084,3,0.667247108,0.154446121,1.221535044,1.471566063,0.82875664,0.036656467,3.302902196,6.040291961,5.33582412,ssp245,10.59435494
2084,4,0.90035141,0.551061985,0.687573227,5.825321797,8.48612875,1.757443764,0.619856382,14.18365645,43.40601156,ssp245,4.085401758
2084,5,23.14684876,1.570514343,9.018025991,64.1465848,38.22150354,12.77898884,1.906465309,19.01812507,3.30639816,ssp245,14.87804743
2084,6,25.5100926,5.573603136,14.53684505,37.88453247,17.25563834,67.724685,1.508058956,20.07073177,10.19214803,ssp245,13.15889347
2084,7,76.26954112,20.4762497,20.44469207,106.258758,45.66368258,81.44462649,276.7321181,12.74818502,4.852199461,ssp245,43.85171261
2084,8,120.6659353,96.71480393,18.22113929,67.82029872,232.5925551,21.43236597,145.1194157,173.0633391,180.2855695,ssp245,196.4864022
2084,9,41.81029731,27.17992257,24.44908794,43.6120053,5.779251333,20.9995855,30.01154421,13.65324373,26.94065941,ssp245,91.63368151
2084,10,0.442919315,37.18650946,0.248334024,2.052377835,0,1.387575516,0.153331686,0.603145302,0.311433874,ssp245,74.52670305
2084,11,0.476090216,2.387634996,39.84758346,4.909461511,3.363062688,8.000877731,3.344400007,1.396681278,11.64028118,ssp245,6.827725427
2084,12,2.747547644,0.884320835,15.73990526,14.81832257,3.62801788,1.265832623,2.501441873,15.4905185,2.056518436,ssp245,22.01436452
2085,1,12.71200491,19.8521804,6.596590471,17.42290571,1.638307379,0,5.4534332,2.479930671,0.093327997,ssp245,6.051582544
2085,2,0.028641769,1.18E-04,0.067271724,0.136644584,3.178224338,0.003694488,0.182266773,0.074144836,0.420193183,ssp245,0.590241386
2085,3,2.898480516,1.458974659,0.173826286,0.015404298,0.516944431,0.413328325,10.05829518,0.226025925,1.220081985,ssp245,0.203100311
2085,4,3.542028978,22.12440368,6.210040549,6.932723226,8.871007014,1.023396013,4.906264101,9.404037907,5.818010329,ssp245,0.373489379
2085,5,1.838486338,24.24952077,1.760111871,18.67725463,70.06201919,15.25991154,34.95126437,51.88544306,105.9907456,ssp245,0.287551856
2085,6,40.58214381,2.299179229,17.69560285,34.04567573,0.902600886,28.13221375,12.09069367,3.36075114,9.53371085,ssp245,50.44926798
2085,7,45.32850494,76.21447595,64.11896782,32.200682,60.65218496,65.70102543,96.59225657,72.31443259,23.12422421,ssp245,148.5514794
2085,8,5.23112801,80.38534159,67.82190911,73.12182044,12.2109723,42.4506293,113.4910199,122.4491223,158.0947371,ssp245,96.33381282
2085,9,16.85105712,39.11671487,11.37246012,40.55731593,29.36422539,23.69027197,25.19054072,11.95119058,23.65418326,ssp245,24.33298155
2085,10,14.82576007,77.29481632,7.62223692,0.413264166,60.40136961,2.355559477,3.001592256,0.058788199,2.587861113,ssp245,0.315414735
2085,11,3.540918463,148.8032565,0.88341071,1.208275765,18.91622691,4.511123155,1.784493378,59.95571505,5.481432174,ssp245,1.053285957
2085,12,0,24.74582192,2.159036467,26.56172212,8.556161213,0.063113532,0.109938987,57.74874467,26.20903581,ssp245,0.001042556
2086,1,0.270995469,16.70321532,5.844773658,1.141818001,11.30903517,0.306129083,4.622298267,2.997576047,1.137073229,ssp245,2.396203487
2086,2,1.13E-05,3.683391101,0,3.089822793,0.641332489,0,33.38726327,0.094399176,0,ssp245,0.535530847
2086,3,1.245939835,5.549575659,0.002845375,0.241756164,0.090529115,0.372979136,1.647863638,5.443667162,1.530598956,ssp245,0.004483333
2086,4,2.268052629,7.95126188,2.658134781,0.573900933,6.055182246,3.525272531,35.25469759,2.472876141,14.98186591,ssp245,0.219779897
2086,5,3.200042926,35.92332407,1.079920635,0.60903275,7.959263443,24.51511773,1.983960787,19.46922302,78.04678993,ssp245,2.544117343
2086,6,2.122500383,21.25737367,26.72397618,2.871697984,34.63291002,22.01563944,101.6296851,15.83798925,10.1281829,ssp245,12.40446665
2086,7,31.81114688,131.3976572,85.4987073,224.478979,1.126172097,30.3862036,120.8960125,45.7856904,155.0844338,ssp245,13.03290762
2086,8,47.71602819,96.05511264,92.40259151,497.67514,25.4253004,35.99526111,101.2094473,34.15013465,18.85255013,ssp245,23.64394968
2086,9,26.50233536,38.01132786,23.50989965,193.7091335,66.32143898,43.66546962,238.2921864,26.0253278,87.63562341,ssp245,12.78206528
2086,10,3.698377784,0.846648423,0.763177067,71.50147704,0.003312863,4.797742337,11.95142132,6.366791965,0.176171193,ssp245,1.98073682
2086,11,14.27100564,4.235752309,7.545072221,29.96326141,17.53404384,16.70592911,2.301234186,1.168279625,1.8359421,ssp245,36.90434979
2086,12,2.396485976,30.95955352,0.50688213,8.993443743,12.94452618,21.38357101,0.085425349,14.2588032,9.555781729,ssp245,6.609302996
2087,1,4.854055598,1.3763567,17.29404587,0.050973463,12.4713757,0.734176124,0.609439895,1.712027358,64.8869149,ssp245,22.12316981
2087,2,2.364727456,0.301734846,0,0.030194166,0.017167897,0.020029957,0,0.088986912,32.83970708,ssp245,3.147957202
2087,3,1.436505271,0.644380608,0,0.6566701,0.046334231,0.996205167,2.088083136,0.853743378,1.917864805,ssp245,24.27338689
2087,4,6.875851351,2.960234787,4.409647866,25.77537488,0.404171142,18.08488834,5.180183079,19.63783885,0.40339002,ssp245,16.88066373
2087,5,32.65276466,2.173385607,4.944830975,45.30946506,7.392246423,0.062174949,29.8111561,7.700808454,2.549152621,ssp245,16.28696692
2087,6,47.04670752,63.33571622,9.868006186,2.666465254,8.227930313,33.4665485,13.76011799,18.37414361,19.01973329,ssp245,13.47989177
2087,7,21.98094411,128.2255995,59.08265229,67.91097996,80.1703107,35.6914303,157.9945873,19.93840579,58.1629503,ssp245,35.81298578
2087,8,12.91220654,168.377986,38.62544007,35.1904141,280.8824426,55.19218199,50.54259643,71.72394384,74.13002197,ssp245,73.50815047
2087,9,1.669908915,141.802441,18.19850382,26.03341167,142.1551648,14.22794905,7.175964229,18.73527825,10.21575629,ssp245,74.71963795
2087,10,0.028469952,64.64691414,1.165499627,50.51644061,0.005096257,0.076577134,21.86976587,13.1280476,39.95329068,ssp245,8.676324484
2087,11,4.125043446,12.39403294,4.434735279,9.589428411,0.0395113,3.724377659,4.849822771,39.43024327,17.85505668,ssp245,14.09573342
2087,12,15.12730641,1.653415533,5.297547074,20.22110162,10.04533665,0.03099034,4.420157586,12.24890516,12.31428513,ssp245,0.060686066
2088,1,108.4227364,0.160277201,1.122859841,19.63165975,14.37133689,0.127467176,0.760655038,47.39813183,6.215324556,ssp245,2.249079057
2088,2,11.19588214,0.007386446,0.042954472,6.589243211,8.998509246,0,14.27343331,1.193594594,1.160175547,ssp245,0.217664994
2088,3,3.846753756,0.115247352,0.142830748,1.386715217,0.812119023,1.601717718,0.253261746,0.165540127,0.211298054,ssp245,9.714715577
2088,4,14.89956196,1.575607015,5.140931607,0.440294295,7.097502547,0.131751622,17.07508463,1.570158355,0.411579518,ssp245,51.66600821
2088,5,9.157876852,27.62075604,2.748438554,1.448819063,10.12097713,0.735932304,6.87835596,2.763323427,3.690801983,ssp245,14.70740572
2088,6,44.14758131,78.66454604,38.63222776,9.0523057,24.20595379,40.59935986,55.15719415,29.91335652,3.617456836,ssp245,20.98712036
2088,7,51.7258623,155.7091568,61.55952517,70.67847124,147.8452144,212.9884553,39.99094503,42.74206538,19.9765023,ssp245,61.5670509
2088,8,18.73877603,198.0508593,45.65175714,153.8595748,19.32930873,128.094209,80.91937538,6.564190818,352.7436943,ssp245,96.45771563
2088,9,12.51361492,72.93490905,23.80033189,16.85672961,3.836809292,36.45988902,36.08724419,25.90537509,50.73859216,ssp245,34.44032137
2088,10,13.41915101,12.66569164,0.585944929,0.461631586,0.100244488,0.050560475,2.061464576,6.245470566,1.305650248,ssp245,5.7338101
2088,11,12.40008508,0.31890166,6.14816877,3.736445577,5.029637884,0,2.737896439,44.65041769,18.86805555,ssp245,5.156340397
2088,12,1.362290323,4.933964426,2.813119291,0.147286647,44.5381367,1.382366141,3.838644876,17.18097546,7.154432279,ssp245,15.65919534
2089,1,0.673297839,3.442871114,3.796479829,7.795815994,22.24404837,35.42503343,0,5.758177261,4.74435923,ssp245,7.218520111
2089,2,1.216990295,0.070582641,0.061576588,0.212633485,1.813874338,0,0.030028169,4.84897634,3.777370557,ssp245,1.331364704
2089,3,0.992709258,1.284627824,0.24055343,0.193935336,0.811896978,0.351223759,0.504819986,6.728641804,0.412455867,ssp245,2.191697617
2089,4,5.513195116,3.718128901,3.207085839,6.996498768,4.329953981,0.165693423,3.596539234,4.878148765,1.654565211,ssp245,69.85013941
2089,5,4.78123511,4.416225491,0.916127657,8.085158583,7.454138989,3.199236041,2.280917112,2.182910297,0.663965029,ssp245,37.64661563
2089,6,7.134232097,9.494509264,8.685968056,17.70273863,26.2478371,57.62945057,10.38043516,23.83588884,10.01854352,ssp245,43.20134489
2089,7,51.4455834,58.62315199,47.03958541,50.93233575,20.94954755,33.96810652,206.8568974,91.68104328,168.3181637,ssp245,45.35678011
2089,8,65.58071662,34.73371945,72.34982296,78.57528179,3.461324877,159.2117189,310.4446239,89.57656363,151.0369348,ssp245,72.35635996
2089,9,39.92631232,9.24069162,2.94363622,95.42351507,23.26778568,21.50555595,45.55137974,118.3195796,14.44305374,ssp245,23.59399043
2089,10,7.768970137,0.872055967,4.2730769,0.567460733,0.783228939,0.903261414,0.39808606,84.08017817,9.771622979,ssp245,1.248365528
2089,11,23.35735025,18.41913755,2.818809302,7.837785247,34.59381876,9.213136761,3.79E-05,117.1112975,2.88582379,ssp245,10.5107024
2089,12,6.163219035,2.537465975,20.77584282,1.295479859,27.1575632,0.227720647,2.399164094,40.3607604,0.605792028,ssp245,44.41361052
2090,1,0.764041718,18.96924368,5.050474263,13.44005429,7.030929286,0.729936117,3.001426959,39.72760143,20.76098595,ssp245,61.67960393
2090,2,1.243741241,0.008048672,0.021455299,0.740325056,0.659293432,7.50E-04,0.005979661,0.050785434,1.14912913,ssp245,93.75782904
2090,3,4.965841535,2.836359187,0.197566838,7.608299791,0.317559281,7.598842163,0.132555838,1.771615581,2.137413874,ssp245,12.01972534
2090,4,11.31687554,4.421764336,7.251533488,2.330317345,1.57E-04,4.045281438,7.163940197,3.419837834,6.68970933,ssp245,50.97830854
2090,5,6.499838102,18.87768975,11.53169397,0.800427061,25.54321691,0.114055787,21.39219918,10.24847679,1.246148758,ssp245,48.21772047
2090,6,20.34599995,70.58439793,7.060263764,18.42866613,0.398168697,21.68427851,101.6895242,20.42810806,11.94237793,ssp245,15.76210486
2090,7,71.57757923,94.4177255,184.170514,63.94940624,20.85424624,13.00144162,37.52129121,32.32345859,46.47683361,ssp245,194.4883906
2090,8,341.2285404,92.88738076,37.41076037,16.58807867,124.9995561,102.1944279,106.6313927,55.96576714,162.8642814,ssp245,130.7689303
2090,9,6.295348386,47.10811061,13.38747259,40.98145603,23.53641825,69.29526237,39.56365795,10.14311811,4.375426162,ssp245,31.79241871
2090,10,2.726583953,18.17805241,5.293666435,5.836219955,0.022527688,3.062938508,0.665348799,3.792729581,34.01704353,ssp245,7.011298296
2090,11,14.5800297,7.982541502,27.07144068,8.976950815,0.001192866,0.427317178,0.617722235,2.734369984,0.060247921,ssp245,5.957990903
2090,12,50.39209072,1.098964215,8.479192045,1.192076384,4.791488021,1.131067219,2.600379317,19.27706135,1.409910735,ssp245,14.07086935
2091,1,31.5192477,10.16616903,1.638056969,54.91496382,2.596519675,16.85256081,0.573755894,22.91624017,9.294122165,ssp245,9.365049057
2091,2,13.65390838,2.872395141,0.041012224,4.72E-04,2.693061402,0,0.002571933,1.252787649,0.022533668,ssp245,0.033751257
2091,3,0.051811946,0.002133627,0.60215137,15.6456303,0.017601563,0.809377479,0.658207964,4.169481108,0.216209346,ssp245,0.07260235
2091,4,7.349998322,9.559010543,9.176796621,1.414016515,11.13956758,1.434619458,27.62944115,9.037064021,33.5165931,ssp245,2.291772272
2091,5,1.40377999,13.9872602,3.595759364,19.53693707,9.851821446,22.36463281,19.14299869,40.16406224,16.68465447,ssp245,8.817174226
2091,6,14.27879595,18.85684612,26.04787888,10.48699995,0.234928152,37.60788976,44.40575303,42.84894943,1.693681717,ssp245,30.11816204
2091,7,28.69825585,111.3058354,45.23526636,88.61650408,10.86259851,127.9608948,61.14813054,31.24800777,78.36282675,ssp245,108.9819081
2091,8,28.99450131,13.62280837,92.15497425,66.06516984,37.65853076,15.70839645,217.4130902,134.8921181,107.5679935,ssp245,161.8410003
2091,9,40.88549911,26.21017157,34.81394513,25.9719437,20.70492559,64.86955629,135.0646354,57.66004476,30.7527827,ssp245,109.0946694
2091,10,96.1147507,1.467279492,1.959928648,83.93383892,0.162781867,2.130632862,0.163387603,6.557732409,1.688832688,ssp245,4.534644892
2091,11,3.486578996,0.001248947,19.15831713,13.95304406,3.128642552,2.787957256,1.312683439,3.904833436,29.87967089,ssp245,0.537971668
2091,12,29.97808443,0,1.58069185,16.012507,2.524886937,8.406441675,0.912348941,10.43637251,2.549839656,ssp245,7.982173329
2092,1,55.88539683,0.203020671,3.223678897,1.05441166,4.868735378,0,30.26364775,8.091958364,8.634287976,ssp245,1.158906056
2092,2,3.678111093,0.028308154,0,0.380214713,0.009020266,0,5.765187146,2.347797748,7.819317339,ssp245,1.392455751
2092,3,24.15091034,0.786123929,1.508441573,13.4392001,1.333039396,3.19040668,0.271922715,1.95E-04,0.110272007,ssp245,0.574061716
2092,4,0.571896633,22.20021274,2.52462414,31.10583476,0.16692341,3.302602031,11.35390405,0.038249402,0.333261084,ssp245,7.723896553
2092,5,21.3902211,22.02259594,2.04903701,3.064804698,5.60380623,7.389854223,9.630633716,2.2520509,2.378405904,ssp245,1.093537705
2092,6,41.23063725,18.31200972,29.23370982,12.01405806,27.31382013,23.1117945,43.11765323,13.0020132,5.264811945,ssp245,13.88348469
2092,7,38.92998196,80.60123765,70.57081241,472.8208146,50.34074967,149.2671613,148.8151288,79.03069282,12.40863724,ssp245,99.41480405
2092,8,243.6296474,107.1518423,32.83393432,477.3768726,19.84265122,286.9481018,115.7309642,59.94983891,48.15262875,ssp245,43.24832438
2092,9,13.85942417,8.23835582,58.80757881,23.79427506,14.10125332,6.490814722,48.46660849,47.33953661,22.5071979,ssp245,111.3245662
2092,10,0.393107774,1.614727493,1.792016933,1.332051239,0.076208051,11.06326985,24.1813179,0.049423468,0.585546108,ssp245,33.40770389
2092,11,12.02255236,14.95545777,28.55026995,0.232654389,1.516402709,7.587409133,2.634116368,7.275801048,13.60309063,ssp245,31.60400127
2092,12,1.163916399,1.171281526,3.70480766,10.63552235,20.42502203,0.489138065,46.90952894,2.855998222,3.684384179,ssp245,126.316257
2093,1,1.019465871,10.59793602,0.760756815,6.929817756,15.53934901,1.258972317,1.484295957,7.879759866,9.871146334,ssp245,55.46512438
2093,2,23.00960189,2.280511486,0.104262267,3.013378775,4.864018119,0.255791666,17.62613124,10.06254894,1.38849807,ssp245,31.33556555
2093,3,0.487576907,0.266657882,0.912753621,2.119553734,0.110096875,4.208518589,9.956129122,0.880384962,5.870558608,ssp245,7.663097695
2093,4,15.39188759,6.980888011,3.433827312,1.269641813,0.215533752,0.487350639,0.774395205,24.62642563,80.39976308,ssp245,15.7681175
2093,5,18.81654769,4.482364296,15.43802617,9.759363165,37.50288259,3.74433109,40.83754006,5.022170251,3.440217882,ssp245,47.48311531
2093,6,45.53015258,44.05072079,38.12153142,3.445650583,11.8643876,16.18951217,13.12061299,54.85263098,12.18079783,ssp245,13.25316683
2093,7,48.52693552,84.40620677,55.4792863,52.99510705,86.79279936,52.73459533,32.32469965,108.1804254,76.88962698,ssp245,48.81921103
2093,8,41.41994269,125.2435916,61.41022515,410.7889686,80.26279599,43.37743251,160.5482853,152.8371403,80.24404563,ssp245,154.2331933
2093,9,20.28808682,53.30582831,37.81397729,19.05293687,2.841402196,47.76565659,85.05866883,21.00967179,10.10453942,ssp245,69.51210366
2093,10,5.098452575,1.196880411,0.988543189,0.253498161,3.370440816,3.8515449,33.42347314,65.25580023,3.477174859,ssp245,4.393066654
2093,11,21.50236434,1.489812191,2.281759105,1.411361951,1.520145576,16.2831022,5.80E-04,10.04271214,7.787791961,ssp245,10.75241816
2093,12,23.32157218,1.338260832,8.621121378,2.35892676,9.615216546,3.000195261,2.677335248,21.06287204,2.518921203,ssp245,3.720008334
2094,1,41.7169554,0.852763514,4.254573728,10.29659202,3.582166152,2.346481054,1.570360374,0.012548306,9.14E-04,ssp245,2.969524989
2094,2,4.450991359,3.578461405,4.84E-04,0.022689651,5.249811956,0.059209031,0.728812159,0.508513556,0,ssp245,0.003791501
2094,3,5.487106395,0.143829344,0.008324747,0.197551983,4.75E-04,0.002396562,2.700582976,1.120314482,0.604351067,ssp245,32.42144847
2094,4,7.533283668,8.339320556,0.955194813,5.991986835,10.72693216,0.233776754,14.49211834,31.51829285,1.533334245,ssp245,0.07194679
2094,5,27.97642452,2.835297653,1.391201482,18.56317435,11.27926909,0.9471122,3.075397144,27.24944198,7.398915112,ssp245,0.748045551
2094,6,19.31237954,19.31506028,7.857462715,19.18498019,5.592435853,19.34638321,51.23028097,70.72791079,24.26339804,ssp245,1.453507643
2094,7,63.16044695,243.5189325,61.07752457,29.34055714,15.17225949,25.96410612,150.9864739,58.07318023,106.3570852,ssp245,17.21138872
2094,8,73.23872544,75.64100331,56.82264885,24.09022941,68.59942388,167.8818805,201.1690599,292.7045609,376.3927799,ssp245,60.42930775
2094,9,26.21746962,105.9371756,7.694771819,21.65531282,2.839957914,52.62563729,86.79180427,32.00630777,228.8674876,ssp245,33.25716897
2094,10,8.398062583,50.9342193,2.184683443,14.20687036,7.785047227,2.299510724,0.648853448,0.732878225,10.35203502,ssp245,0.189108052
2094,11,23.89729105,0.15782387,9.172961355,12.33738874,29.37973329,1.408677452,0.796815286,12.54197334,0.886877524,ssp245,0.454512948
2094,12,36.04650368,4.434316577,3.958243684,15.0680551,12.27972992,1.488472403,3.320736121,8.302467283,9.378156932,ssp245,1.088957859
2095,1,1.480646631,12.88487288,7.902600728,12.64527326,23.43510313,0.997629294,1.325465445,6.493089461,6.842376842,ssp245,0.435119549
2095,2,4.612151222,1.761174968,0,6.696586697,5.116496532,0.406963214,3.235411798,0,0.663311273,ssp245,0.521959218
2095,3,3.058210621,1.922981376,0.129510804,19.47253042,24.46705118,0.236188381,4.045195043,0.620404402,1.450604922,ssp245,0.124244764
2095,4,4.345168,3.908922179,0.798423441,15.02043095,0.210370238,2.431750975,5.146940134,10.64275284,6.381944053,ssp245,0.588694853
2095,5,5.217911644,54.64020715,3.479590962,21.76362795,34.6416137,7.420065223,9.463606977,1.687572111,0.837362609,ssp245,2.318259063
2095,6,35.04021085,27.61412348,20.49244825,2.533233012,4.341756549,34.05808366,17.57582813,47.84390412,9.757075354,ssp245,24.84329051
2095,7,386.8051588,51.58703459,32.67144898,30.5226768,9.718698017,48.35105702,90.35392211,99.21022193,29.02877621,ssp245,108.3837099
2095,8,316.8606989,50.80598781,37.80838225,136.1362382,24.37011849,126.8098911,132.4071618,119.058895,112.4750549,ssp245,74.29282651
2095,9,29.16106986,27.63396667,11.8490761,18.2863962,13.71926223,30.31198028,49.36855024,53.5767315,53.27519466,ssp245,21.42096304
2095,10,4.947609405,112.7937826,1.972891102,1.51639071,0.002505784,0.401211939,0.334345776,45.68452542,10.99814573,ssp245,5.234656931
2095,11,14.86235179,74.45715263,1.095621876,0.202308371,18.9615166,0.054364921,11.15533124,45.61163718,19.14275194,ssp245,1.949876889
2095,12,4.252195593,43.05342254,2.439413904,0.278436627,53.4386285,14.45634873,2.954675322,0.222551034,6.379361827,ssp245,56.75199024
2096,1,16.78397439,35.16477861,2.942386679,16.91981238,7.988815021,0.2038319,0.016171278,2.846187403,0.245462892,ssp245,4.915207538
2096,2,0,26.88573692,0.108624084,1.397549793,0.770467569,2.266145431,0.010721484,0.459705933,0.127265466,ssp245,0.528492392
2096,3,0.133122558,1.437324522,3.274858725,0.012945892,0.997081027,0.043333433,3.505913313,9.448761331,4.181107526,ssp245,10.0400744
2096,4,3.257132504,21.68908332,32.57627408,0.23171214,30.23614755,2.892683821,5.240729404,2.20482572,0.318672808,ssp245,0.25766783
2096,5,0.740781137,64.95106099,25.16866491,24.32267912,24.85159062,0.533724257,2.487634607,32.45989621,12.30345533,ssp245,7.898077684
2096,6,21.47261464,140.4463191,15.24243284,28.95035831,2.813629823,4.071322816,21.15000203,6.936642121,2.566128355,ssp245,17.47952745
2096,7,306.1142404,70.84851884,82.95548086,100.904863,37.98747113,45.45559103,162.7458015,152.5238892,105.8795281,ssp245,88.11614116
2096,8,83.04488958,431.8887726,39.47222975,55.23932125,192.2092648,140.987799,196.3760194,73.49618026,248.2554504,ssp245,101.8417674
2096,9,60.55223101,165.2128668,18.78271608,43.18835231,8.394082452,64.19727649,34.02681905,18.63548177,20.3707559,ssp245,34.09051232
2096,10,13.23511474,23.47128969,9.819046083,0.014569094,3.522489893,0.207947919,0.673483622,9.534058303,6.671622468,ssp245,3.531482576
2096,11,0.96333987,4.057786737,1.309368653,0.024148878,3.273532482,4.556025797,0.901512921,3.430533611,10.75256955,ssp245,35.61992929
2096,12,2.10502237,0,4.019020878,5.79159992,24.10478495,3.232993556,3.278268276,3.095996063,19.75832626,ssp245,19.50377579
2097,1,31.03731779,0.177764805,1.247598256,0.183412378,84.1624612,0.311372548,0.003080545,3.028074267,0.791072316,ssp245,52.19316557
2097,2,17.5074797,0.1520627,0,2.278505581,1.659761523,0,1.348751561,0.362859399,0.232323318,ssp245,60.80761881
2097,3,7.653657035,0.001349492,0.021102934,0.839460026,0.092663818,0.003766515,9.486115498,2.121718222,1.460068369,ssp245,51.34614495
2097,4,7.46778027,11.45507253,70.76949386,17.87839617,11.53606601,9.060264902,9.804895439,5.162636905,1.790183375,ssp245,9.31073174
2097,5,5.273640582,0.032605219,53.37257642,2.171301529,8.37214726,13.93284782,57.76550241,26.51718221,1.484361599,ssp245,56.25885695
2097,6,33.38938306,5.302624184,8.378571561,40.18499175,22.35993367,7.574519571,4.214157642,64.26570402,19.11912844,ssp245,16.24635953
2097,7,39.48774025,66.4339824,81.81773616,34.54529554,42.19779963,59.04622195,96.51042525,26.08449407,99.3181789,ssp245,74.61954019
2097,8,128.1360207,244.9409655,55.32192073,28.49577792,17.94058603,194.0714373,104.7328976,138.3626218,212.9862792,ssp245,91.57920345
2097,9,52.69831775,23.61315024,26.05269737,35.44187341,10.11023992,17.55021958,121.4906954,15.20300486,41.15658438,ssp245,8.584962517
2097,10,2.220471004,3.348109932,1.995938306,0.698808833,15.28432673,1.054203741,14.52587311,0.124675244,2.71281529,ssp245,44.60588124
2097,11,2.429734714,13.20251457,0.546985944,7.873520258,5.469423506,1.824863915,0.013248278,0.950378693,0.478565647,ssp245,32.84348007
2097,12,3.592084573,0.09381023,5.439103287,0.108933753,13.08432711,7.678695982,0.019533258,16.92283011,45.46753879,ssp245,61.91204086
2098,1,1.452436557,4.326594931,0.827655683,0.722258569,1.881582059,0.037864818,19.62793026,10.95487942,0.868387718,ssp245,24.00578892
2098,2,3.666971345,0.006514558,0,0,39.44308892,0,26.26280199,0.125145913,4.327495866,ssp245,67.00573444
2098,3,1.430003819,1.192748421,0,0.091916524,5.509489157,1.327664793,1.589000942,0.619228393,0.783638348,ssp245,16.44681563
2098,4,30.76417428,6.438892652,0.925835005,5.704389498,40.28471009,9.354537066,1.338618039,4.668591235,0.872253917,ssp245,26.1420728
2098,5,9.587877284,6.319645473,0.577480633,15.99075201,6.678963341,0.210431217,7.25277969,40.71261376,19.3710895,ssp245,11.26098956
2098,6,8.72207258,29.42463597,12.4859362,5.494808906,20.34458407,23.26157154,12.19387388,25.78167876,16.2459297,ssp245,35.21581102
2098,7,36.36551694,222.7294869,72.74547171,15.83365609,26.03750459,39.48983692,209.8204361,78.55489676,7.364525864,ssp245,111.1895124
2098,8,22.44868636,261.8226395,87.4841326,25.19996871,18.0938882,105.268402,137.4113811,157.880433,105.4551846,ssp245,122.6310831
2098,9,10.7705452,31.60650178,22.1818443,37.4918712,89.63502171,8.601654322,19.74255643,41.68880774,21.53460296,ssp245,50.01539484
2098,10,5.748129659,1.580479307,0.354678683,76.75266462,0.556805429,3.220293378,59.18797797,69.60806981,2.863353368,ssp245,54.78219315
2098,11,8.696727786,8.167085598,17.85946229,5.96E-07,1.080886345,1.371675104,3.380090096,60.5454447,0.424774069,ssp245,2.069942343
2098,12,1.648254947,7.049108438,12.33838727,0.289005878,40.18248853,3.09040175,15.58584204,31.38856583,3.451910188,ssp245,28.65714325
2099,1,11.65427931,55.9117069,1.01953473,6.448706503,2.616760527,7.866649665,12.40344985,13.07695835,0.53473058,ssp245,2.285786891
2099,2,28.15766124,2.172502397,0,0.065572486,0,0.056917581,6.444504858,1.085064086,3.35859061,ssp245,0.036934754
2099,3,1.336118319,8.610698094,0.049374113,20.58358594,10.38086032,1.247762601,0.200175601,9.860883571,0.107674314,ssp245,0.03018715
2099,4,0.173290934,27.69205708,0.137195494,16.19132251,5.542263459,8.694182997,0.685035072,20.63484046,4.23142388,ssp245,0.088277209
2099,5,11.7434242,31.21898405,7.412829106,8.696671973,13.21848949,34.87715705,45.89390259,2.307997416,2.11743865,ssp245,4.539111671
2099,6,26.59080339,67.53255377,7.482184495,4.526230431,4.472516272,16.48993796,58.64804659,32.12110702,2.085422722,ssp245,25.75614245
2099,7,125.340768,26.72091854,80.7155533,7.435029868,7.686718161,61.94107909,42.06539157,86.13835258,97.30872355,ssp245,62.49986654
2099,8,73.44643703,23.90460996,97.65372225,70.04209009,55.69746674,84.87181356,43.54932327,65.06098018,106.2668671,ssp245,101.8103476
2099,9,12.28099399,18.02819067,20.06298028,9.035208559,34.1013602,32.36782107,15.632048,16.18454353,23.3142895,ssp245,183.0882426
2099,10,2.364531676,16.93766447,3.787068549,0.016057021,3.62E-04,4.999685012,26.22696851,0.16751471,0.32586914,ssp245,24.00084767
2099,11,38.95119826,0.025833708,27.8207725,15.22200695,36.06185054,12.64002252,134.1067269,0.312265174,8.066238846,ssp245,0.00229144
2099,12,0.522056323,7.491975003,5.824860366,2.396541436,27.00452216,0.051740207,28.61085531,32.16507744,27.43743232,ssp245,19.670755
2100,1,6.672394139,5.60292731,4.724864439,5.622353869,8.972874271,3.820705304,0.011750428,27.87185113,3.40162246,ssp245,4.848792123
2100,2,12.04733491,0.001017817,0.00101007,0.115288134,5.001732358,0.029370742,0.133578018,1.104273973,0.003831625,ssp245,0.28057763
2100,3,2.492458944,0.203624727,0.015168393,0.0652761,0.004797817,0.361616696,15.21381032,5.64209823,5.792288629,ssp245,0.081807346
2100,4,9.550850754,0.445841863,2.132900498,30.59806535,12.88010548,1.501983096,0.73101821,3.448254,2.287844786,ssp245,3.080444429
2100,5,26.00917598,2.265850284,0.407825309,6.708493154,34.34662273,9.494158751,7.41237199,17.13692354,18.22736889,ssp245,1.703209361
2100,6,19.48730087,17.66848701,10.0250684,6.471643465,7.686451246,69.16327307,46.02815948,27.52758004,18.8865796,ssp245,9.122115542
2100,7,51.07986138,139.7375733,53.94243286,19.95046304,36.3307905,108.2231609,98.22345028,47.13078983,2.342890565,ssp245,49.44847631
2100,8,134.3118945,319.4828234,36.05011077,203.8069457,45.38702303,409.6818935,83.3767631,152.6106877,54.3866048,ssp245,56.43584397
2100,9,10.5571858,133.170373,12.42538148,47.28697819,79.63586902,97.50709251,34.06805101,2.84820441,64.02573659,ssp245,29.74984383
2100,10,1.874190826,0.338261225,4.47017596,7.869704467,0.788463583,2.646109527,5.265046574,0.984638569,31.15076247,ssp245,17.99515477
2100,11,26.02402398,0.592926133,11.7410327,4.130360193,4.567978462,0.085208682,1.612152773,0.08325502,20.49584731,ssp245,0.613622912
2100,12,10.27150242,0,74.38456996,16.29661751,10.22770967,0.543499821,6.473527755,20.72338872,16.10263421,ssp245,4.154380108
