Year,Month,BCC-CSM2-MR_mm,EC-Earth3_mm,FGOALS-g3_mm,GFDL-CM4_mm,GFDL-ESM4_mm,MIROC-ES2L_mm,MIROC6_mm,MRI-ESM2-0_mm,NESM3_mm,Scenario,TaiESM1_mm
2015,1,9.79076517,8.593167653,1.166096082,24.69574912,1.978321141,1.762233971,5.435575664,9.185631767,8.149011911,ssp585,3.150897928
2015,2,3.369129874,0.13371981,0.018154904,4.463349344,0,0.337347752,0.002221365,0.827263836,0.733710592,ssp585,5.084853299
2015,3,14.44879564,3.237230846,0.188450436,1.480580821,0.145065221,0.062187336,0.024271165,0.341642979,13.44126799,ssp585,3.069097849
2015,4,11.02073624,18.71612379,3.521066468,21.20007417,1.787620678,0.974076675,1.636494822,19.98035023,7.353698573,ssp585,36.14291926
2015,5,22.03045532,33.71694643,1.47264728,6.726683529,10.97525666,0.108020438,4.42274525,23.59452928,4.658913827,ssp585,16.2323345
2015,6,16.11038124,6.253669286,11.34229963,6.141477377,31.45034599,4.990511726,8.224445412,25.00485127,34.79005483,ssp585,15.61301501
2015,7,59.9506878,139.3086129,38.47551245,30.93451288,74.24226781,63.49829223,176.511067,12.07167973,103.0037665,ssp585,241.3043294
2015,8,43.58583792,217.1938323,73.3703327,138.702484,15.46420789,53.98574416,150.2541559,72.83871753,155.2338598,ssp585,63.4274654
2015,9,59.95167879,79.09801037,18.06218094,53.1595132,51.64034986,28.01687054,9.350269846,33.96929625,29.71152069,ssp585,32.22970707
2015,10,13.79399778,4.484363781,0.934556023,0.244523635,1.88E-04,3.357224282,0.107949362,54.17264062,2.320631132,ssp585,104.1414248
2015,11,14.16823768,6.660285286,6.228610245,24.04927591,3.19741869,2.761822925,0.129075833,5.072653389,4.845991386,ssp585,76.15719279
2015,12,4.863168544,3.787568957,3.705474279,28.45735915,6.456738324,0.971320272,6.115933446,10.87581828,32.58631599,ssp585,105.0678903
2016,1,0.581145039,7.80078726,0.861977967,20.98643137,0.795874435,0.403523764,1.879155922,30.78126283,1.817356122,ssp585,38.83297964
2016,2,0.032568916,0.228350828,0.001433947,1.508385407,3.411997432,0.001524424,0.001710418,3.855845283,0.297889768,ssp585,20.41966653
2016,3,3.151503369,0.719452512,3.394506166,0.665900731,0.043383865,0.573445953,0.004187714,0.652602147,0.447747102,ssp585,6.306465488
2016,4,33.79547737,1.693719425,6.593221173,55.05215924,14.3249632,0.767407046,1.946967259,21.62522732,1.00370092,ssp585,61.06964646
2016,5,11.6437194,2.101872779,6.072555495,4.305899944,4.378513834,4.411228991,19.06349872,10.85307625,2.165478741,ssp585,24.80327815
2016,6,8.365406766,8.278223928,14.29463689,7.387071501,1.807688222,20.02907436,32.57324043,43.93621149,44.9225236,ssp585,21.98511903
2016,7,58.50297233,114.0848413,47.00594419,69.04357494,13.80764096,79.16043241,78.4875126,11.22548493,20.39021802,ssp585,78.02296361
2016,8,105.0161745,134.8813728,144.8738356,54.24955061,26.58948152,83.04400614,101.419279,67.41641092,344.2149342,ssp585,154.4985536
2016,9,33.94450616,50.17460317,37.64613602,18.35627901,20.99023137,64.0392949,14.6899822,42.22643519,43.83406222,ssp585,29.07086697
2016,10,3.17525592,0.815204622,1.403803358,0.235879657,1.263351865,6.572913517,0.239947444,0.122928886,10.20685853,ssp585,5.027560681
2016,11,18.7879861,5.518976759,15.13576173,28.03991198,15.76540412,4.914813233,5.827808431,0.808592607,0.109430862,ssp585,4.51130593
2016,12,34.15592216,1.964487101,3.11721444,5.660245913,16.96120905,3.080320493,42.41306264,11.78780048,0.842702236,ssp585,3.990274762
2017,1,1.16554477,21.76723972,0.386867571,6.52923877,15.03302245,2.280261506,48.9523942,1.53451758,0.683726345,ssp585,1.817757992
2017,2,0.119599122,0.157097158,0,5.350711237,14.24596706,0.095953304,0.344254802,0.055188774,0.025562184,ssp585,0.017040475
2017,3,51.16424288,0.558001156,0.116755253,1.02934278,3.789893084,7.445777147,0.099242628,1.173537481,0.088336643,ssp585,0.015234198
2017,4,5.120307787,14.97148613,21.99319438,4.691087709,1.856812891,0.183453901,0.368590551,8.268324853,1.067689495,ssp585,1.438621127
2017,5,21.436612,4.383164475,5.582914959,17.28042229,1.835467133,0.056316386,5.61581426,14.12422835,8.421022191,ssp585,1.044006091
2017,6,92.08389373,43.56367702,14.96898788,17.57560749,4.79152142,8.385230332,3.449528669,41.43854508,14.73780991,ssp585,49.21940591
2017,7,105.39813,111.1902256,64.86410395,63.16689026,20.01296212,19.63791883,66.79823819,27.57680538,18.15135888,ssp585,59.92383122
2017,8,15.25828161,8.325433548,125.6260362,108.641562,72.22408404,173.5107071,153.8635026,135.9806477,196.0272929,ssp585,165.3094094
2017,9,87.88352477,49.46355376,14.70372365,0.133629097,36.63561916,72.36319347,56.73773551,34.12529926,31.70423418,ssp585,118.333754
2017,10,7.727055405,2.922706195,1.004210204,0.358475587,1.120089143,1.097421173,0.234054665,41.1030351,20.913803,ssp585,1.055821898
2017,11,9.302079646,11.3930819,15.30403316,2.021969755,5.89E-04,7.705884285,0.140633076,10.89113328,21.73521535,ssp585,0.061509337
2017,12,3.736567759,1.8657771,75.736973,10.66699318,0.95160794,4.920741538,4.393977316,10.56072959,57.83659198,ssp585,8.8426613
2018,1,1.621292002,1.131480609,0.788119533,8.964196872,2.906731036,2.951392312,0.14255175,6.992873172,40.97495365,ssp585,13.5644772
2018,2,0.226354115,0.008208134,0,3.021889644,0.040683721,0.013119732,1.74E-06,11.04531772,0.893769325,ssp585,1.957029037
2018,3,1.009759357,0.952562,1.69689166,2.83601375,2.243869546,1.054818457,5.075101477,2.753915562,2.409300356,ssp585,5.880182915
2018,4,4.630706325,26.01001762,2.943150429,28.67758316,8.552137637,7.934873269,3.367728156,7.609268517,2.700990288,ssp585,0.226077146
2018,5,14.83842394,27.41440027,12.79126364,0.549591723,0.636344536,5.149577963,0.313175432,78.88789868,4.612811421,ssp585,14.25029887
2018,6,27.43585047,8.339097111,28.31187451,40.05876683,20.45624996,9.881309639,14.47035667,30.44048826,13.56898923,ssp585,15.88567328
2018,7,173.8874114,40.20238387,19.48532088,33.6858849,45.01621029,146.2954076,136.1224998,140.0085404,6.10542869,ssp585,51.35300087
2018,8,47.25265501,182.1540033,49.06586625,52.88827001,171.7429186,119.3433116,31.52337541,70.26487155,198.5233909,ssp585,44.41805329
2018,9,17.5060923,39.98749417,6.8545105,26.38980227,20.37739841,38.67050668,4.096599581,15.01706154,50.50793555,ssp585,14.16161508
2018,10,3.123116434,99.80724556,0.301181645,0.730023052,0.001193311,24.48270817,5.431671596,0.01370068,1.168468552,ssp585,19.26647448
2018,11,5.447563349,59.01503153,6.329539212,3.036707205,1.545721157,1.933987463,7.123257365,14.27847833,0.509950178,ssp585,0.001968
2018,12,7.797527094,0.515848972,13.74125223,7.354337207,10.7598873,7.131189467,1.245440634,42.61283911,3.697919932,ssp585,0.001393651
2019,1,6.478809765,4.162688121,2.675406258,7.296867593,16.01839974,13.99760852,2.236594235,6.410758644,9.657304746,ssp585,14.02863427
2019,2,11.49024366,1.642826283,0.412674432,19.01024565,0.188855978,0.109936622,0.483843926,11.38971386,2.306141753,ssp585,0.52699936
2019,3,0.690831674,0.715548806,0.103695371,0.121692826,0.631702565,1.177616651,1.442042236,0.23657725,8.820388234,ssp585,0.067144738
2019,4,0.284452467,67.7134451,4.797203277,4.821580025,7.011013257,15.94400228,8.445746972,14.6878828,63.07447592,ssp585,6.784295462
2019,5,0.997736314,11.30611268,7.893703314,1.116205381,47.33996609,8.235436798,3.302607074,0.399250638,5.62510608,ssp585,2.303093678
2019,6,12.76946687,26.04064344,9.977643267,25.73043017,37.3644883,81.54511702,19.32986146,38.03799348,15.53981652,ssp585,28.12850804
2019,7,167.9991967,69.02329877,99.83439644,13.44009581,43.01207933,198.3350263,33.82470679,45.11484418,181.4318095,ssp585,115.3504797
2019,8,193.8628587,102.1018201,177.2808839,147.2647734,10.08504748,171.1366579,154.9613542,110.1452211,132.2775774,ssp585,136.8353575
2019,9,72.42776647,13.3945592,31.52570738,4.739955613,13.11133365,58.98781932,10.40891725,42.12821134,69.58152667,ssp585,28.60606503
2019,10,0.156658786,0.003961922,0.285307882,1.562063782,0.003088387,3.05958177,0.725165541,0.754023455,53.67773847,ssp585,44.42763341
2019,11,2.03909651,6.17E-04,4.090981526,27.70384531,11.91208835,8.187777872,0.091769908,0.042278309,12.42187294,ssp585,70.60441158
2019,12,0.351409394,19.04896447,1.098446888,1.695438804,2.936371141,20.99883229,3.196739378,6.056178212,7.307785702,ssp585,33.18478883
2020,1,2.215447168,5.569863592,2.600111427,1.155213628,1.320024253,34.51684292,1.95380548,1.48743414,0.112744123,ssp585,150.6932126
2020,2,0.01559435,2.575141837,0,1.725694241,0,0.335336863,0.011013868,2.536323829,0.690429451,ssp585,2.713712442
2020,3,1.752184905,0.825165859,0.031049845,0.733005309,0.164735867,2.40768629,0.136169077,3.742188998,23.19050967,ssp585,0.575290305
2020,4,26.72014851,32.0663552,1.301068858,0.630123415,5.435391424,9.054872403,3.912628779,16.20715711,0.526821107,ssp585,3.587281971
2020,5,10.10707626,21.93056626,10.26157974,35.58848557,15.21418594,8.607507062,8.67385738,21.26103749,3.613748448,ssp585,8.823264678
2020,6,22.29761671,42.10320271,6.771583568,14.95159857,8.774497952,37.11759428,11.97308617,34.51361996,6.720983765,ssp585,7.665125288
2020,7,150.047458,15.53591288,111.8759778,135.3873821,60.50405885,103.6008219,129.5598254,80.76074589,100.99294,ssp585,75.02117916
2020,8,92.62891571,139.077603,49.16402297,63.87497491,72.99506762,46.29352423,38.56272413,64.6746793,195.9174337,ssp585,147.6916867
2020,9,4.431262308,85.44169224,27.65501906,18.32603851,26.27847742,4.283940235,11.43512156,44.32639191,32.72087694,ssp585,13.3881529
2020,10,7.261162924,34.91207273,4.877912747,0.008881711,0.208085093,0.218541823,14.51882201,64.68100204,18.55070025,ssp585,7.53E-04
2020,11,10.98800357,105.0084801,7.929240783,0,2.798456989,0.413816839,0.421116369,10.16282461,0.690646338,ssp585,3.836231849
2020,12,16.8147084,7.454137593,44.63939926,0.198914045,7.910795589,1.95559653,18.04132505,29.66678288,9.499366449,ssp585,2.289007056
2021,1,3.39793217,0.673785349,6.332848068,3.225596584,1.310047267,6.375379821,1.576921804,30.37346098,0.052711793,ssp585,0.008785153
2021,2,0.064408174,0.00607061,0,0.827049471,1.60579274,0.178879636,5.535249851,2.555178106,0.483479578,ssp585,1.626133378
2021,3,2.85734851,0.846338656,0.298357151,29.31087814,1.189988899,0.101400039,0.024159133,0.299998939,0.538607706,ssp585,1.851422029
2021,4,1.899438652,9.391035121,2.107551023,40.80318775,7.447374918,0.437771065,4.25603876,9.864490843,2.975849842,ssp585,10.45216488
2021,5,38.31721244,1.591228489,1.888211746,21.07730291,93.05968871,11.64023918,43.52919426,3.745823074,81.69664476,ssp585,10.22714351
2021,6,2.027832216,51.97223612,20.48132514,2.184588151,4.378040061,7.574802919,27.42065647,32.75046775,11.01841475,ssp585,12.68826715
2021,7,40.20573359,60.86588393,68.55198831,50.20171339,63.87402627,73.50420539,147.6230483,82.23768594,138.656298,ssp585,152.945771
2021,8,10.85820948,21.19450141,106.5295593,11.72061721,86.41141852,78.52562498,119.8791737,40.69480499,77.38798063,ssp585,102.30987
2021,9,10.8006543,7.22003759,18.367945,27.4717494,15.43974112,38.86829116,42.34098555,12.14479509,13.45612105,ssp585,51.27655398
2021,10,22.28618831,39.69021483,2.608424138,36.28140339,0.722171171,0.142914544,0.044449462,1.701057635,24.51341214,ssp585,4.699946313
2021,11,44.81377576,3.193644176,0.268974756,0.53763132,10.72701231,2.392012272,10.73731862,10.95419513,5.90076862,ssp585,0.393759925
2021,12,19.28984779,18.07135205,2.940863541,6.818349802,26.46956961,0.46671891,5.238590518,13.92775504,0.432493503,ssp585,2.672632691
2022,1,4.206668889,3.435149443,3.938640084,5.940193687,12.89762962,0.822879372,1.828914424,8.668445521,0.616992337,ssp585,1.702161124
2022,2,3.14E-05,4.166372475,0,1.325970526,3.773385585,0.133881266,20.18958548,0.622226557,2.576699217,ssp585,0.303513676
2022,3,17.5211281,1.201301636,0.356582454,4.152388493,0.720655171,0.651884837,15.88294685,1.237751438,0.742580046,ssp585,0.511668202
2022,4,64.65424466,15.56650479,12.53985837,4.386442875,26.76366234,1.040342701,35.10725387,8.458607375,53.49145731,ssp585,14.56086858
2022,5,28.34091206,43.86532537,1.314973583,18.11179211,1.496457327,3.398399056,5.660694974,3.966940447,18.24625999,ssp585,1.822245059
2022,6,50.02059906,121.6162048,8.740081675,57.10387933,21.45691087,14.88535148,25.8633144,15.63215479,7.76939862,ssp585,9.377657041
2022,7,182.6853908,98.92967657,269.0658458,6.307418261,18.05434267,101.7504598,76.8207628,26.58974204,150.6254235,ssp585,59.95013999
2022,8,83.98557879,302.2835529,67.64807578,57.60520684,8.154701564,35.8239144,224.6968404,48.18155907,140.8421022,ssp585,257.7624712
2022,9,40.25428097,58.98857548,23.6600454,2.289047697,14.45324516,36.78897212,41.29612565,56.66471372,69.10384165,ssp585,59.05923162
2022,10,0.102890597,0.121551534,1.999656869,2.811412251,19.2229731,0.001812934,3.453465562,0.241530025,8.094106169,ssp585,10.00884515
2022,11,0.951496689,0.601775219,3.221632558,0.628890549,5.743466375,0.72924171,0.003149472,1.164352699,1.096203908,ssp585,51.72732778
2022,12,10.77492032,8.54581345,1.830132028,8.536543772,4.622073669,0.569574735,2.119208598,5.628220443,3.701152428,ssp585,55.26271099
2023,1,2.952245851,1.733118582,3.508576972,5.60626835,8.216525302,5.056646244,4.107161057,33.02579505,3.00900137,ssp585,4.887210486
2023,2,2.37076608,3.122408881,0,0.3821491,6.500897302,0,0.225743991,2.556995473,0.366615234,ssp585,0.983431047
2023,3,8.953212956,0.467059961,0.152588232,10.98198509,0.711627162,0.804034287,1.34813391,1.685229118,14.7280616,ssp585,10.99417758
2023,4,4.189049569,0.044723079,14.99666224,10.55107756,27.08392023,0.910757227,5.938289114,11.03989497,0.966852874,ssp585,6.554851218
2023,5,5.425660961,13.58711631,1.999043704,12.78846801,2.536032283,27.25781578,16.60198191,15.60989202,1.375760227,ssp585,2.541036182
2023,6,14.88090588,19.54958218,11.18321462,27.57395062,70.19199799,13.63663545,10.97876158,99.95062311,15.26526189,ssp585,10.97105479
2023,7,55.28937295,127.6528355,71.63566877,61.6291194,34.55045376,89.10484521,28.23595801,33.968493,66.23194961,ssp585,53.01506936
2023,8,43.12403774,110.0807287,49.96872439,52.01327907,86.32929294,123.764745,146.8249348,62.80393416,247.1918497,ssp585,127.5003808
2023,9,82.26615663,31.64359795,31.84339367,38.24138232,78.53132899,35.25504753,9.533674909,20.88777373,75.02574335,ssp585,80.15246903
2023,10,1.596797528,0.755771808,13.64634145,0.29589201,3.441834765,0.315403379,0.351597546,0.003339456,0.371772556,ssp585,0.574576633
2023,11,3.373214565,1.225949805,2.089628703,16.52390049,22.24647548,0.70135661,19.08866069,13.21001236,0.892576076,ssp585,0.135938601
2023,12,1.068318972,8.027956292,2.059131953,3.211473365,4.103319874,0.71384383,0.820428449,1.511143336,10.50846085,ssp585,1.024118635
2024,1,0.47328127,1.543747615,9.274860265,2.537303492,9.53534876,16.65637224,1.062137979,8.629413929,1.35512338,ssp585,107.309386
2024,2,3.530447903,0.05761576,0.006390003,0.111421938,0.267349774,0,12.56188225,0.931899934,4.606268896,ssp585,12.97387404
2024,3,0.115237906,0.006253776,1.749388791,0.646563558,0,0.057903312,1.040034072,2.256889881,1.064521104,ssp585,1.362027371
2024,4,1.850318122,0.610419168,14.92110099,0.423383591,15.43610875,4.023262348,27.45694756,5.888555933,2.471264061,ssp585,12.26694345
2024,5,0.72189626,5.061104438,44.80828629,12.90298972,0.848929165,0.848854396,36.29562165,30.08653308,3.070629655,ssp585,6.106668606
2024,6,13.38558155,11.75199984,5.330974482,16.70231986,5.860157357,86.83039876,45.85278177,164.2121739,8.987367068,ssp585,42.40601522
2024,7,24.25771205,31.90053132,77.32596169,152.9063511,29.63908433,58.25776115,75.61359025,9.087870891,29.69936213,ssp585,53.38185708
2024,8,38.32476174,72.39598489,88.7136516,131.3237119,62.32816302,65.41119823,53.33610851,20.51435997,184.8064512,ssp585,160.7421383
2024,9,12.69618006,11.04089852,22.01449876,27.18121987,26.00451277,73.82487569,9.812130251,17.95650083,17.70927476,ssp585,53.74066977
2024,10,16.16147197,7.722182451,0.276728648,1.875521932,0.472724233,1.42140215,5.497311188,4.934303129,1.372957337,ssp585,27.17486648
2024,11,20.04835017,76.60931782,0.721099665,3.305607245,15.35627101,0.452105956,0.556049424,2.05231305,0.821756294,ssp585,22.37583811
2024,12,0.170540115,26.82506374,4.485883708,0.133234821,17.82016513,0.333139047,15.40077021,50.58162984,0.124549104,ssp585,0.028708849
2025,1,6.615044667,5.339032031,0.081734247,10.50688623,5.53991241,0.116928635,39.08712824,11.64247403,25.62240319,ssp585,2.92076193
2025,2,0.051372563,1.109369662,0,0.002813432,2.181796667,0,1.018763438,0.293220699,0.531927311,ssp585,1.29064212
2025,3,0.319076518,0.332172245,0.640621515,2.260344082,0.047334139,0.008169665,0.004899532,19.79003956,1.742120752,ssp585,0.126225095
2025,4,3.799392628,8.11306439,1.957098914,19.90875676,0.022295704,2.113559359,30.80875564,11.87353054,0.8395201,ssp585,3.150386287
2025,5,24.47806347,21.0776013,0.283278509,9.415504136,17.39832641,12.1916973,57.10429678,39.30885277,1.292633056,ssp585,4.850456818
2025,6,5.377977787,10.70530439,30.51153572,8.34336767,33.31928372,30.05682762,17.57645169,32.2850908,72.9683095,ssp585,20.90440083
2025,7,54.84490499,90.07778208,161.058627,115.280584,10.42924685,33.94937353,41.10441842,32.04781154,158.0649977,ssp585,154.9041036
2025,8,82.14866175,91.00778008,88.47375436,42.97176459,44.38936138,61.1418755,37.55032479,70.45958967,224.9142385,ssp585,238.3289593
2025,9,20.16572201,72.70202421,33.14678239,37.15248315,54.10245608,36.31612865,4.543954225,44.28170025,37.40688141,ssp585,48.81115068
2025,10,0.409494761,25.3208147,1.244286962,2.962450295,16.0373343,2.641702613,19.88242132,0.800910765,14.38076614,ssp585,8.993533863
2025,11,0.53949448,24.38480417,11.32907473,0.541196808,32.38342507,7.672776047,12.8624761,0.223437804,51.43061989,ssp585,0.081736726
2025,12,0,3.966915717,2.926125915,0.350410863,10.67977371,0.633165629,4.597533971,3.589981858,14.16839355,ssp585,0.005804508
2026,1,0.124720323,21.11075661,1.53981146,20.51080659,2.189829199,0.11357425,23.41590189,8.128228155,0.884169291,ssp585,0.012615385
2026,2,0.452974699,3.170714601,0.003583849,14.44266883,3.40E-04,0.829827467,0.038531089,7.55E-04,0.580163679,ssp585,0.019006449
2026,3,0.899577133,0.372303865,0.114511165,0.124456365,1.14E-05,2.690932109,0.736491966,0.510409866,3.843299967,ssp585,0.086975863
2026,4,4.669400824,16.8695455,14.51153973,4.148011587,3.124367202,21.53763646,11.28250092,6.085832639,5.254489166,ssp585,7.031525218
2026,5,20.78010399,9.91581126,14.86168574,1.966311097,20.98682697,0.911646022,1.986407367,7.256446679,6.615566014,ssp585,0.786472196
2026,6,36.51482739,19.40995801,21.40607871,12.3806502,57.05494337,1.193456202,18.76335901,31.08636587,14.62262943,ssp585,49.25633828
2026,7,156.6593134,30.42044258,250.5231197,53.36974619,28.2559627,48.71146667,146.813418,36.88963168,90.26838781,ssp585,51.98313609
2026,8,22.17578113,182.9332262,137.9253443,45.70570493,70.46788975,151.6382345,81.74475266,65.7565533,46.2771036,ssp585,119.1009921
2026,9,18.53594778,97.35254695,35.97709682,28.99635822,9.589406283,108.3333846,54.34393157,25.38904192,9.83985931,ssp585,24.42558607
2026,10,9.792284935,0.502141556,0.036511176,0.726069023,0.083617402,2.170704528,2.802146659,0.838025553,21.12059832,ssp585,22.42504757
2026,11,8.531312765,6.687281179,1.73737788,2.487366992,3.21258,0.002626891,0.255988394,0.015855945,0.926803153,ssp585,8.811272233
2026,12,0.007003199,2.331073287,3.622773542,9.514135575,2.19159864,1.068921769,2.189628646,0.038752739,3.337833931,ssp585,9.063741237
2027,1,0.00921168,12.91725075,8.685998753,3.60335784,12.87228617,6.527446378,27.51167611,8.615710683,0,ssp585,8.008004825
2027,2,0,4.871124612,0.041567495,12.87317087,1.024357818,0.126865855,0.001797992,2.684679633,0.897133441,ssp585,2.840994878
2027,3,0.016021969,0.269173015,9.659768739,0.273747741,9.16E-06,0.041412398,0.081301695,6.005001426,12.43951038,ssp585,0.400256833
2027,4,7.196598702,2.383986966,1.673305348,49.49421958,1.059639278,3.412142081,0.906515311,3.717204127,8.155228048,ssp585,32.24631007
2027,5,5.714999893,24.85412912,3.280543672,5.521072948,0.049332135,3.98885689,71.47206088,8.549795238,12.29786118,ssp585,0.949521081
2027,6,21.61942468,8.807165159,12.00411498,7.844728229,75.43642081,19.31803133,2.525269088,9.506570282,3.332514267,ssp585,13.91495308
2027,7,50.68146422,123.2077636,74.5057087,18.08955536,6.490093419,82.61379116,78.02434752,49.06065819,118.0514524,ssp585,19.61430146
2027,8,17.45732582,110.3656374,59.07825495,348.6936033,85.59280883,97.22757372,62.94117364,44.63082159,231.5260556,ssp585,55.39536614
2027,9,54.85092081,36.30562848,22.98532238,20.76654121,16.27322454,13.73325149,20.56759225,10.91083024,16.85081248,ssp585,60.33998169
2027,10,6.169153733,13.49726544,7.375836487,0.412271972,0.419683085,0.121136904,2.331222833,0.31750229,45.97157401,ssp585,0.00138016
2027,11,0.184213741,1.79379188,4.543527793,4.451944772,2.232990354,7.719064166,0.09221037,2.786209443,18.25488999,ssp585,3.299025181
2027,12,8.674200237,40.30725991,35.37792906,6.782855606,0.344313577,3.895667454,1.413474186,9.146984241,6.457683852,ssp585,7.705070285
2028,1,5.430446128,0.338564929,13.94685935,0.016748651,3.793795616,19.88772288,0.244969641,5.366877543,52.60095025,ssp585,12.27659341
2028,2,0.518188297,2.243540908,0.022800017,8.791108201,0.041922276,0.007778757,0.440447585,3.505850848,0.022577163,ssp585,5.306761303
2028,3,16.35394882,0.549873041,0.022453367,0.628884572,0.269959106,1.364570581,0.013303223,3.105201618,0.976073188,ssp585,27.321076
2028,4,1.946704902,2.33601582,1.474337582,16.72331002,3.74375185,4.331723391,5.823376061,4.570104343,3.336728928,ssp585,0.567911512
2028,5,7.581985218,6.100162238,4.778607845,0.216734126,22.77788103,20.379351,41.52408381,7.732473409,8.454346685,ssp585,2.1734465
2028,6,29.61702531,39.09015587,9.971595139,2.432868227,17.12565409,13.35323647,6.066676784,66.21083466,8.603061331,ssp585,11.8122607
2028,7,38.31904367,69.79023493,103.2587806,23.6936731,88.52363394,22.48923474,170.6919682,34.82841205,113.5561768,ssp585,48.45031448
2028,8,40.3669155,9.84669763,144.0479091,28.44900782,46.38473002,210.4462594,64.11732618,57.16886619,204.4022913,ssp585,115.210964
2028,9,10.74791482,131.4854429,43.74434269,60.29433112,18.20365495,50.00035741,84.65103396,12.95345527,55.46873804,ssp585,23.42202373
2028,10,57.69538736,14.08479397,1.275169638,75.998106,19.19137308,1.604156486,8.184041236,1.265300253,8.124141006,ssp585,0.008031823
2028,11,0.124241413,2.926417365,0.233371859,5.037589384,20.08802261,1.646313604,0.292993003,0.958759317,7.027249848,ssp585,0.056285907
2028,12,26.28710563,0.141763437,0.488877401,29.05781757,3.301007349,0.46539616,0.932292931,4.61993136,6.778532762,ssp585,1.27079623
2029,1,2.897930131,2.104144478,0.042054299,1.175840151,0.407955352,0.098622819,11.61342454,4.188292716,0.15099851,ssp585,0.442135857
2029,2,9.999355357,9.391572378,0,0.052157656,0.134060394,0.003266259,1.091776905,0.370413411,0.01011566,ssp585,0.110628745
2029,3,0.006769897,0.604767949,1.134228608,0.174760931,1.308767493,0.402261983,2.487805149,0.048121845,0.151587649,ssp585,0.237710945
2029,4,11.17806068,1.246215936,0.527862508,5.871713729,32.80059713,1.351125807,0.982245442,13.1875935,8.935824408,ssp585,0.011748922
2029,5,0.548587938,25.69870338,15.41572435,12.6972996,52.4592899,4.405561207,22.83500994,3.251485214,0.722664292,ssp585,6.104348395
2029,6,16.38348054,5.593853987,49.70929478,13.18598286,21.04522697,35.61424994,16.95690042,4.504653787,28.80967393,ssp585,17.43150392
2029,7,68.18521236,66.26025348,213.3781861,2.384869124,31.39719825,80.56448055,116.0035589,41.26005632,37.57257091,ssp585,63.88327337
2029,8,91.04553756,230.5778676,75.74087048,37.74333867,162.065236,94.12525103,151.0438345,17.45315015,115.3977236,ssp585,178.1011362
2029,9,10.11025382,140.4434568,10.9823732,11.05273442,14.66962322,21.89357037,6.35404456,37.62248899,20.16565705,ssp585,43.61433754
2029,10,0.015246677,34.74353772,0.371688098,0.031716148,0.03747487,2.494415209,32.50987612,0.866616483,20.07697392,ssp585,14.44950223
2029,11,0.741509888,0.03695385,0.544383531,6.697447516,2.876355359,0.951263956,1.271232438,15.44933906,33.64971908,ssp585,0.066588582
2029,12,3.289096896,8.210749902,3.899806098,0.14291062,9.443566731,0.821795029,15.08504557,59.04406521,9.390143,ssp585,0.089744648
2030,1,13.43186408,1.159406417,1.670705519,49.23047295,8.870205648,1.373375524,0.045323335,27.70601007,18.01953302,ssp585,0.091652295
2030,2,6.889058666,0.638327387,0.00360383,3.727981805,0.233693517,0,0.042536171,0.985414709,0.011624588,ssp585,0.21810003
2030,3,7.64111599,9.40E-04,0.080494897,3.723484167,0.396197845,4.14655292,2.023751265,7.396060263,0.856062335,ssp585,0.159719154
2030,4,2.065885068,20.44770215,0.329589614,4.236669642,6.873822061,0.002682887,1.658573188,25.11843516,36.68655905,ssp585,0.378645404
2030,5,8.62245906,32.68807495,7.045699085,35.88963132,11.3954351,12.10431603,44.79808005,3.228955797,26.2773146,ssp585,5.23159118
2030,6,31.56477813,13.73778775,21.18374063,32.11790657,9.12357346,27.71616281,3.068434425,4.1389103,10.44902004,ssp585,8.852111793
2030,7,80.66827299,182.9518512,103.6891357,39.96678895,44.07637439,78.18744041,152.0604506,21.86030003,73.00352567,ssp585,175.5800618
2030,8,28.60109543,49.66171473,97.79561893,205.519738,38.35584574,64.09192401,193.4564816,364.5368999,265.0644841,ssp585,60.62231161
2030,9,35.55615351,100.6554909,14.54420484,26.48852997,34.04912562,38.25452494,150.5577297,54.02450571,28.8839301,ssp585,26.49835663
2030,10,8.705425915,7.094453146,20.42277611,0.006720112,9.01394947,0.813374527,4.226093292,0.263678633,30.6910238,ssp585,0.001009156
2030,11,7.037305542,0.810842071,39.89622651,1.419594214,16.57256438,0.543484178,0,17.74749358,2.844686302,ssp585,2.21618739
2030,12,12.52816406,2.410830946,22.76170349,9.744884488,1.933402189,0.315655618,0.009674519,46.33816735,8.411454265,ssp585,6.27E-06
2031,1,0.009247893,0.043588816,6.496744791,21.87284264,11.34578373,15.08154993,0.048231907,0.120501736,6.910245608,ssp585,0.027802333
2031,2,0.572431653,0.004245066,0.264007382,1.854062565,1.299451786,1.918943051,0.003070746,0.408002442,0.288444376,ssp585,0.22927625
2031,3,1.118618701,2.085006079,0.069263791,0.813726596,3.05E-05,4.456916953,0.068051584,2.89888992,1.674389551,ssp585,0.19366641
2031,4,3.964166544,0.530046612,2.377877765,16.6473491,5.180962687,18.77883706,1.281925736,18.03566122,1.228294022,ssp585,1.124283047
2031,5,19.11885091,7.502811303,9.645986347,20.03386566,12.74590282,5.357455685,0.456167897,11.41450945,10.33051658,ssp585,1.02627006
2031,6,33.0602974,47.34734918,20.57197816,115.4336905,22.54681496,4.844371864,39.6659861,17.73187169,11.68501218,ssp585,35.14129329
2031,7,7.794773229,130.7843806,63.95558205,64.99947141,51.41830478,27.05392305,363.239267,95.87408242,5.043845958,ssp585,79.53581553
2031,8,57.59154071,95.73872163,38.66702142,53.24982526,84.73600804,104.8620191,84.28715604,77.29941913,79.0634729,ssp585,157.5733989
2031,9,36.57409936,10.90326764,24.99441332,98.59530442,14.68381257,47.90763093,66.58431398,12.63927767,9.673169778,ssp585,24.28904361
2031,10,33.78156488,2.49664731,2.153384208,47.62086094,19.63246988,6.630784533,3.312725587,53.74131303,5.49989479,ssp585,0.54745308
2031,11,10.13198074,0.706727832,3.97894803,0.012335493,1.90766036,3.87E-04,0,8.405298276,5.34455126,ssp585,2.582403104
2031,12,19.86451723,6.003007014,1.280153407,20.1244259,8.912756742,0.965672888,2.90650898,2.433330202,12.82493219,ssp585,14.67950022
2032,1,34.8329905,5.895876066,2.113147977,2.363221876,21.14481711,4.005044772,0.070555591,16.01812567,3.562591776,ssp585,11.61198216
2032,2,0.318287571,1.967094301,0,0.260078427,0.443979301,0,0.009732593,0.219205537,0.046514766,ssp585,3.231576221
2032,3,5.781634665,0.539614181,0,0.013816982,0.097811334,0.178159948,1.097518697,2.535621345,0,ssp585,0.15733628
2032,4,1.329589876,10.1281803,16.38544869,11.42411247,6.094786539,12.05403729,12.79016334,2.304714827,0.419458455,ssp585,1.354364288
2032,5,0.852755746,19.07153343,6.156844907,3.75657926,49.63397093,3.312051884,94.51231357,37.67599305,2.376740673,ssp585,12.72093327
2032,6,11.74765644,11.19501232,20.28042534,14.59303061,20.15328427,20.94214218,7.241431491,15.26355398,6.317067668,ssp585,28.34223358
2032,7,19.86949241,44.71898046,79.65907206,21.91907556,78.03204957,101.9418684,243.5273026,84.25267879,68.47043368,ssp585,62.21754851
2032,8,103.335355,63.67527269,80.87744646,183.6290185,265.0061767,113.7593306,285.9231603,65.39284112,301.7080391,ssp585,93.51884918
2032,9,26.46246513,49.93030402,8.431443575,43.88648966,35.54002263,15.2437749,220.9837043,43.07667156,53.64330373,ssp585,14.73890855
2032,10,1.37373101,1.507419624,0.486987273,1.793783547,0.084411387,1.888837022,25.49936782,21.7603661,18.40117279,ssp585,6.000900933
2032,11,1.823520688,0.598083657,1.764005333,13.46898213,31.10423687,0.179534263,0.053230374,29.84667365,0.171030305,ssp585,7.233413114
2032,12,5.608878069,4.577067063,1.357406581,3.098577142,3.161292175,32.64551935,4.185691362,5.594729999,11.778508,ssp585,43.22095932
2033,1,0.749477589,0.331541667,1.0125367,44.71866167,63.33674841,0.328417777,1.796359883,34.55355465,31.58256228,ssp585,4.467239252
2033,2,8.45E-04,2.617087674,0,0.674029506,0.050669942,0.19638577,1.284615978,0.171842059,0.327740515,ssp585,3.649107808
2033,3,5.001475543,1.262162542,0.076278367,1.6598512,1.15E-05,0.34808678,5.456864425,1.684207751,0.113253883,ssp585,30.81051958
2033,4,22.68341916,1.012444322,1.558778124,2.311201095,9.926467697,7.78199826,2.105267854,2.537867563,9.175432015,ssp585,44.38656191
2033,5,0.794519864,4.297251181,3.580205615,4.719213567,76.72524111,9.366578631,37.79156037,0.268854536,0.284547908,ssp585,38.11338164
2033,6,20.21670193,18.3832883,31.62889947,13.34900944,15.06792163,37.51823478,1.65513793,22.54726343,11.74244364,ssp585,21.23680622
2033,7,135.3187949,131.9032404,155.5125071,59.67778414,20.0668371,90.13178707,148.2732962,85.82376743,44.70776329,ssp585,61.47017826
2033,8,357.7539668,167.1571599,204.5837276,22.55618279,165.0018016,138.2401131,288.0943163,278.1441091,125.8002323,ssp585,55.08308321
2033,9,36.03627277,35.10231331,74.08260335,35.18309065,34.45298648,18.90563024,59.61758708,33.1777686,5.717933912,ssp585,38.62705637
2033,10,3.244493286,76.02952424,0.167275147,0.013309357,3.48E-04,4.527852076,1.122343458,1.641089144,0.183792941,ssp585,3.365552459
2033,11,16.3753556,3.383957459,0.683166578,0.685265248,2.05E-07,1.801712536,5.135378814,0.354247429,4.999577467,ssp585,28.0882991
2033,12,73.43318563,9.517699606,1.145141194,0.684551038,3.153089031,18.1974542,0.531958631,7.899434967,2.451906073,ssp585,26.06946843
2034,1,17.8909608,20.32685959,1.394229039,9.065842807,3.884912009,0.618309014,1.667619602,7.430167978,2.21574536,ssp585,97.56725103
2034,2,47.60147305,0.065524797,0.021329901,1.189837557,0.783732735,0.103417415,4.75427311,0.46530114,0.534536908,ssp585,30.69117906
2034,3,0.302139189,0.062910864,0.141192042,0.725417521,7.04E-06,0.120360734,2.309863377,2.027949787,1.348507064,ssp585,22.31785929
2034,4,17.87962506,0.531579663,15.9215548,7.522141687,1.852489917,12.89684144,2.811878056,6.96088249,0.633252702,ssp585,23.77684022
2034,5,6.371629066,12.7016433,12.05055984,3.365365326,7.786514077,1.702854492,1.136209801,8.915983709,5.769368125,ssp585,16.41935487
2034,6,10.79951819,48.10375815,14.92790476,5.115199879,26.18884755,31.95444467,122.8400735,36.64027706,22.56652402,ssp585,15.53035327
2034,7,52.107723,115.5201584,63.93685842,122.5967679,148.295168,90.57570337,82.11536221,4.958504016,63.78327956,ssp585,157.0076037
2034,8,74.04908425,80.51791769,42.8173511,35.72580026,166.2270079,124.1606836,143.7994749,217.9187585,114.8664716,ssp585,109.715104
2034,9,11.52735358,61.38321131,23.30633982,46.2953923,71.80931937,31.0285157,44.83970295,74.35718781,119.6184657,ssp585,96.07290733
2034,10,2.423012785,1.322058621,0.459699253,0.397119633,16.19719417,0.580772594,20.28203838,0.171421541,62.96407831,ssp585,13.45610364
2034,11,124.6543836,0.032470337,10.07585524,19.15016868,48.97469798,4.52761459,0.054222572,35.28389253,17.011009,ssp585,23.59323848
2034,12,0,18.41150354,6.956578674,7.378613155,16.34425343,1.511266447,56.22782738,11.62747515,5.860898727,ssp585,1.453306439
2035,1,8.153736485,16.15158676,21.94535938,3.620173063,9.215526243,7.236684244,0.851922846,37.44306449,0.072636843,ssp585,1.386766845
2035,2,23.92018146,7.889545738,0.02585944,0.702933927,5.01E-04,0.840664315,0.267661796,0.711020068,2.22E-04,ssp585,0.021726632
2035,3,5.472715249,0.216410991,0.105960268,2.298155059,4.023418943,1.477393135,2.733878787,2.630586494,4.278928642,ssp585,0.002861645
2035,4,4.686948531,0.556522308,7.893082019,2.891447518,44.36253374,0.235659682,11.88180398,18.85663153,3.854147884,ssp585,0.134201325
2035,5,17.32361607,10.51660749,6.941240056,15.0130363,2.343033051,23.33983699,4.1047162,40.44704666,3.251541478,ssp585,15.79566569
2035,6,55.04578307,38.71795794,11.52890394,14.43522326,3.929533796,23.53658461,18.59987277,27.14743888,21.34941147,ssp585,7.743915693
2035,7,10.92932164,53.84105436,90.13824114,30.38522887,9.105883568,99.19680987,31.70981871,12.27263163,34.95801625,ssp585,316.7565674
2035,8,28.72287214,73.36227238,57.8881314,59.15544537,7.728876442,125.4951223,169.4094651,73.39022037,80.48911285,ssp585,156.3554448
2035,9,38.81504558,54.84115288,16.21064977,111.5224113,10.70744387,88.26339507,5.670182581,68.88902561,73.63429897,ssp585,45.83699927
2035,10,7.013564975,111.2607788,1.330548601,0.58345816,0.183335883,29.73529092,11.27148969,5.830210827,34.62201427,ssp585,92.64634205
2035,11,6.540243313,18.58384222,35.82607576,24.14325597,16.75596133,1.28929863,39.18332364,3.331094546,1.622546008,ssp585,5.576939888
2035,12,8.304312094,39.56660084,0.562031277,16.72981547,9.4218704,9.730807656,1.293874537,8.140771358,9.01763517,ssp585,0.232554399
2036,1,4.936201342,3.970664382,33.0991889,5.116962608,7.312592827,0.964360539,2.336462977,20.09109434,18.44130889,ssp585,6.48E-04
2036,2,1.137064334,4.303085935,0.00158684,0.061992559,0.129048154,0,15.06276601,1.59646,57.62924747,ssp585,0.012557327
2036,3,0.444303865,3.00884066,1.878619578,0.180833335,1.247211235,3.210994403,1.589005856,0.680831293,0.102578765,ssp585,0.006409318
2036,4,1.231568506,1.031886536,1.269310983,25.96691649,45.76129372,0.870055159,5.217946104,18.2904376,55.26746555,ssp585,3.177741404
2036,5,2.685319344,18.22112854,4.298977321,5.893434414,43.81743683,16.70102902,14.52335471,19.45470059,13.710488,ssp585,5.533114717
2036,6,22.38548632,19.72299242,9.500893275,11.37340216,40.22819593,88.88473932,25.51023587,5.703096355,3.122622409,ssp585,4.284706263
2036,7,73.5562771,58.7387173,54.97793206,67.86056251,98.79617623,99.60343247,187.3292609,11.10163052,43.54172676,ssp585,143.5190595
2036,8,44.41833319,243.0418629,54.80415914,103.1411348,12.45817785,199.6761376,95.21921647,75.57326399,230.4765719,ssp585,153.0305763
2036,9,76.301186,101.8842419,36.98363513,53.7450763,14.87568554,190.189738,40.78963883,15.55581025,57.10302691,ssp585,112.3961906
2036,10,8.795641006,0.066397848,0.010155456,3.459284245,3.266984514,5.271611372,16.66806318,4.490288718,60.21620981,ssp585,5.110452223
2036,11,32.65760236,0.017751249,4.084252134,34.77827701,15.96951201,0.279058646,0.011124745,2.412479097,4.176674743,ssp585,4.328681336
2036,12,5.844606953,1.163986726,5.829427104,11.53146455,9.01686291,4.315057891,0,24.2210933,2.430992385,ssp585,0.576257451
2037,1,3.583022083,1.749516413,0.190047449,0.21316013,5.233170777,0.807253203,0.147187924,13.64821442,4.40E-04,ssp585,0.004827987
2037,2,23.15085399,0.004902806,0.007754308,7.10696924,0.096937564,0.022824726,4.494563511,0.956139174,0.076978211,ssp585,0.373991086
2037,3,2.998659422,0.24306807,0.622615374,3.33E-05,0.51531885,3.325596896,1.078094857,0.8171192,2.600191359,ssp585,16.62835484
2037,4,6.119014625,3.32E-04,12.87724094,6.432267259,24.95898104,0.896732679,6.595135659,2.298338862,3.91685746,ssp585,0.033711391
2037,5,20.51920463,3.858329042,2.108603749,22.3097913,6.225839425,37.81685378,3.975756693,12.25635503,16.45773919,ssp585,1.280242408
2037,6,58.37277102,6.316216464,25.74269222,21.14559814,67.52781462,11.97626062,7.057488804,98.58207827,22.79620165,ssp585,11.09658928
2037,7,158.984716,15.0910316,58.46431429,25.07468177,94.79913592,111.0939658,187.6538927,21.73057152,220.2671006,ssp585,209.8464486
2037,8,155.3619189,212.0226246,71.00388948,40.41951787,55.2243062,181.8112866,333.5867246,67.11550609,292.7745595,ssp585,101.8382222
2037,9,29.72120366,68.67213346,30.1921887,22.08060485,40.25484315,30.45332086,62.78855958,50.1754766,28.10883232,ssp585,83.16513549
2037,10,14.96971429,24.85478786,9.089481876,43.66650458,0.073284837,4.893505079,2.808962076,7.396657053,10.03066344,ssp585,59.03090857
2037,11,1.184502716,17.47442816,7.119298792,2.848469373,3.399579396,0.253259836,34.83377489,20.07304102,6.454026526,ssp585,1.504303775
2037,12,0.08746485,0.7452379,3.874049098,7.304754156,3.591811299,31.99014068,25.26346638,68.73717506,29.03987834,ssp585,2.272699179
2038,1,6.008297151,5.718121736,5.532983991,11.88263008,8.283703051,5.014448691,9.98E-06,17.30544986,2.465649574,ssp585,0.053287922
2038,2,1.912471579,0.125555804,0,42.46902536,8.43E-05,0.005173569,2.7562024,0.805655934,8.471375049,ssp585,1.760811027
2038,3,0.0414322,0.901581382,2.380124412,1.622862204,0.227108981,1.628534918,0.002205125,2.950258482,18.12227318,ssp585,0.138231182
2038,4,0.764553867,4.670395354,16.99106403,15.99636194,10.57747984,3.616548106,18.04414039,16.65005211,2.487089361,ssp585,1.141228031
2038,5,15.80697282,1.283646696,0.241228965,8.503404365,63.91409966,15.27805362,6.307483882,40.62518258,4.96479683,ssp585,4.053741357
2038,6,24.7779306,27.88058879,6.943004061,55.73489464,4.517985752,26.35983359,2.692642139,61.31641456,6.660645663,ssp585,10.34338582
2038,7,70.31844411,138.9158856,45.23873128,55.36114164,12.75572294,182.3964469,107.0060561,142.5836762,103.4436671,ssp585,122.0819605
2038,8,76.88307583,204.317077,135.8212718,69.98104759,154.446158,202.5825084,42.91136942,130.5876646,141.0676388,ssp585,133.1124418
2038,9,28.21852624,90.16275872,30.19045381,35.35301698,80.52356921,60.34496058,9.584395335,18.73829339,30.94286892,ssp585,89.90326526
2038,10,0.115581541,5.272652883,2.652014076,31.81850654,7.951290414,1.554464824,0.820108406,1.33907122,7.364949366,ssp585,13.69448778
2038,11,18.3660903,9.124857163,6.606820843,21.16980708,8.932440215,5.686877881,1.637909587,40.79020271,4.212067948,ssp585,12.95468834
2038,12,26.26529864,12.70531933,13.47563105,9.417859314,13.427338,0.092158402,0.363899115,42.40304043,5.091399219,ssp585,48.53658211
2039,1,27.72029435,11.85227899,5.925444172,33.33940613,6.131701035,0.980772871,5.15E-05,24.45301123,14.54379891,ssp585,15.30967671
2039,2,2.295034703,2.545396871,0.001566771,0.147636575,0.576393715,0,0.090332336,4.741912448,0.483212811,ssp585,3.829130529
2039,3,0.010841751,1.87833489,0.007950058,0.220850077,0.296808988,0.490602287,0.55873161,0.446813666,0.144522603,ssp585,5.329757271
2039,4,1.49573748,14.23852225,2.460974923,4.708953891,5.351465918,11.39099726,22.81113757,2.615480395,3.926566846,ssp585,65.50376612
2039,5,0.813648323,10.98574844,14.95573409,53.08528668,3.869216327,38.43406208,35.48202474,23.66818785,3.017676722,ssp585,3.057484227
2039,6,22.81478957,2.307915149,7.270336881,9.687177465,4.188023661,6.021398217,3.892199164,76.81294829,16.36717695,ssp585,22.40795375
2039,7,122.8280502,68.24033495,70.05954612,13.15192885,68.00759243,106.3399074,71.98495669,138.0133999,15.61591842,ssp585,89.56737431
2039,8,68.48816659,151.5205998,201.5449103,446.1127908,45.97880068,36.81143115,105.1011603,95.34239496,169.2090337,ssp585,86.15499214
2039,9,14.92476429,80.36573051,69.0785288,5.662819842,10.57685098,20.85264511,26.3348106,13.78898119,21.24910374,ssp585,13.44704254
2039,10,0.89142395,18.83501962,1.112717115,76.4463189,41.9317307,6.801354795,45.79421312,0.499297595,30.72704813,ssp585,0.074831546
2039,11,6.619161811,3.485231095,3.507745583,0.66587339,6.854227879,0.275112791,15.32483801,4.035706986,5.08186392,ssp585,5.318400711
2039,12,7.350688842,5.099481274,1.361094782,6.076100693,19.77276406,6.177985377,36.45568218,1.202965223,55.72263591,ssp585,11.40188056
2040,1,8.54820744,12.35496654,1.589199639,1.182761764,3.229780245,19.30224086,9.791773489,22.30605467,10.78822795,ssp585,1.983512597
2040,2,0.227346286,0.014747555,0.001219725,2.678129185,0.246587475,0,2.951233148,5.921290233,0.122632408,ssp585,1.560712571
2040,3,16.2622979,1.871626541,0.342549413,0.733766773,40.37171946,0.724729442,17.63468585,0.052479526,0.65341153,ssp585,8.51198741
2040,4,0.374762302,4.202314916,2.5120097,66.14578487,7.143321599,8.717714161,24.39580413,2.506039569,3.56600561,ssp585,18.62385546
2040,5,1.552120752,32.05786922,0.187577798,2.218795027,13.34340793,12.39156295,22.94340183,25.16452435,1.781804512,ssp585,3.913358577
2040,6,26.24547671,62.82088781,25.00212975,1.461444363,6.088047453,110.6333081,18.07823402,31.60289388,5.477183421,ssp585,11.02898902
2040,7,42.20507047,138.8023454,132.5540621,97.56505549,27.11210877,82.17548637,173.3543368,29.85409681,216.5866774,ssp585,29.39624259
2040,8,78.28468423,83.27568311,57.76459352,47.70771794,27.39714767,55.93901719,84.88498032,129.3783727,312.4277336,ssp585,91.96272723
2040,9,16.25296864,39.81807642,35.75192905,49.45580686,5.662739964,18.63087263,23.95626738,34.18636477,71.31120563,ssp585,39.06054663
2040,10,2.468937642,90.433154,0.829828816,0.233428289,3.179276466,4.936649694,77.45876111,10.76443025,29.58376872,ssp585,0.81814148
2040,11,8.228227901,14.30198599,0.008372479,0.011314888,26.55376944,52.37714988,3.187027442,8.948362402,10.99672972,ssp585,10.2467078
2040,12,36.53681861,5.898976367,2.030791772,9.668813059,7.13282427,3.948300528,1.822395437,7.060044932,7.404469696,ssp585,5.217950878
2041,1,4.319511017,26.86589593,0.588125456,0.798128511,0.716192101,2.196748625,0.019870079,13.18882926,9.782888309,ssp585,46.57106371
2041,2,13.24086729,11.28374354,0,0.97541956,10.03413274,0.033257972,0.059266534,3.219750876,4.369134869,ssp585,64.59136045
2041,3,11.26140758,4.856587487,0,16.76392858,0.50417298,1.477010705,0.508270599,0.844058661,4.400832278,ssp585,11.41697607
2041,4,2.209899952,9.786192661,0.905366665,51.9184832,0.881568353,1.1416596,6.11378702,6.47782287,5.274566022,ssp585,57.5576745
2041,5,11.62934492,11.82429444,1.169694918,34.42318088,0.306671722,0.193353117,11.87444137,45.84798705,33.45103831,ssp585,8.501262186
2041,6,17.9794608,56.18749175,20.0884354,24.47990304,11.92282332,27.79478963,10.19602309,32.83446884,14.85022138,ssp585,10.79512432
2041,7,34.4368565,92.9505668,47.92848394,5.708329875,28.99138609,262.9839375,223.8070221,71.07421355,112.3389608,ssp585,58.82958549
2041,8,73.56964883,177.6981522,59.24847541,13.03528232,45.48067175,197.0438931,413.632437,25.55880972,158.1283075,ssp585,234.6657674
2041,9,37.47956232,109.0453919,33.53177825,77.41682513,19.92478836,24.03621312,84.70858212,24.07724243,67.63870467,ssp585,158.5676768
2041,10,8.431215299,4.359567404,2.331741835,48.4056136,5.484293067,0.31288481,0.084259768,3.68931572,13.30365711,ssp585,0.490766419
2041,11,12.69983556,7.282607401,1.251683484,32.8823559,0.967036057,35.90317479,0.302566176,0.022408355,32.24406287,ssp585,33.21134861
2041,12,5.554837737,11.26698953,33.91705799,10.34603515,0.710463085,32.04151179,0.962198193,18.5901397,10.10239322,ssp585,24.05408154
2042,1,19.14535464,4.737972819,10.00267799,5.251170295,0.89320135,13.22876824,0.063388239,10.49671806,9.24452613,ssp585,8.916377185
2042,2,13.92131148,0.04652728,0,0.460526025,0.016573057,0,0.131044478,5.968318024,0.525301638,ssp585,5.357910871
2042,3,0.239467423,0.337716127,0.092846836,0.046599473,0.371556064,0,0,1.408619234,0.939592684,ssp585,0.494773459
2042,4,10.55748375,1.13E-05,7.490367828,0.975196099,0.058013122,0.270218647,49.09597505,19.13103224,19.65924154,ssp585,0.002522762
2042,5,27.68497055,2.845047839,3.008790529,14.62891446,1.556407757,9.63204323,39.55931705,46.84756133,5.991828532,ssp585,0.044134353
2042,6,7.330915213,68.99157844,14.12061869,4.139630367,11.484864,17.39165125,3.184874465,45.63089225,8.901099478,ssp585,24.90471512
2042,7,8.841516579,174.2639245,78.06788262,45.12692816,36.38128913,115.1485865,72.33206858,27.45039813,4.865370927,ssp585,9.021146023
2042,8,49.33573628,231.707975,63.4575161,71.31153036,10.98573726,473.300509,178.2992178,88.01359838,70.86266848,ssp585,128.01526
2042,9,30.4931033,52.23951693,56.25311198,38.55929479,64.64329564,244.3078643,35.66097381,40.32245923,46.00293225,ssp585,65.37855019
2042,10,0.503678287,2.628688836,3.63683269,0.187243992,0.189931714,0.849271847,0.119016584,0.564917011,11.16302025,ssp585,29.89878953
2042,11,1.564598246,1.439075826,1.935100199,2.48E-07,52.78297388,0.896904259,1.804665324,11.13584625,8.137489237,ssp585,1.474241484
2042,12,6.351670386,1.715947691,9.215798603,2.682647344,4.239166392,12.97107492,0.609012524,15.08267219,2.995774801,ssp585,0.002807347
2043,1,18.00378633,0.005038224,1.731033273,9.646779049,10.58516741,3.268701609,1.124958816,1.834680041,12.3303193,ssp585,0.161334874
2043,2,8.763204398,0,0,0.451999589,0.765892225,0.019961606,0.19328181,0.058869481,8.24E-04,ssp585,0.008216442
2043,3,2.751038235,0.296552598,1.502407635,0.003843315,0.066821637,0.717512056,0.350321708,0.061743753,0.199195222,ssp585,0.002924584
2043,4,12.60201301,8.855330173,19.63520606,12.47285576,4.33758878,2.870001764,0.825783825,3.291851886,8.368359798,ssp585,27.32255991
2043,5,14.00893222,41.35087786,3.189330334,30.88312475,9.886682646,20.85014531,12.09356693,56.25502618,19.09702933,ssp585,0.158086725
2043,6,12.1032687,34.05613732,8.685095395,3.237843255,37.00259747,74.74960844,2.55575824,20.10296983,10.98458738,ssp585,3.2240715
2043,7,85.99087982,59.91270342,184.7281272,34.612623,40.79878732,176.4322703,58.88762797,59.59332385,106.9429515,ssp585,25.30543588
2043,8,227.0495265,276.8621458,150.7491763,90.18366292,45.53553265,118.2576065,115.3679524,48.00723587,260.6498153,ssp585,137.4019605
2043,9,80.5697956,122.8977673,15.31819451,15.11707077,7.084868506,22.68759984,21.32126662,78.36207626,45.9623377,ssp585,24.83237633
2043,10,0.075843007,11.61251498,7.334988117,2.747209034,1.759300461,1.245824892,4.171785708,4.482044667,6.461907262,ssp585,3.25544602
2043,11,7.055857984,1.719895964,18.11819211,18.48285705,2.622351809,0.622600869,1.626864324,0.683847204,1.558404753,ssp585,1.460335085
2043,12,5.900555547,8.617037594,2.606084128,5.34518411,44.21160561,13.12880225,29.9232806,6.307335287,12.74639046,ssp585,17.95545118
2044,1,0.430847735,8.838003499,3.205173682,16.00369873,13.35248177,6.319929676,12.6736189,5.771110584,1.402946321,ssp585,1.495456839
2044,2,2.658180862,1.772301831,0.054412569,0.239679596,0.945370737,0.885699742,24.87829612,0.301674638,0.034646673,ssp585,19.6920195
2044,3,0.016481955,0.254036962,0.077573222,0.036306671,1.118421249,2.205324777,2.178449061,0.045439624,0.015684764,ssp585,17.73328173
2044,4,19.14117864,6.359335184,13.0618185,1.710167856,2.997081826,2.801708716,5.986088014,3.055717972,0.017829422,ssp585,37.71145729
2044,5,0.878446542,17.0911551,1.073421498,31.07278322,9.762545776,8.946279188,27.63775982,67.49305635,0.284011888,ssp585,7.892637891
2044,6,7.118229594,105.9719293,12.85764486,10.9544912,64.76107904,31.76185265,39.66617225,20.33615495,9.980212874,ssp585,24.06842169
2044,7,114.0565218,88.91048228,96.72086273,18.34230445,38.69387839,134.1001049,100.5268116,91.44895797,24.95336334,ssp585,43.09342934
2044,8,77.99622563,268.8357116,106.4372791,21.57035776,54.72379615,54.10910556,70.67681428,48.05032686,292.6535312,ssp585,104.2136885
2044,9,83.60806594,29.44501482,13.68936792,49.25894519,6.486616304,129.3038118,136.4360751,21.52644567,49.21131303,ssp585,40.70830947
2044,10,8.249712932,0.142906204,5.421951426,0.168720388,0.904829957,7.939603945,11.46380888,0.609584393,28.32052242,ssp585,50.7104118
2044,11,3.58423926,13.27455403,8.066203633,26.33638921,1.359348142,1.552794283,34.80784611,2.124631608,4.640954375,ssp585,69.22844491
2044,12,16.45499012,0.00275897,1.79941168,7.073167925,2.92151868,3.511396963,47.8685278,40.46074703,1.982917693,ssp585,31.10703446
2045,1,0.763568569,1.931500799,3.057898295,22.94601131,4.551350236,0.301947398,0.839287894,6.082040106,4.809627553,ssp585,20.6464914
2045,2,1.87E-04,0.101528703,9.54E-04,9.502152068,0.137709165,0,3.891913443,0.459690651,0.524426376,ssp585,0.136346458
2045,3,0.090894975,0.665564418,0.004332336,0.811753208,0.941379452,0.386657063,6.336991624,0.638699508,4.028617689,ssp585,0.336275802
2045,4,11.21392571,5.533407064,6.142575198,17.39377718,2.170952192,2.578170708,5.414205408,3.01815792,1.528377922,ssp585,2.242706122
2045,5,37.22497673,0.278563561,5.062212193,2.686700727,42.32573497,3.414334509,23.53959629,6.021196604,7.592019195,ssp585,25.9204048
2045,6,15.05362675,67.47138065,8.388655791,59.22293343,72.64388514,26.26359781,77.39049993,19.96408311,11.52844562,ssp585,29.97651546
2045,7,36.46019515,40.21680264,79.60696004,38.26746708,228.7276338,68.31492927,119.2912996,57.92024773,51.8217944,ssp585,123.3875272
2045,8,179.8690411,63.42488168,68.24651639,25.16182387,12.70221909,83.6317598,109.3103279,81.08737572,93.65748801,ssp585,132.8697378
2045,9,66.96913641,42.57834728,21.99349313,28.47119363,14.56001044,97.05340767,13.85956889,50.81896369,10.10088777,ssp585,39.28339829
2045,10,0.764732552,0.052569982,0.711828208,41.05523333,3.07227175,2.07278998,26.52102925,0.894496995,1.975503844,ssp585,27.55268931
2045,11,7.531079466,1.513824982,2.089743616,0.587665332,13.95589894,9.03975104,16.73166849,25.06889766,7.096359688,ssp585,32.10730159
2045,12,21.74951523,4.436014236,8.723743937,11.06656583,15.37030078,1.004735585,8.079307407,16.72946761,15.38944463,ssp585,9.444177702
2046,1,12.42057071,18.73034523,2.081853832,9.390728287,9.327587471,0,0.479255024,0.04657161,1.156124256,ssp585,0
2046,2,9.081723195,0.190562533,0.529363184,0.839137376,4.725805919,0,0.039870195,1.648478119,0,ssp585,0.695003264
2046,3,0.278021255,3.163094744,1.078208267,21.7091897,0.00954831,0.839767247,0.574426643,0.822603442,15.18915174,ssp585,0.080323874
2046,4,12.48090856,40.6042024,1.174804834,10.26800972,10.22471383,0.670785148,13.02761369,0.222093884,59.45984691,ssp585,2.804229436
2046,5,6.068499026,22.67724313,1.653871623,16.47381685,23.96595384,7.135535494,13.96442618,3.769856329,54.63971399,ssp585,3.741050173
2046,6,16.61071211,55.34103053,18.98639546,8.161813761,3.1905108,52.65752808,16.57560011,6.034371056,8.324885181,ssp585,17.45052028
2046,7,234.7658304,153.8152668,34.38264844,88.33480568,37.3894925,56.44432996,42.66826605,58.96669286,72.90682027,ssp585,124.6217593
2046,8,72.29653706,134.8254246,97.03337278,109.6393657,27.45801159,460.4862625,234.4134285,30.44670158,355.4264926,ssp585,162.5670308
2046,9,69.89504528,39.39961989,33.44768027,39.3729101,19.15142939,67.49071902,83.66809087,216.9516719,59.5415692,ssp585,30.18331012
2046,10,14.60111985,63.77714464,3.156400972,1.745857091,0.899277279,13.39719411,0,24.32825892,0.618202387,ssp585,111.1193613
2046,11,1.243771694,18.76923413,2.504169336,5.889159235,3.905504693,0.9462784,0.629561288,11.34211073,9.366109704,ssp585,4.45312659
2046,12,0.61909139,4.536954009,3.48993363,14.01960062,26.17144932,1.385149704,2.05456115,5.062922917,3.456219579,ssp585,11.55201897
2047,1,4.180157467,15.57482053,0.704794107,0.185671313,4.502986855,1.047633361,13.67240125,46.30239583,5.832783449,ssp585,1.275008016
2047,2,0,0.125809533,0.003613017,0.193705427,0.950227738,0,1.053659525,13.23361652,0.016239022,ssp585,1.346802322
2047,3,0.490496749,0.113757424,0.109768137,0.23875704,0.110290582,0.018730524,0.288135637,3.21E-05,0.313304278,ssp585,0.302418622
2047,4,0.026826432,8.556560602,0.66733071,69.09386737,1.309176254,0.53294441,4.224399852,13.30507616,3.86483376,ssp585,2.810070371
2047,5,9.499645412,11.83787058,0.256672891,37.71922235,13.60845161,0.019691027,30.07953431,21.62386474,2.272760579,ssp585,0.102067569
2047,6,13.06428708,10.20428765,10.76058104,35.83667736,27.82917604,5.361624444,66.50940531,67.66623661,21.96458468,ssp585,18.46990544
2047,7,109.9324708,209.2272382,50.71802213,94.3570204,12.90645686,108.9799714,120.5456009,137.7866605,186.5983661,ssp585,98.22030291
2047,8,172.9982924,237.1124563,73.69286956,146.2760071,41.96447682,178.0350467,296.0291636,101.0652333,131.0693512,ssp585,115.4675814
2047,9,12.65662771,189.3282588,24.1387892,80.44549114,40.1364294,20.33488554,82.64513617,72.57374517,98.75350692,ssp585,9.877762385
2047,10,0.564946863,44.88047008,0.553448581,0.003401696,22.78698658,1.582262624,0.220202634,0.15582029,3.323548648,ssp585,2.431216903
2047,11,1.540446598,71.16723657,7.093459249,0.310680052,71.60895279,0.322851486,7.784635771,1.214430674,2.30935503,ssp585,10.58192581
2047,12,5.593595145,0.616236113,1.117348692,18.15037494,3.626990876,13.37969449,1.179583251,4.702483561,15.47382601,ssp585,5.921666151
2048,1,2.139291626,2.096857056,9.618291359,2.417916156,7.858288867,0.506808527,1.875112759,6.288819532,41.35210395,ssp585,9.457986831
2048,2,0.104522843,0.812647388,0.014316229,0.348014803,0.008551636,0.004828785,0.004433808,6.524722978,0.094701809,ssp585,2.176841217
2048,3,1.402046979,0.31125464,8.697948281,0.15506753,18.19635298,0.439187379,19.02125586,0.126641953,0.221955784,ssp585,0.73519265
2048,4,3.192921442,0.003828669,10.36357395,5.684605583,11.79127068,3.815035462,3.220823492,22.62288795,0.074170291,ssp585,16.93161057
2048,5,9.037609436,0.758134548,0.379244512,0.338877067,24.37281738,5.03947888,21.29173835,5.161891642,2.937300786,ssp585,31.67894359
2048,6,39.63645483,20.85909018,17.56059487,16.8547339,83.26755568,38.31246457,30.42200483,17.83406007,4.433888355,ssp585,27.72108229
2048,7,58.50571273,69.11576228,121.4779116,43.46828142,17.31738098,196.800719,174.9705747,99.46937441,149.3952816,ssp585,96.02009424
2048,8,84.51329945,234.2790841,155.0356796,147.606886,22.74314306,178.2298695,40.86051106,32.58391645,295.121493,ssp585,130.2108127
2048,9,21.30171107,99.00127693,31.72651037,49.93282606,14.25120487,82.86519106,30.17843137,23.44915927,29.41509227,ssp585,35.25400016
2048,10,18.90061618,0.194570535,0.116952478,32.99155987,6.463493255,4.051748698,1.388364507,1.253375455,8.819148191,ssp585,2.248956146
2048,11,3.651013051,0.061699715,0.480117336,0.794670106,13.24376722,7.7151457,12.46256998,0.118227484,2.814385809,ssp585,13.12834013
2048,12,1.271393292,8.553759659,1.017162246,6.979348351,7.078647521,0,2.08815803,2.203071496,0.036730895,ssp585,31.24710447
2049,1,0.940247791,4.569945746,0.080803528,4.198581588,5.927494081,1.396577726,0.03470341,1.845201035,2.516607857,ssp585,35.24391877
2049,2,11.59659262,0.022008084,0,0.791125158,9.216826045,0,1.227539392,9.63E-06,3.930368142,ssp585,32.62641306
2049,3,0.936273004,0.055025892,0,0.094678953,0.064922608,7.82E-04,5.222495328,0.81814706,18.01981702,ssp585,9.474184573
2049,4,4.504508396,5.269781162,46.86675757,2.037342105,5.84750263,2.08825567,27.67836203,16.05869591,17.33027156,ssp585,41.71674025
2049,5,11.09860576,7.126215353,2.975420266,25.98307401,17.11994267,4.257279643,7.076237909,10.31297687,3.457103867,ssp585,73.80296536
2049,6,26.09295442,84.0804257,6.895253489,17.43002945,34.0617872,9.899040111,12.36964884,30.91666428,54.87100719,ssp585,82.89617212
2049,7,47.12162074,390.9397564,45.90186477,67.95861401,100.0377752,141.2193495,139.2322733,24.04853499,83.76688118,ssp585,34.6044843
2049,8,27.00174294,149.0128167,41.29425883,15.00370196,320.9533897,100.6870088,37.16098805,57.94941465,65.97503894,ssp585,178.3066672
2049,9,41.05506022,63.12771463,29.74797022,41.31741264,25.28314392,58.5576644,74.81958704,16.87863683,40.82158168,ssp585,89.59683157
2049,10,0.166557764,1.795593744,2.935251801,0.01087468,2.826572938,1.892363715,5.198099032,8.148375899,4.165300126,ssp585,14.85992041
2049,11,26.38642811,2.346109007,12.75632865,2.2283935,48.65483451,0.458636659,0.386808836,25.54506004,4.205412248,ssp585,0.182908998
2049,12,12.67823724,0.160508971,10.34267962,15.69151245,1.526710372,36.61931371,3.569856128,38.16640141,15.35621169,ssp585,0.045688345
2050,1,11.13337124,1.044916922,1.207721397,7.783604656,0.3512528,2.993233462,1.559541494,67.74058444,1.511804823,ssp585,0.585763106
2050,2,3.908007123,0.653194859,0,0.547624075,5.674520523,0,16.8284709,11.91841385,2.032296382,ssp585,0.182634687
2050,3,13.95870866,7.56E-04,0.526578697,0.265480359,0.574817602,2.304249408,1.027496219,2.026570518,0.981112695,ssp585,0.006551776
2050,4,2.310914942,7.822583471,4.577416464,5.629490989,2.31E-04,6.692046208,6.458322316,0.724400174,0.016225245,ssp585,6.408704077
2050,5,16.67324171,56.75092709,12.95964078,14.61172756,2.216250867,3.009288806,0.74608356,50.51188139,0.966485483,ssp585,15.49808441
2050,6,27.64847452,59.26203469,32.20309707,12.11766055,20.21633925,24.31670183,33.80145883,68.48349357,9.830172317,ssp585,10.30573585
2050,7,11.58219564,168.8142087,67.61584298,42.37224662,19.85067903,179.103051,35.47791691,29.00133929,75.65369683,ssp585,112.3783609
2050,8,152.7221845,68.2411981,78.79585907,78.41078932,135.1061848,89.50491563,49.02790769,205.9885368,476.6598158,ssp585,236.4816408
2050,9,30.7757257,79.73904202,12.77745418,37.25742303,24.40974959,47.70709832,14.56281267,33.88887283,80.74011421,ssp585,160.3647704
2050,10,0.599864231,27.97418225,2.469394152,0.247559142,0.00366261,1.045172483,26.59996391,0.089676121,13.39327356,ssp585,100.2246037
2050,11,14.7530741,125.8505356,3.817976046,1.424291891,0.370834241,2.912398402,2.003748603,0.580068148,0.002349741,ssp585,0.001846231
2050,12,15.38109833,32.86986999,1.463223034,9.609759572,6.479938896,0.16995873,8.094625025,17.50361735,1.062142699,ssp585,0.342147106
2051,1,23.33967249,1.347956581,12.65692023,30.78185668,0.411285944,0.431334104,84.757067,4.676227862,0.116130812,ssp585,0.019326746
2051,2,4.783605337,6.159008039,1.63E-04,0,0.58719124,0.023241856,9.706357265,0.169779675,0.159319402,ssp585,2.65E-04
2051,3,14.1189147,3.565234166,3.40E-04,0.944182076,0.074267075,0.953122379,0.770318975,0.028611416,0.018209304,ssp585,1.71E-04
2051,4,21.24176183,8.621549512,1.827388115,10.19925999,0.275569323,15.32779777,6.444897945,0.680210539,1.895863136,ssp585,8.47E-04
2051,5,20.52973277,6.063166273,0.326146173,12.41557291,9.875131018,4.144512103,10.54712426,4.877544608,16.59442924,ssp585,0.640517628
2051,6,14.50422335,2.385316438,58.65162601,1.981238791,8.920414627,35.35701537,3.973500819,12.59569695,29.5404825,ssp585,4.690309453
2051,7,27.96310606,182.1121001,162.9356286,10.46801008,217.9832925,91.72203573,463.7329435,115.867263,143.035388,ssp585,65.41617608
2051,8,89.74492229,156.2463025,70.26460534,37.60841365,19.52647316,79.77244712,348.3464336,151.4375705,195.3877414,ssp585,26.9453055
2051,9,8.708717872,14.34854408,17.09872344,56.99449669,17.04753355,58.67319627,22.60370445,46.7341875,85.59330359,ssp585,55.38113343
2051,10,5.137023699,38.8501479,0.591820406,97.94159749,48.90512908,0.156807081,0.006059427,1.067874118,2.752832575,ssp585,2.071931875
2051,11,4.623105449,31.31394555,0.478504893,21.90678075,8.45955635,7.471530145,9.474443933,1.505588994,14.30610291,ssp585,3.968842459
2051,12,4.346529765,0.519267035,6.201313701,28.64118785,6.992643012,0.606880563,0.099781159,4.676615391,27.16960423,ssp585,3.553887527
2052,1,3.455040036,7.579967463,1.648576414,3.204392854,5.748124485,1.492417671,1.46E-05,4.637793586,1.821517495,ssp585,0.213891777
2052,2,0.297084241,0.720762725,0.52840091,0.424034238,9.943065446,0.042313826,0,1.839500706,1.100789079,ssp585,0.126485942
2052,3,0.107474367,0.36123232,0.130582506,0.26904935,0.056018229,1.384681121,4.034576165,0.24165011,1.111228721,ssp585,6.62E-05
2052,4,0.91500439,7.645465471,1.952020159,15.50583601,0.109783798,1.237159507,1.256676533,1.57499557,4.958830416,ssp585,15.03117992
2052,5,20.87446023,12.79853302,10.70157639,50.2825257,14.2774348,5.804229155,29.98680455,8.486841982,19.30518143,ssp585,6.075274437
2052,6,93.99659633,25.84243653,17.81686038,15.03990562,25.47688445,22.88410333,2.683508696,19.3052923,13.76480049,ssp585,30.07858314
2052,7,64.71351208,101.1322869,84.8011351,58.46502289,7.347281949,186.5311025,99.16793013,7.030924756,34.50723391,ssp585,39.85780131
2052,8,113.3271572,149.6273621,90.65100023,101.9985349,205.7955365,100.1542992,117.2818392,47.66771936,208.7336473,ssp585,139.425827
2052,9,14.59852754,68.77245783,10.20151241,44.23945509,8.846906796,27.35603829,156.0523295,26.90227263,17.44191464,ssp585,28.29492896
2052,10,2.262937055,19.96785219,0.017265238,1.741826606,0.046923415,0.753235486,3.279174811,28.14099523,3.299220647,ssp585,2.1739025
2052,11,2.380577325,7.556948089,1.947560927,6.536328606,0.995469074,1.732477213,0,0.894775711,11.37685143,ssp585,0.894798284
2052,12,9.022196463,0.430556243,4.142399808,6.606477236,2.528480492,5.965202024,27.57732724,10.12135371,3.37768635,ssp585,4.450330224
2053,1,0.034129744,12.56174707,5.374176725,33.17057745,32.62995144,0.060993739,28.81826393,2.770719557,32.53434542,ssp585,5.818396239
2053,2,0.407331283,6.207682065,1.86E-04,0.536182146,0.002054481,0,0,4.458664957,0.402881153,ssp585,0.842701524
2053,3,6.207992894,0.064252509,3.625590755,6.709246275,6.571859461,0.106708594,1.71417289,18.62584809,0.113247054,ssp585,7.632633955
2053,4,3.698019022,1.811659869,3.35776787,14.7517558,0.34915231,1.414166833,7.224649911,5.077696564,12.99239529,ssp585,1.978017377
2053,5,12.03845671,4.300860093,2.925430581,2.600333966,27.34103215,0.718526242,28.37662294,68.23612108,15.29719025,ssp585,7.455479517
2053,6,40.64638837,31.23227972,7.201602698,11.38697333,10.77330158,12.92359639,61.33786629,31.73606108,4.068862272,ssp585,41.62304409
2053,7,30.03506574,82.27562528,74.32711837,59.7864327,7.162451927,58.84753277,115.0237999,141.3071657,6.846091798,ssp585,151.4234469
2053,8,53.13926472,183.1536517,117.4795902,56.33082246,9.852406592,85.01136545,152.7817777,99.43514388,118.2272049,ssp585,85.25769148
2053,9,27.0306275,12.9546838,22.03281918,53.65281703,12.57112531,28.6568437,34.54782838,38.04334961,28.63221419,ssp585,28.70025755
2053,10,3.202591277,0.171364789,13.37810487,0.829204433,3.751238715,0.865880858,1.539286341,2.561850885,2.622742049,ssp585,0.261589371
2053,11,5.444987065,0.407003685,10.21860742,10.07392715,5.415226508,4.127718718,0.073205338,0.005824925,1.256756751,ssp585,13.18943222
2053,12,10.56708788,8.399981648,15.22330302,10.56132872,16.79662487,0.174938266,14.93735696,7.826701107,5.460521011,ssp585,7.920370073
2054,1,0.059028721,5.164197479,4.141479736,9.387196243,4.03478108,6.306379534,44.83614061,7.451041454,2.248318009,ssp585,10.95951518
2054,2,14.45596774,0.488128033,0.043554643,0.374816242,2.815457715,0.061753054,0.007144762,0.088800651,6.732580265,ssp585,0.656055694
2054,3,0.065809773,0.492649261,0.661082817,0.566345928,0.001057303,0.053295538,3.630105619,0.891974898,0.242393155,ssp585,14.30487493
2054,4,2.981672505,5.678910487,6.630871813,19.27425966,30.10717953,12.30558468,44.66271182,3.106798937,1.576711868,ssp585,6.953777314
2054,5,17.98785554,36.77998931,2.48094152,4.544223066,15.41837865,4.034720991,2.525019846,24.07737211,22.86247738,ssp585,96.56824452
2054,6,16.50145694,82.49228869,33.46544437,4.673027697,3.90171746,67.37843912,21.17688058,20.84597677,15.54480477,ssp585,18.63140325
2054,7,24.56273671,121.2277193,29.38302995,14.09834834,5.308343581,104.739592,106.7654398,52.0252484,50.44296917,ssp585,253.1098601
2054,8,137.7613116,57.52992347,84.77634266,42.08009133,34.45626597,48.31319959,229.8381487,41.40639461,251.8213975,ssp585,74.80186846
2054,9,15.369386,122.6781719,3.989758958,67.14220264,15.56476898,26.7592985,55.03443794,28.41135578,44.00764026,ssp585,68.72243832
2054,10,41.22028236,5.164967932,2.679363158,0.11526595,0.631078386,4.35992856,1.451934607,53.60970584,5.790400215,ssp585,29.6121185
2054,11,4.595212295,0.06774137,0.771051419,35.75337309,10.18361002,1.74352157,1.688262579,27.76604994,3.6945645,ssp585,6.268954752
2054,12,1.146817619,0.08868937,1.049469685,3.366210549,6.772398488,10.44314197,0.341337526,31.51535154,0.411448177,ssp585,2.524656055
2055,1,0.126470279,0.327558404,0.645953069,6.161603983,1.379326695,4.760464502,15.98522633,2.492296455,0.491137469,ssp585,30.16313267
2055,2,0.349965205,0.239171153,0.026414651,0.091975667,0.666242126,0,58.00818249,1.825322365,0.074743672,ssp585,3.398958173
2055,3,1.662232118,1.899786612,0.108845393,1.137504962,0.012773597,0.021024486,11.38196342,0.17176044,0.046433679,ssp585,16.53654434
2055,4,9.403411541,14.90293302,11.77785541,5.552388181,29.07818087,9.09321397,2.160669743,20.40536381,2.850761222,ssp585,11.16121889
2055,5,4.58281824,29.78945589,3.01052882,4.954801423,2.011020071,4.427807999,5.067684034,28.22962608,26.32128518,ssp585,89.27036449
2055,6,10.89232384,15.26474325,28.91518618,18.69360319,6.054792504,12.91358532,35.48157441,67.60190046,2.776347401,ssp585,23.41239059
2055,7,77.30718803,151.0462806,52.25703589,20.41468272,52.32247911,104.9941623,74.92152031,24.01999812,69.21106439,ssp585,152.1493252
2055,8,150.3897807,186.4101838,89.26040812,22.23864804,259.0936825,150.5760312,141.6240072,47.12158558,364.2579519,ssp585,318.5402702
2055,9,36.23802943,36.55722678,21.18462056,11.4926671,47.81324598,45.89319192,68.8244879,56.48116612,46.22763238,ssp585,15.9250571
2055,10,0.262844758,1.447299765,1.924011104,0.635351413,9.744017953,1.021727694,0.017105293,2.201191081,0.190728928,ssp585,9.24652145
2055,11,14.86411757,15.27612898,5.403669666,95.50820288,0.669007918,22.33941546,4.381762635,0.033519026,27.76977011,ssp585,1.790180603
2055,12,31.60020147,29.30610858,2.0519302,6.272162414,2.563223603,2.568491681,1.06E-04,2.124825639,2.864878533,ssp585,1.409732017
2056,1,2.85458134,10.1597509,1.563883658,6.570330046,22.96479017,1.482564218,5.338946661,0.341894429,5.612322955,ssp585,0.406568919
2056,2,1.469098646,13.3155382,0.003825646,0.358702751,0.072155696,0.012568432,1.078420135,1.19897219,0.443069458,ssp585,0.272384348
2056,3,5.201979452,1.199981036,1.040127917,2.223435837,8.239396592,0.454864951,0.080948189,0.423856502,0.079492129,ssp585,0.125763901
2056,4,0.562652041,16.73789739,4.667904178,21.6569843,2.602867456,4.29558116,18.1450973,1.296373704,0.415703301,ssp585,0.280224053
2056,5,1.352419362,7.640625599,1.401895224,55.65237469,10.90370612,19.07124016,131.6056308,6.623417853,0.840423003,ssp585,1.077546619
2056,6,42.21901464,76.3151964,14.00352255,38.29833564,3.77955761,18.14011667,23.2708827,25.19245068,6.290649234,ssp585,21.07049049
2056,7,62.5565663,204.1127807,109.7252054,81.05552155,30.29387218,40.83204782,39.85290803,24.30626618,59.55022212,ssp585,136.9900089
2056,8,161.2613262,133.4900684,79.70220265,156.2692045,11.40795977,125.930603,47.15934834,54.2834111,387.0559794,ssp585,54.52070435
2056,9,27.22032597,31.2034623,6.999785178,27.91542334,18.36965479,44.90854054,16.21027284,42.06407676,88.55560646,ssp585,24.45132772
2056,10,0.964220746,26.95105859,0.582268564,6.506382825,0.535775699,6.04E-04,24.29909425,21.24499772,35.27893949,ssp585,0.222336528
2056,11,0.550044318,15.90174333,4.360269023,1.935805991,20.56663287,0.603292141,0.597618022,58.47871529,0.027023774,ssp585,4.456728967
2056,12,1.233955834,11.78490372,3.810590654,1.901184371,18.77341799,0.502087625,3.594643382,24.98863723,7.120559923,ssp585,8.855865247
2057,1,1.750803095,2.918177245,0.125035913,2.171007888,1.496720745,0.078832096,1.91391434,6.484708099,3.618014904,ssp585,5.262081289
2057,2,0.089731285,0.67810791,0,0.007885996,0.022166902,0.053261467,4.638210148,2.215809364,0.046124017,ssp585,0.18410603
2057,3,5.559378123,0.02660123,0.057199597,1.331743653,3.319134511,0.320490729,4.355434385,0.01796116,0.63249373,ssp585,0.205564153
2057,4,6.490227607,4.839842474,3.670675526,29.81423421,2.82945367,0.756830115,6.395376695,12.69588867,3.256898979,ssp585,0.003407428
2057,5,5.243251129,10.08610644,1.82735538,7.953409774,11.54217398,11.6700738,1.569464529,42.43400889,23.71941961,ssp585,4.275862693
2057,6,8.692797827,10.54056656,29.6593539,5.061924488,13.54662583,27.14788125,44.54002556,13.55225593,9.062546921,ssp585,16.5974505
2057,7,73.83884283,121.4654446,150.8479744,206.4721282,16.53963758,110.095429,108.3274076,84.23741834,117.5383846,ssp585,116.4437723
2057,8,140.0372686,61.52222799,84.40727096,392.0616445,72.31831078,93.62445145,435.5355305,20.54852171,219.6544195,ssp585,317.6869721
2057,9,227.3510005,65.54253563,9.793696648,57.8628161,26.88083547,2.62220193,57.10920523,81.37868786,62.49029401,ssp585,44.631953
2057,10,4.05181655,1.095463166,2.564064766,6.897340273,0.022267609,0.923696397,14.32775132,0.722622137,3.677987855,ssp585,0.797569881
2057,11,45.98892499,0.03944864,2.163392654,1.169568442,1.048220633,1.900228816,25.75509474,39.47769906,2.699195592,ssp585,2.368797126
2057,12,6.673703056,2.52892173,6.923681874,2.131024486,4.57624192,5.27103148,3.080658957,17.05191157,0.059045838,ssp585,0.11823325
2058,1,9.5103454,5.974599617,4.744574132,0.335248608,2.649374994,5.886315127,37.37274297,22.82900882,5.918068841,ssp585,0.129618396
2058,2,8.319143242,0.281186168,0,0.307471752,0.007200435,0.00373756,4.19E-04,19.40600073,0.006380625,ssp585,0.043568272
2058,3,4.788484288,0.060286237,1.51458589,1.12E-05,7.84E-06,5.768881485,3.477679204,0.262172184,0.173147499,ssp585,13.2960664
2058,4,9.349981038,1.067053265,5.368034231,2.222803725,0.178534997,12.69612054,14.85102447,10.44009882,1.322960783,ssp585,4.850466778
2058,5,84.08396493,0.960196354,4.12797645,0.063040248,18.5558066,11.97849113,10.48446935,4.125579389,1.118514684,ssp585,10.31223519
2058,6,29.10308888,59.52764275,40.18729144,7.904969611,2.169663839,127.7391035,14.58540041,6.48130652,10.12997481,ssp585,19.02556219
2058,7,437.0767736,59.41967464,62.16573323,217.6551421,11.38698758,97.3694401,418.6225787,19.21210245,73.66666776,ssp585,29.68085035
2058,8,227.9032115,98.18084048,60.26152674,111.0261646,20.5891932,99.31254838,187.9209475,29.87402086,116.2549683,ssp585,85.15592212
2058,9,12.05757424,38.52682865,36.34056997,141.824084,25.27742054,45.74318955,3.887228085,32.90869589,22.76608704,ssp585,43.3383471
2058,10,14.04060623,0.546105036,6.447895903,0.002837846,0.200918713,5.252513082,0,9.462259595,0.554227687,ssp585,8.728110679
2058,11,16.330672,0,1.609745351,13.03143511,0.028429556,4.977175639,0.602107628,0.024316136,0.630610139,ssp585,3.538835316
2058,12,34.74240095,1.889113402,17.15852382,10.85449238,9.674113638,0.194255401,0.332455154,6.080264938,12.59562412,ssp585,14.40982981
2059,1,0.698275715,8.108412422,6.188625291,10.37622777,14.30838371,0.502961992,0.780675414,11.62232688,5.416364097,ssp585,23.10666972
2059,2,13.36554033,2.70803074,0,0.055611107,2.199356611,0.181119031,0.021076555,0.457312249,0.423862094,ssp585,0.246584409
2059,3,3.380993276,0.988995317,0.0086806,0.091196848,1.068745405,0.058220076,0.001583623,5.148281979,4.860820433,ssp585,7.583568914
2059,4,1.039400661,51.66809341,0.481695807,9.219207734,0.27922495,2.205016857,18.13620494,16.22629472,1.272703856,ssp585,54.74994322
2059,5,9.760610656,11.72690542,3.137310684,10.46697619,63.14989832,0.542830618,23.47151883,14.39121591,1.904241767,ssp585,10.91834222
2059,6,12.65151007,21.01244568,21.22376266,2.259773455,3.628168288,60.80045087,9.522112243,25.78728821,13.66656421,ssp585,75.52331293
2059,7,50.37676606,76.79156751,58.42703685,45.07828683,271.3830421,63.72675954,210.205557,182.9417879,84.06306286,ssp585,92.49970689
2059,8,68.14715257,134.957042,25.53492359,336.3605898,272.1982425,98.41226261,205.6851753,110.396162,296.0401513,ssp585,65.14815641
2059,9,62.473378,70.09595859,13.11485423,200.3726087,14.50426328,47.30712541,10.6889081,28.61778077,167.5653727,ssp585,11.84240505
2059,10,4.690715082,40.46788088,0.211229227,18.71570681,0.026324818,0.601820193,0.001006996,48.53090428,5.980620852,ssp585,88.09602723
2059,11,0.64227997,38.8172955,12.69374606,0.147614229,6.77036859,0.939123625,0.079155456,7.430694731,36.00229173,ssp585,9.575093205
2059,12,96.55995997,33.59370679,5.894851879,2.17220547,47.93527795,0.089984947,6.017786202,12.286754,5.008550638,ssp585,15.53855176
2060,1,25.9212889,89.67556409,3.283168676,2.790492031,41.07959462,0.033011263,1.430923443,27.18655772,0.731966527,ssp585,1.217685625
2060,2,4.40000376,1.452576213,0.108169288,0.001795858,0.671611775,0.011551292,3.87E-05,5.336104926,0.01743409,ssp585,3.016032884
2060,3,0.005737905,7.020904392,7.13E-04,0.021746847,0.017561635,1.790668725,14.29748987,2.080693644,3.253128569,ssp585,0.51921144
2060,4,0.185786043,12.84635722,1.512859191,14.15708293,0.261653132,6.441813613,44.45396472,28.58744259,0.364802496,ssp585,4.938317092
2060,5,14.20558886,3.977588838,0.099837308,9.498493699,2.133041688,6.206250214,3.376827423,49.18450195,0.739378143,ssp585,2.555308497
2060,6,14.57759207,11.38014315,38.42312144,22.3692741,6.205388153,36.01176992,26.0084499,63.05539433,9.254485639,ssp585,25.4266343
2060,7,66.94057483,122.8663615,29.09594919,72.90501683,11.54694152,112.8479766,70.54644798,49.84882242,149.5816749,ssp585,26.36218124
2060,8,40.71581747,133.8932525,46.00358689,157.06878,28.6961992,238.1006415,213.4427377,14.47122054,370.3206686,ssp585,93.15010896
2060,9,15.49006751,184.0076492,27.06262482,111.5040135,0.944388611,107.662972,49.28263004,7.418638301,172.3579614,ssp585,34.82670744
2060,10,2.951192272,43.34549289,17.69156633,0,0.505664322,0.647259457,0.084727135,0.718168868,13.86937205,ssp585,1.390572069
2060,11,10.42683991,9.295615828,5.238993133,5.986614724,6.148786182,0.116618352,3.644706524,0.057492826,13.45209801,ssp585,51.8948375
2060,12,6.733260166,5.286054652,6.233233003,1.675474724,6.275542206,0.118567216,0.636966516,0.681222311,4.955473818,ssp585,24.80165978
2061,1,1.766564422,5.031162453,1.190403106,1.828542719,4.332736736,0.28455663,0.155863209,3.546075922,4.474213384,ssp585,40.0370965
2061,2,2.490143164,0.01306067,0.136491575,0.030290273,33.1251883,0.957249175,0.039670337,3.54E-06,0.023587042,ssp585,2.247017776
2061,3,0.169210827,0.022399038,0.460131705,2.202779263,2.977050298,1.043449849,1.438966067,1.13E-05,0.493679814,ssp585,27.4652689
2061,4,21.40497631,0.001572258,0.666527273,11.99537446,2.194831963,5.273850599,4.578865738,4.038164339,0,ssp585,11.35186432
2061,5,20.05852776,9.532282726,6.371361979,7.82144307,1.457098355,4.879923416,18.35010352,19.27194224,6.676931181,ssp585,3.588290803
2061,6,54.57926128,16.46152808,25.47964257,33.28114309,2.890854176,15.21973933,47.47363998,8.623272596,19.64655403,ssp585,15.00247626
2061,7,161.8648242,167.674729,12.11851901,63.61380996,6.243549014,197.0851858,189.1275682,5.083942761,191.575932,ssp585,84.4402133
2061,8,234.4550008,158.9919457,44.84350322,14.71169854,55.69381506,119.8369335,33.59704707,110.7848832,165.7221209,ssp585,181.6439368
2061,9,32.84620825,113.2790612,29.21620964,49.47235853,15.27245558,13.06214519,47.81217369,39.73278608,37.77897139,ssp585,34.56992265
2061,10,9.030309328,0.820527659,0.848902297,1.329167042,1.90221075,8.552550508,2.978604166,1.335714676,10.02261774,ssp585,14.72927249
2061,11,0.107389227,0,0.899488942,28.19441697,4.347829396,2.038672055,0.487391536,1.990374745,0.003504069,ssp585,80.31356637
2061,12,5.242313315,12.34638721,6.409371629,35.20492151,12.82473978,5.575554517,0.622248188,16.74770593,1.820357994,ssp585,64.27331013
2062,1,0.247473161,1.056448477,4.361246636,3.985759655,46.756838,2.618634647,1.060762812,12.88403743,6.237558414,ssp585,52.9824151
2062,2,5.543513477,0.053151963,0.097293529,7.688454322,3.20309955,0.110551014,3.453544028,1.075127939,2.888496128,ssp585,8.45171398
2062,3,0.829246126,0.250736386,0,0.393309146,4.004604426,1.506697131,0.44163799,2.209951996,1.063865039,ssp585,7.703729632
2062,4,3.152591747,2.510466715,0.236722717,5.125402705,6.274809325,2.786846559,20.99455689,33.19165509,0.097845493,ssp585,0.430796692
2062,5,8.466671207,3.581598731,5.284879034,13.35577593,14.32777335,1.536642335,15.8977514,10.25811081,1.155511861,ssp585,2.160078598
2062,6,22.1827644,99.11552524,31.35584216,47.68208793,17.2290548,70.45407424,23.50521308,11.64240656,4.657835105,ssp585,0.847195426
2062,7,102.77112,147.4312491,57.5121544,39.02662583,74.39525146,49.23602664,70.20039191,18.26110896,7.201167463,ssp585,259.3981233
2062,8,43.1207371,424.6850315,115.8261913,105.3048327,146.3296536,31.43165492,89.31133921,36.59044256,378.4143938,ssp585,240.580451
2062,9,45.80524238,48.08386653,29.63758055,15.8207135,45.26352602,17.83407775,4.950925658,47.8528485,151.6246335,ssp585,106.369986
2062,10,0.281142769,0.754316793,0.964977243,2.678730843,0.670811207,1.15025709,4.234594684,32.73475094,9.165860306,ssp585,19.12325145
2062,11,7.997748695,9.645263726,2.377281749,0.408410446,35.02830647,0.253925081,5.026829655,9.147519689,0.109637413,ssp585,0.008319643
2062,12,22.19109408,12.58295011,15.28145876,9.731381976,7.828188308,1.06165824,11.1894943,11.01493426,2.563601764,ssp585,3.80E-06
2063,1,13.32028555,4.529416307,3.953038617,8.340458665,2.826019885,8.280938732,1.771814772,18.99904693,1.024646348,ssp585,7.79E-04
2063,2,0.07253487,1.083792178,0.007209758,0.008654613,2.942402731,0.018473811,1.030368668,6.634380086,0.004214126,ssp585,0.026537612
2063,3,0.095859416,0.272110261,0.00469448,0.17701552,0.2448616,1.365067285,4.19E-05,1.955657465,0.03524555,ssp585,7.27E-05
2063,4,6.399880663,0.755876422,3.459325515,1.461667571,3.708575815,1.399760539,4.150748135,2.601251536,0.111400321,ssp585,3.945547574
2063,5,1.04266726,25.11985979,1.259888707,8.036651199,6.81336538,4.761283264,39.65540595,3.608180851,15.47056278,ssp585,2.608921511
2063,6,37.04305752,41.91490556,8.422582736,7.706892535,19.07789841,32.30581854,21.47029699,14.27310701,7.945301591,ssp585,30.19723693
2063,7,384.880243,226.9983123,72.86953468,4.608328403,11.42492696,46.21771353,125.2115789,8.378950076,48.25482659,ssp585,61.72544182
2063,8,160.6185886,86.18361501,46.24872856,126.0655477,44.6976682,90.06142999,149.6701105,271.1159633,388.0353803,ssp585,243.6015023
2063,9,101.4007049,37.65694593,14.84236896,23.11612708,7.076517561,111.346939,10.20274912,37.02667896,93.86663978,ssp585,42.23067318
2063,10,11.04034591,65.13576163,2.483613909,77.09264154,4.061875686,0.306249452,1.092477244,14.03047521,0.87165888,ssp585,9.152491961
2063,11,0.818102193,16.64574644,9.122468574,0.002515422,30.50955809,0.357185824,0.126482349,31.28175708,28.65589256,ssp585,25.56210998
2063,12,13.93353584,22.4263524,5.618676914,11.87108898,0.432758509,1.420588097,0.476586164,41.61217799,1.91795847,ssp585,0.72446078
2064,1,3.271321919,21.35483338,14.35834668,16.49476138,0.56322306,9.037086525,0.252304065,7.165564864,5.863928466,ssp585,0.343835059
2064,2,0.556573205,12.49528118,0.00187533,1.248691523,0.47771887,0.170913167,1.148809091,1.841600904,0.035983757,ssp585,0.05129395
2064,3,0,0.481171557,0.33128454,4.979993082,5.02E-04,0.520019822,2.928858929,0.089556572,0.917859783,ssp585,0.851446146
2064,4,1.152159495,23.93460395,47.48331446,8.246945416,10.43825451,0.012789032,2.335079594,2.577520211,0.012646311,ssp585,22.24364243
2064,5,2.116140605,43.48196524,1.167507272,0.195122527,3.465579371,29.47588557,4.04799508,3.402631795,2.733355665,ssp585,4.496955518
2064,6,40.9311343,18.52120912,23.16859561,5.953904197,4.139421356,25.36079241,0.506817406,18.19129605,7.442302947,ssp585,5.311754894
2064,7,166.7454895,179.3044617,105.2813292,101.1774423,11.20124818,35.69569957,94.25916853,58.78775912,135.0907508,ssp585,53.10871486
2064,8,30.53245265,299.9723758,64.6842517,390.4351018,44.7917387,74.09275532,261.5274552,218.2878317,406.3373189,ssp585,49.1301449
2064,9,8.333647327,160.3077914,13.8281901,11.80086516,10.61455865,24.43025102,58.12200465,47.57540347,108.3993034,ssp585,94.96285491
2064,10,7.216258232,68.16729863,0.511212669,8.461626041,38.70736306,6.253354165,4.504067679,0.464569965,4.233729077,ssp585,0.036974825
2064,11,87.30851402,22.23551249,9.125984705,0.588278367,10.09547949,0.72179529,4.30E-05,0.73731962,45.86948799,ssp585,5.813272424
2064,12,9.356960231,8.115979208,1.272511683,0.788610824,5.600999726,12.59860155,0.344685623,30.52232795,8.407865501,ssp585,11.05760442
2065,1,57.43894274,2.644543848,2.399836355,6.150914904,6.273701944,1.48250697,2.177001175,47.12635906,0.259732712,ssp585,2.907374782
2065,2,0.607374763,0.112470954,0.008023721,1.413876842,1.139419546,0,0.892245217,44.77990269,0.217887826,ssp585,3.028660723
2065,3,0.138915128,0.31229497,0.006164748,0,2.415513911,0.115290963,0.152615448,1.079235513,0.109435305,ssp585,2.320274246
2065,4,3.409150574,0.329089122,0.005203889,3.695030771,40.78368969,3.269206817,4.350406628,10.55696422,2.309857618,ssp585,3.840027472
2065,5,1.802356905,42.10674526,1.24611425,9.975769638,16.95282371,14.25504401,1.944598082,26.51635416,9.15381459,ssp585,36.43246341
2065,6,20.13286048,40.63695206,41.13672327,10.06571879,5.138776583,23.06814378,10.19896706,63.4320645,10.55703144,ssp585,12.31512232
2065,7,85.07903403,181.3614066,40.30369652,4.944028495,141.2518484,63.65281984,62.4796031,52.74062775,265.9452629,ssp585,76.56541591
2065,8,35.57841599,332.1811143,259.1313969,151.1453652,121.3502629,143.8642725,238.9213892,18.16134536,398.6529015,ssp585,49.89694706
2065,9,31.3966619,40.15946438,15.2226033,43.17644258,57.64096792,54.89254651,200.7808283,29.25212514,38.04649008,ssp585,80.99637633
2065,10,11.00896239,0.425532589,0.413355908,3.191101516,3.600460666,12.5681885,15.21205778,2.43223278,1.829035666,ssp585,25.9823405
2065,11,5.682525773,0.087101759,2.394352212,1.64111,11.17043242,2.53388348,0.075604157,0.17507307,2.001750363,ssp585,4.615745888
2065,12,6.591074818,2.32674119,6.744521777,2.671036809,24.84233843,2.347505925,8.972882375,7.750681069,11.6508086,ssp585,2.80E-04
2066,1,1.921579955,2.175011748,6.594522746,13.84974472,17.86771713,5.924709177,2.93799208,1.161535615,10.899922,ssp585,2.711037991
2066,2,0.605277849,0.071804613,3.18E-04,0.348076548,0.241278114,0.006414024,0.928429286,1.751621818,1.048705503,ssp585,0.697587968
2066,3,0.247836434,0.078001552,0.002739495,0.569970502,2.28084614,0.029330925,7.569158213,9.646026065,0.129804767,ssp585,0.969267874
2066,4,2.267232728,1.128067859,12.4487642,2.564198933,4.842090117,5.717192211,28.83564182,10.31994365,12.31989031,ssp585,2.038457441
2066,5,3.525102101,29.33731514,13.46561691,19.83933577,31.98611874,0.900884169,4.738466032,8.365841846,14.69581649,ssp585,10.85875907
2066,6,2.773041219,131.0534377,10.40851616,3.193102187,25.68129533,28.05637551,51.44869354,4.196774065,8.213320003,ssp585,12.84574957
2066,7,250.1070226,98.91991765,63.25115069,11.82362391,39.84524919,47.67879184,117.4693308,17.11895355,142.0899638,ssp585,38.06527355
2066,8,147.7555235,94.75314871,99.98339557,12.15682244,22.81325057,147.823677,163.607436,118.8907506,439.0936434,ssp585,93.75727624
2066,9,69.65019266,54.82309198,25.18358229,82.66716792,8.413852282,139.3081523,107.3980124,33.67603966,93.4405638,ssp585,45.98279279
2066,10,2.840528576,44.77450274,3.612815091,11.0161015,0.946748278,11.50895708,16.18901275,5.413030647,4.497434674,ssp585,10.82794054
2066,11,6.259490008,6.02054676,4.526334867,0.089196702,8.905866345,3.051448241,4.12130204,2.621250306,20.19993985,ssp585,1.539896656
2066,12,1.431431372,11.5617029,0.698838165,5.776484072,4.538308595,0.062974463,5.037135521,2.756791151,8.262312015,ssp585,20.58180518
2067,1,27.18244931,4.521379886,2.532871822,0.807870504,25.15908881,1.070538792,1.621645584,3.38121104,0.958207008,ssp585,1.418160426
2067,2,4.705037332,1.16960515,0.001669806,1.701439927,1.53754554,0,0.14191333,4.133533542,0.183966649,ssp585,0.508201876
2067,3,2.276677076,0.223643933,0.004704425,0.011278019,0.510116312,2.335709331,0.252544315,0.152222404,0.440891905,ssp585,2.046649821
2067,4,14.44240866,4.012519243,7.527721296,1.847531326,38.62743905,4.848680674,20.6023087,9.354440017,23.08546274,ssp585,1.189521584
2067,5,1.749665141,34.37436133,9.542114759,9.061069856,2.303157939,37.97239545,43.21657677,2.172067115,2.163955944,ssp585,2.692671717
2067,6,15.94696998,52.5729697,12.82494301,11.62481706,12.6059064,25.60278835,13.00633859,10.72720055,11.89550769,ssp585,16.12009967
2067,7,45.25621756,107.7748346,54.5090341,99.97716068,17.52071594,165.4728993,118.5763406,13.43117984,70.85616018,ssp585,145.2575289
2067,8,95.34692457,127.1121898,112.088525,11.55009175,275.7277998,284.8565356,81.96113082,110.7529967,329.6374104,ssp585,54.27194885
2067,9,14.46563232,32.02958618,24.33797564,29.20610689,3.129875861,87.00988158,44.85764693,13.63871781,79.87353713,ssp585,18.885839
2067,10,3.895743135,142.2790385,2.876898705,4.831124032,1.404404235,21.03466214,0.990068208,29.49353823,24.96953136,ssp585,7.10945359
2067,11,33.73343466,12.37479032,0.959370896,3.147991994,5.768968166,0.878545841,3.445282629,31.65372758,75.20629422,ssp585,106.2532397
2067,12,19.48343841,2.618299278,0.667711514,4.589415452,30.4620014,0.693571422,0.173893774,7.740705454,6.795454168,ssp585,111.4793063
2068,1,54.95212873,5.670566374,2.291137701,20.4679031,0.54641012,0,0.07541968,3.799054865,7.895469493,ssp585,34.55969226
2068,2,2.503750349,0.053122776,2.40E-04,0.096572997,1.885915414,0.007330163,9.879043938,2.364891806,2.053457429,ssp585,7.541352952
2068,3,16.13708802,0.028356078,0,2.63E-04,1.410877681,0.00524057,1.998509508,0.151883467,0.015969247,ssp585,9.75367861
2068,4,32.74760034,5.184869057,8.304386084,0.374419154,1.839872838,7.967937025,14.88276464,5.344513332,1.726215335,ssp585,7.777970022
2068,5,2.898770782,18.43544274,7.003122703,4.976235362,5.073730578,0.128180547,4.975550908,43.67090889,4.147534754,ssp585,6.757971426
2068,6,6.585949274,94.87984758,17.74023261,25.71226194,6.785931357,90.16383126,8.000639259,95.66475169,32.31886051,ssp585,10.47116364
2068,7,70.3340434,111.0488743,55.72494785,281.722491,2.575902726,67.40947533,44.45622376,87.87608245,94.25069829,ssp585,54.65812502
2068,8,84.54493794,149.8936704,33.43084279,211.5691723,17.83826578,61.61826745,281.1793218,97.73419443,388.021019,ssp585,46.09806008
2068,9,9.940784517,102.3688217,11.34885622,32.77124125,7.231008873,73.81961732,24.14551112,65.51848616,139.9769326,ssp585,54.54269921
2068,10,5.251714107,4.238402755,2.03560941,0.056804838,10.73123342,2.246098105,0.372890671,3.176732537,0.054897515,ssp585,37.62228054
2068,11,3.533940088,2.623930172,4.733114676,0.283244982,30.00269876,0.440456237,0.070898198,0.22853223,0.077274384,ssp585,42.32823653
2068,12,0.666485595,0.08349289,6.270890155,1.776829925,25.03150927,0,12.93167875,0.016806773,22.40866958,ssp585,28.65894844
2069,1,0.184692802,8.75E-04,0.141606626,4.473695893,0.813322006,0.400902693,1.806457143,6.898522134,3.24E-04,ssp585,1.731231868
2069,2,0.230457408,0.701613967,0.004122763,2.716742695,3.606634621,0.014061027,10.96560701,0.392451296,0.067092033,ssp585,1.031639564
2069,3,3.24E-04,0.024729492,0.162877086,1.360599851,0.371782098,1.34787136,1.69E-06,0.533586031,0.0270945,ssp585,0.067206573
2069,4,11.31308232,7.631994197,2.10247917,0.007661231,12.33126671,2.543308879,2.742174748,4.295895723,0,ssp585,2.701582449
2069,5,20.22712614,6.035342674,3.76207744,17.66916339,20.67170831,3.109571481,9.065462975,44.81700155,5.645013973,ssp585,1.878227938
2069,6,6.410338163,38.99763294,6.266868303,11.18565038,24.2382806,15.32668324,37.47634453,13.04904356,6.744599115,ssp585,16.18321373
2069,7,65.45884669,172.5302325,137.0552386,263.4262841,11.59520899,13.93437537,52.5760409,28.53223733,573.8391012,ssp585,78.45730873
2069,8,33.18551384,245.3111886,84.01586905,96.57769074,15.17009177,158.2525835,361.0551369,64.87479481,362.3221883,ssp585,148.7345174
2069,9,5.174239819,32.62623118,27.66937116,36.58017504,7.24788275,49.28401603,35.54522125,48.44937727,173.42915,ssp585,24.52939259
2069,10,1.179296984,1.189967326,15.09614837,0.009522968,1.850592564,3.559474134,3.564987932,1.884067822,35.1969645,ssp585,0.012601703
2069,11,20.96725487,0.335096738,25.05287678,1.317045599,5.078433877,2.478197411,0.990486836,38.51136931,0.758255196,ssp585,3.119941275
2069,12,10.68250014,3.080290661,38.59126457,6.676910018,2.906499824,0.373928979,0.194778214,26.08503899,18.45081796,ssp585,0.002375638
2070,1,38.75293837,1.050787145,2.14704684,2.079223219,17.23185799,42.79450874,0.907074144,3.008436529,20.87232319,ssp585,0.386998077
2070,2,25.96990524,0.011496046,0,19.77811656,3.335895386,0,5.479077858,0.709819192,0.091361593,ssp585,0.055930796
2070,3,0.067083776,0.010560428,0.356328658,0.026561161,0.002240037,0.092253332,11.38597388,0.151947467,0.722908756,ssp585,9.013350973
2070,4,9.468068891,5.249887819,8.618759264,14.43169177,4.802465939,3.192818412,6.944429136,6.145769699,1.918515526,ssp585,73.25213307
2070,5,2.754226144,16.50997385,0.272346615,9.175739535,3.624092441,6.334029968,25.285451,27.04015121,11.41692573,ssp585,4.412161848
2070,6,17.602825,39.28201099,20.86091475,1.907209401,195.8664068,14.82996121,2.981120366,40.4046591,9.106015511,ssp585,31.02770082
2070,7,32.20643755,165.1403855,99.10865774,202.3148096,15.27509588,37.13453341,51.28946527,58.8049684,52.18073881,ssp585,74.85041301
2070,8,73.37997136,220.4255152,78.69498059,87.16107434,414.6523461,137.2736253,123.0980736,97.57439391,181.2876185,ssp585,40.04819652
2070,9,11.66893615,45.02658212,10.03447665,24.03614254,2.606222456,51.34313344,67.30867101,43.97443964,205.7822967,ssp585,30.72191035
2070,10,12.43209438,70.48067363,0.625434288,0.67765647,0.193981218,18.49381215,0.431301928,10.26473788,43.41023123,ssp585,13.97416803
2070,11,1.355395374,98.96058068,1.166116005,1.212378927,16.30599566,1.046455583,0.427270339,7.530783449,26.75742702,ssp585,50.58865527
2070,12,2.944810971,65.83926043,4.027348667,31.4531936,18.8957707,20.84101549,1.997462359,23.22771361,9.246728211,ssp585,99.98521938
2071,1,36.09245064,10.86595693,1.34549882,17.22307611,24.3854968,0,1.232025795,4.569039139,9.173749484,ssp585,22.79453768
2071,2,11.52621724,19.50205208,0,8.508076156,0.72922099,0.029769127,1.72E-06,0.207613214,0.12696369,ssp585,30.74768418
2071,3,2.025832964,0.931077733,0.355795154,0.46537169,0.081887998,0.144425397,6.559253768,4.729151356,0.137600393,ssp585,5.888553732
2071,4,1.702041642,1.153395313,5.67523949,32.19716776,1.185284746,3.281829536,7.090737106,1.149778638,0.1601235,ssp585,31.1112452
2071,5,41.64990224,34.81527184,3.277103496,8.185228043,1.434889975,25.10222933,0.032710875,3.636532279,5.793698234,ssp585,15.7134171
2071,6,12.54231785,45.15059428,3.960565416,1.228906603,4.583791454,21.44955501,45.27819725,64.24866933,9.367442552,ssp585,19.58742857
2071,7,41.50203143,61.12372488,53.61778843,31.35656636,10.39374668,138.0018079,178.54388,78.24998529,87.93744936,ssp585,84.79380982
2071,8,23.77053104,116.87589,74.34889906,159.3495219,138.738162,204.2993749,320.7305257,116.0161905,141.6308382,ssp585,130.6468512
2071,9,28.1041813,108.9327208,23.06329011,20.31937503,195.9318534,64.22703944,155.94046,41.93105368,25.97564767,ssp585,207.6240629
2071,10,7.248225631,29.08034756,0.193292182,0.030281661,0.580969671,2.07723066,2.820141428,35.62390261,2.593240892,ssp585,95.82470016
2071,11,1.654945206,0.437918725,14.52162543,19.90178884,10.05448653,8.600872169,0.1367572,54.88867684,8.642907403,ssp585,12.99525047
2071,12,2.489496432,5.817786252,14.25866983,13.61004539,7.161956059,0.027656686,36.39588352,7.365228589,20.67125211,ssp585,61.48406624
2072,1,1.050741087,2.227388481,3.893414249,4.89240884,14.63466932,0.070519401,45.00353075,71.32908272,0.974919487,ssp585,53.28490109
2072,2,1.44E-04,0.003031557,0.485384941,0.922619041,0.042111305,0.035820768,0.020276396,0.165353681,0.011752055,ssp585,0.830621158
2072,3,0.232437229,0.267929036,0.757500716,0.860670885,0.806266055,0.176706332,1.206245482,0.163600122,0.50723051,ssp585,0.069674377
2072,4,0.154760885,0.002131796,1.698492494,5.601738177,28.22112466,3.021334226,2.43011765,2.0796892,7.979370374,ssp585,1.005524451
2072,5,32.44906703,42.36912505,0.906646549,19.99856537,3.635923587,11.71692554,11.79116921,19.41184572,4.379664707,ssp585,0.511617613
2072,6,30.41935326,27.31804964,12.25187047,6.326879204,13.91733808,21.95044655,3.380410399,36.56864762,8.60896006,ssp585,11.37733298
2072,7,119.6287554,92.71140621,26.91441329,103.3436117,14.74861384,86.19056729,100.5743994,18.55292152,64.06467454,ssp585,82.46768622
2072,8,278.9491218,191.7586903,71.83748001,104.9708183,265.6881872,154.3358694,209.6173001,43.72630072,322.9097467,ssp585,116.5757829
2072,9,52.22164826,60.93798682,41.17419767,149.9854653,6.018725453,113.314834,18.49649155,38.10710805,112.7892584,ssp585,152.5357536
2072,10,0.003723555,4.761852322,0.811715074,0.022435889,18.32624402,1.603781086,0.429347132,0.243448007,2.746590968,ssp585,0.368824651
2072,11,56.66970325,1.245933437,8.863925466,1.65E-06,76.05130739,0.166105488,42.33528027,3.865868273,6.018408293,ssp585,0.011843446
2072,12,53.14774096,10.26830794,2.18004444,8.952937701,17.36429179,0.328133161,0.408325234,3.063366716,32.43841777,ssp585,21.0839965
2073,1,0.495264596,3.153809593,7.953323291,9.304571966,1.95590552,1.641598652,0.179535456,2.6051537,1.556643694,ssp585,0.056377929
2073,2,0.888677885,0.059261422,0.092036764,0.586090332,1.830498309,0.156509416,0.007674091,0.049557751,0.002914305,ssp585,8.03E-04
2073,3,1.523840191,0.140536022,8.77E-04,0.015621178,3.493896711,0.089961667,0.977164062,0.276505468,0.243099964,ssp585,0.776406581
2073,4,7.943506407,4.819932374,4.540529778,8.386941882,0.285662827,0.509301549,1.39030756,1.344684748,0.046580526,ssp585,45.57194549
2073,5,51.9773605,88.34684139,2.548609803,2.969157411,4.138768981,2.087796959,3.49155643,5.480196868,8.616403111,ssp585,1.332707447
2073,6,7.774465482,66.68717034,6.958698973,1.595135368,136.468721,1.147259016,15.96541834,15.26131257,11.3627708,ssp585,19.60056812
2073,7,31.67265517,48.36572869,62.77978193,17.76317331,8.849574475,132.3597767,88.29624713,37.52473331,178.1443091,ssp585,46.09374598
2073,8,259.2963241,380.582603,130.1942894,312.3450676,23.97606283,307.2004125,251.5149773,72.82705966,285.2857513,ssp585,46.86709533
2073,9,62.98645837,61.57997767,17.96356314,47.96745161,14.30466518,36.88492177,41.36371743,9.259305571,165.3430527,ssp585,68.11852178
2073,10,10.75514797,14.86413769,0.964648009,7.129736299,0.543338747,2.327498396,2.496730653,3.890031777,8.312421171,ssp585,3.567137121
2073,11,5.874315646,0.146019272,8.00E-04,0.993828062,3.174138862,1.526176283,13.66807286,0.155881564,12.585593,ssp585,28.16884803
2073,12,39.49783726,24.80026264,0.199592758,17.80101023,5.083728987,0.243070496,5.398463072,2.545074526,7.09259079,ssp585,12.78617937
2074,1,3.91590494,10.27757386,1.418425129,19.78887916,44.34654011,5.407395625,54.77823607,1.88325408,0.76499383,ssp585,40.46370469
2074,2,3.377999297,0.450800722,0,0.74720036,0.274427529,0.010252763,2.38E-05,0.112625276,0.021987093,ssp585,25.28897108
2074,3,8.45E-04,9.40E-04,0.123967532,0.004339487,1.5012748,3.479578983,0.559842073,3.064471177,1.221001469,ssp585,0.083899311
2074,4,0.248084682,11.10975726,3.966998903,8.211417279,0.183614389,1.232652881,21.65386418,29.61233278,4.988649223,ssp585,36.75099115
2074,5,6.394599338,26.68624837,8.103338144,33.29677607,18.76085679,4.711589208,108.8114415,23.54030145,6.635630933,ssp585,16.89030735
2074,6,11.60364711,104.9209923,13.83481207,0.559613504,35.29416578,38.58711501,20.68720272,51.40436453,4.675897954,ssp585,34.86112745
2074,7,15.00517251,211.5805723,65.89511029,122.8414645,2.162533245,32.20746843,27.04489595,41.9275537,205.2412848,ssp585,110.0201772
2074,8,232.3140065,88.89462069,70.602294,275.3686746,32.52027124,52.87295128,175.7653125,36.28770404,296.9785195,ssp585,218.1770241
2074,9,3.43394648,46.91746682,21.41896271,222.0709809,34.93251962,47.25285737,12.35072771,17.37649625,117.6642502,ssp585,14.46932546
2074,10,9.733834995,11.10411187,0.443970256,5.641497989,7.833698467,11.55117035,31.88029467,0.135855045,8.55394943,ssp585,0.119872642
2074,11,28.98396242,27.88616274,0.96393716,3.017967978,11.15575342,4.897706224,3.802568413,0.101319529,1.60479087,ssp585,23.73249208
2074,12,4.24715492,6.425249348,3.316396474,18.80838083,8.410616994,0.530089802,25.22391233,4.514246729,12.18569843,ssp585,54.8903487
2075,1,60.43143271,0.350250811,4.33641236,14.03473343,0.071869411,0.041014401,30.91003091,2.750617067,0.5101602,ssp585,8.841747971
2075,2,5.345849815,0.44138592,0.204449265,0.205785697,9.34E-06,0,0.027013152,0.457693597,1.995144997,ssp585,22.27063681
2075,3,0,4.835657193,2.02157132,11.05868148,1.448209537,0.9899578,10.28909529,5.287699946,0.67083528,ssp585,11.09410811
2075,4,1.543593164,15.60639395,2.240552826,6.995643432,4.273213367,7.229546506,20.48942072,5.556097774,8.54819042,ssp585,2.483502065
2075,5,1.767533414,22.20624026,1.904794895,13.90890441,0.140357964,7.813692927,8.169152102,15.15150654,0.403344428,ssp585,4.781452966
2075,6,14.98559318,65.71026199,7.777007432,14.65661204,8.847462674,7.997154533,32.59081955,3.625630546,2.931225935,ssp585,29.91103503
2075,7,134.7647521,80.86691101,60.48036482,8.562923463,48.41529538,71.63105769,154.8312412,6.385717537,51.49338467,ssp585,54.4291386
2075,8,113.8259966,112.7761031,108.4036339,62.83981751,235.5170501,101.4445174,104.9217119,23.29385289,370.6802056,ssp585,100.6074162
2075,9,59.42413573,41.72724367,30.59550364,63.15668791,6.880139582,106.4264501,23.40050595,7.973455184,75.15477912,ssp585,42.66972799
2075,10,88.31109704,7.217676075,8.902677266,0.149607427,0,1.111808623,0.367487881,7.035283607,10.71080079,ssp585,0.09079093
2075,11,14.13835677,9.301399699,1.635895604,1.947951324,15.99733665,0.236572451,0.246429418,35.44178893,89.32234992,ssp585,0.271843374
2075,12,30.45943539,0.006607844,8.179528646,16.15872911,1.245540804,0.541283412,0.240272286,9.875662034,35.80149037,ssp585,20.76685467
2076,1,29.4858899,0.782940861,4.646172095,0.363754951,27.72957955,0.088032724,2.541799279,3.556475887,1.370359532,ssp585,31.30639657
2076,2,7.56E-04,2.087704487,0.116004691,0.025048366,0.370958962,0,0.468523051,0.017313768,0.014716749,ssp585,0.257114912
2076,3,8.521004343,0.222062125,2.091059217,3.375789684,0.39428823,6.060757124,0.077976959,0.219955145,11.60375529,ssp585,0.136096543
2076,4,0.60377308,4.990221482,1.994022633,2.650185164,1.532325157,10.02310123,2.07421739,1.345978848,2.164224612,ssp585,8.026372838
2076,5,56.840088,9.776682512,1.227837252,5.144840328,47.36707424,3.424747681,3.031324894,5.88498996,7.311363067,ssp585,3.263046898
2076,6,58.41023444,30.17040101,20.47132824,7.234258184,2.241213429,11.22396262,5.036225697,15.19301278,23.00542571,ssp585,6.065202099
2076,7,206.5963039,169.3470024,123.1767425,1.80869714,32.05333907,349.648037,329.4541869,15.18221695,11.15321275,ssp585,22.78926523
2076,8,113.6141795,322.5821051,80.45144219,85.32233742,49.74247379,230.8444712,501.5364332,59.43641801,369.3931579,ssp585,222.9955459
2076,9,15.03894222,62.38861209,18.90076818,65.72296734,34.92545183,57.80353808,120.724567,16.92139733,49.9000141,ssp585,123.1925096
2076,10,0.174806106,13.03067668,1.388358185,58.92169087,2.011673732,7.718885222,0.080239213,6.226259189,12.86017942,ssp585,11.33007464
2076,11,38.2820127,6.014277468,17.35970042,0.039343422,10.88636141,0,0.001610769,0.098916341,2.209267462,ssp585,32.97147857
2076,12,2.679096587,1.567962876,1.086963018,0.639403945,0.63541955,11.3286682,0.324984113,4.622603174,2.70774272,ssp585,10.88801387
2077,1,8.723416911,4.723667935,1.945402313,24.46904184,5.797024477,0.088582666,1.318419933,4.49326484,0.033020292,ssp585,5.417170761
2077,2,1.079579907,1.042810547,0,0.429576333,0.007394786,0.05493692,0.008491865,1.340497158,0.224397311,ssp585,0.060653913
2077,3,1.117776963,0.031429527,2.47E-04,0.005697031,4.799080363,0,0.044112911,4.120577754,20.75340231,ssp585,2.519200055
2077,4,3.510530699,0.013279105,2.73331233,8.117105211,0.375994903,4.704294437,19.0218376,8.459155297,5.771457725,ssp585,21.41026151
2077,5,4.625033547,16.51646754,2.973712167,18.55880966,12.87677167,4.464820241,3.784908118,68.37420547,10.18570091,ssp585,47.45267438
2077,6,7.384710421,34.89281418,14.29234464,7.585784115,19.99941961,12.73131621,20.16303222,23.86694064,9.778249185,ssp585,14.64830548
2077,7,22.85725981,270.6558835,67.97475702,114.989481,12.21447698,65.55736444,282.9909603,11.31680391,219.6656996,ssp585,94.9796375
2077,8,116.9040273,283.743804,76.7194859,144.5405761,3.423626142,108.7400591,263.4163602,5.198406189,265.444482,ssp585,106.1057791
2077,9,9.663055221,163.8604353,15.38319463,149.0672313,36.01197152,32.63459145,14.49631213,50.41420884,48.09068409,ssp585,80.3786991
2077,10,1.144426529,22.74825099,0.445114321,1.456154647,0.038134318,1.148644858,2.801096369,2.069596404,51.75473507,ssp585,1.116225195
2077,11,0.333035315,21.78021351,2.870787483,7.155538289,0.465763333,6.149277799,0.502625713,10.67582649,0.331860017,ssp585,25.77809137
2077,12,17.66785828,1.341009192,9.32720298,10.67416938,14.31107878,13.78533197,0.138785873,17.06168138,1.790628478,ssp585,62.86809415
2078,1,0.354754082,21.78398829,4.782093926,13.90141132,2.567089702,18.37699156,1.176916313,96.57149158,4.090835427,ssp585,47.77761691
2078,2,0.444265819,0.951525947,0.014202273,4.293219472,0.147189878,0,0.689358134,15.92070018,0.061029308,ssp585,9.522057134
2078,3,0.165303794,0.262300656,0.309627453,0.899614842,0.84265769,0.456450934,0.243166102,4.318902004,1.426881336,ssp585,5.855980321
2078,4,3.315599058,9.819032965,6.991270143,3.33380096,4.1714011,0.259103521,5.050013301,20.25860552,1.039268911,ssp585,2.990858304
2078,5,6.996727024,46.25877369,4.252122806,3.71857446,1.614337948,14.14189002,39.3990637,21.30735133,0.491628758,ssp585,30.3931596
2078,6,24.34430233,75.6699394,5.300893857,7.304905367,30.3417823,10.06566335,25.87123497,9.39041187,8.358755254,ssp585,37.47430258
2078,7,21.51816329,90.08556089,38.03592007,4.446242845,4.916568489,56.37053381,22.08457267,11.11889062,294.2907984,ssp585,78.32389973
2078,8,24.03090688,102.8208228,53.13134265,65.78384676,9.317286318,115.782291,100.0005296,136.2417132,204.1949528,ssp585,118.613187
2078,9,44.47584254,101.6237862,32.01537308,19.22085735,6.685586028,34.79615535,14.97627561,28.91961117,210.7665157,ssp585,138.1716736
2078,10,7.876146459,5.78961052,0.891511341,0.488918316,2.768652426,2.978048691,3.96305785,0.002734295,0.887966124,ssp585,93.39303686
2078,11,12.82455932,0.225036269,5.330245531,12.37461085,41.42420283,1.51296015,0.527667783,14.19704129,10.04617977,ssp585,39.11092424
2078,12,44.72287873,60.28752176,1.874291134,0.816572905,44.83355448,0.560930774,0.089665326,27.64225177,0.469084413,ssp585,2.232358853
2079,1,17.12407239,9.695651501,1.384766231,8.151134106,5.394606283,0.691613759,3.356321295,10.19159289,5.686849681,ssp585,1.550422622
2079,2,11.45172702,4.58E-05,0.019995,0.289940279,5.31932287,0.084367679,0,11.01732718,1.35498691,ssp585,0.073695904
2079,3,1.32445147,0.179671461,0.004645555,0.00184408,0.130700964,3.819318213,0.346927401,0.075157759,0.012219432,ssp585,0.908352727
2079,4,5.086369266,1.499856334,20.79271123,2.282677289,0.271430789,3.739888464,5.769471265,1.703527998,1.04681692,ssp585,7.05E-05
2079,5,12.908557,44.95072509,1.167279076,15.77295572,12.32803073,11.1800042,6.662723671,2.602649334,6.267763912,ssp585,3.477495955
2079,6,12.04364458,116.166026,22.82213477,4.61968502,0.505570993,7.735103922,12.50094596,15.77793894,11.83807935,ssp585,7.235092723
2079,7,77.96445,119.8018945,78.87523474,18.46450135,146.951817,117.9377077,153.3963952,126.9345988,118.8462893,ssp585,248.6579152
2079,8,300.7117588,325.482467,127.7705791,182.784924,195.6881319,40.40478641,218.8335395,44.35740458,345.173293,ssp585,142.5865197
2079,9,19.16207648,78.03735919,26.44786291,8.835316439,13.8042092,64.93080826,57.6368116,30.4160829,168.6917398,ssp585,13.43539042
2079,10,2.331208244,28.15563139,3.418113825,6.73E-05,3.22606752,3.108158691,11.62506025,2.642740884,2.437077829,ssp585,0.236190588
2079,11,0.292886863,13.93836151,3.495260221,0.221133787,7.292942727,0.032614293,5.361072406,1.955702829,6.300845186,ssp585,7.706978269
2079,12,10.83035041,4.052445697,5.688630924,0.629325959,28.33981698,0.771070914,11.43910498,38.13110347,1.475243895,ssp585,19.82838652
2080,1,0.301871532,17.45839815,9.051484447,4.234758023,10.67827457,0.709952568,77.49740341,41.93221223,36.25592957,ssp585,2.518499858
2080,2,4.75929617,1.472995894,3.71E-04,0.010237593,4.356711459,0.001493085,10.83107599,3.742643149,0.128114042,ssp585,0.191585493
2080,3,1.84E-04,1.074264229,0.629976561,2.873342985,0.019517482,3.247701618,0.701926858,0.318173183,0.372356077,ssp585,3.211241803
2080,4,1.737338923,3.24E-05,0.367082458,19.77352311,0.2824372,4.268158062,49.29065944,21.71480392,3.35070213,ssp585,16.27503784
2080,5,13.41819598,0.005648078,23.96419202,14.12734183,4.726417452,4.306433589,20.7091218,52.47295798,1.585857002,ssp585,3.364786901
2080,6,20.63178323,51.74845706,41.81493715,6.702575048,22.36037357,20.32726972,38.85433916,42.63502554,7.63663057,ssp585,17.44791639
2080,7,34.89977169,374.8061812,82.3744027,253.9849876,7.644967694,44.29534349,118.5842912,43.29395474,190.4408896,ssp585,104.3475103
2080,8,273.728232,242.7117802,72.31080203,186.2417767,124.169335,173.3662055,97.14315898,104.5658417,282.3235695,ssp585,34.0698334
2080,9,39.43112515,108.9957289,28.04478473,33.14948793,6.544823179,318.65058,86.05724932,26.00548089,92.2510892,ssp585,52.41100545
2080,10,2.533848661,2.921517651,0.082852267,1.142204468,5.00279383,24.71274065,15.36546688,0.73922206,0.385953603,ssp585,25.92469068
2080,11,24.2294312,0.026938368,4.652808778,0.365141433,28.68436107,0.198463838,15.44149958,0.437890127,10.89409422,ssp585,60.27848741
2080,12,37.96274241,1.096855277,0.108340398,4.136762136,3.992659412,0.18088898,9.731683178,18.1510687,7.840386614,ssp585,116.837819
2081,1,5.286858985,1.554742831,2.10752295,0.514055462,0.440212732,0.331394799,0.198490787,2.255001633,5.990655614,ssp585,176.5819238
2081,2,7.58E-04,0.031740134,0,2.205513406,0.424304131,0.001979373,4.645352463,13.23526426,0.487917917,ssp585,2.642982652
2081,3,0.415136824,0.008067874,0.057287242,4.101523681,0.548232806,2.53E-04,6.797893852,0.075444292,33.34183187,ssp585,9.123363797
2081,4,0.555869322,0.014690557,4.965826883,1.643710395,7.508981338,5.204117398,3.281942406,1.670210504,1.531414756,ssp585,21.68314978
2081,5,16.26237267,4.054591623,3.08277062,43.77812754,7.528690968,0.134790909,39.60693362,12.01366269,46.39934525,ssp585,31.48679966
2081,6,44.6327165,79.88645066,37.45423929,9.705413392,10.44660285,12.58507394,11.91726031,13.72118347,5.792868797,ssp585,82.65948121
2081,7,34.408181,144.6453103,82.86202532,10.25583327,2.125595986,55.02493542,65.56070822,10.12346641,114.3630164,ssp585,78.70625751
2081,8,69.93025744,139.0239713,156.824876,67.31662429,110.8036229,273.2742555,20.95008156,62.01394842,334.7759341,ssp585,101.3083101
2081,9,8.699635336,42.01478774,57.07425571,14.17564581,54.39411679,69.90509638,29.9081677,23.03926277,88.12808265,ssp585,121.6033195
2081,10,24.5806255,34.56823471,1.240426419,1.571464139,1.485694663,6.860653055,0.67444975,2.593357451,0.648093818,ssp585,75.42224585
2081,11,8.657349573,31.52631957,0.954329206,12.23559435,3.50354141,1.898617769,3.424974869,47.58374371,18.210731,ssp585,28.93228926
2081,12,8.230254723,12.56686507,2.038366862,3.349519521,16.59698149,8.918115592,0.002710345,16.14364504,10.70010383,ssp585,39.15257679
2082,1,0.283094041,9.275028541,1.264001819,0.010507901,21.09051028,7.233965967,0.634004209,78.64410287,13.23393747,ssp585,76.33864468
2082,2,4.456184703,0.212566847,0.005626491,0.309285438,20.53276147,0.005024945,0.446172739,2.363321217,0.412582754,ssp585,3.041987152
2082,3,0.265598045,1.567184768,0.28978878,0.046985568,0.35503336,0.354680184,3.207594764,0.485218039,0.358255515,ssp585,8.545711764
2082,4,0.470778857,25.74721898,7.801185637,3.526314387,1.972699075,3.56873724,38.73553521,22.70065344,0.003803471,ssp585,27.28471259
2082,5,6.90838614,61.95211136,4.220400449,0.68679008,44.50774482,8.848105033,99.70451899,69.26509903,2.392905499,ssp585,12.19321
2082,6,14.45944665,87.60224376,38.99858833,13.43770554,3.661297663,40.68143277,12.87237774,35.98435439,7.201984081,ssp585,26.1117209
2082,7,154.5780512,74.08452302,70.85189341,9.646032428,21.50146159,62.56380225,295.7836635,72.2030017,263.828967,ssp585,25.90531016
2082,8,80.07774636,84.96599586,92.92507518,18.26113852,219.6216283,137.9232741,234.0703999,54.12289517,366.4428239,ssp585,237.0122855
2082,9,138.2264399,26.36060398,50.17681939,8.933554222,192.8257197,18.51991979,53.43469283,16.46225572,206.8917147,ssp585,53.55083814
2082,10,2.042728743,26.09351249,1.830599411,0.059285377,1.872057029,4.419435551,4.507105916,1.214706222,0.643209161,ssp585,54.84518828
2082,11,15.83899091,156.9321006,55.81801718,0.899778716,9.80357783,18.88442893,0.074084902,0.298509371,0.041198461,ssp585,9.096732947
2082,12,39.9076371,20.30494595,8.616702101,7.397363457,6.121680075,1.363662239,0.557158097,23.85189925,0.458900776,ssp585,1.319484196
2083,1,7.22104243,68.48185225,5.576362799,1.993628948,27.58638752,3.056106803,0.155774054,1.368685099,0.448976679,ssp585,0.995022588
2083,2,0.617085303,5.131842679,0.172703555,0.665329065,0.145560316,0.14444559,0.057006417,0.090112673,0.154221187,ssp585,0.446859626
2083,3,13.27831732,0.314881941,0.001148382,1.036492652,5.458278282,0.040813353,0.035484676,0.576671549,0.166953406,ssp585,13.65660714
2083,4,2.665200871,3.008215709,4.227198383,0.073525211,1.65079965,8.494419599,18.96275719,9.871551702,1.385562827,ssp585,0.965701163
2083,5,8.58760259,29.77007662,1.270888267,3.296382167,10.64804615,15.44577342,19.86261352,5.988734339,3.190896527,ssp585,0.324782903
2083,6,13.35092584,16.08267519,14.9879808,9.596037419,18.67221299,43.72890486,30.48271216,5.249685933,3.461618677,ssp585,9.793453398
2083,7,36.524167,121.5909314,65.56330452,75.35580535,97.49198646,59.37754027,87.24733833,7.159710551,212.3699259,ssp585,95.29255247
2083,8,224.6360288,444.9420945,72.98804829,196.3202782,7.819774252,80.94858829,433.2618538,78.98920215,240.6855699,ssp585,53.2948095
2083,9,5.23017332,119.9729902,28.42799407,244.9292864,31.21571622,48.877857,265.5206337,79.35478082,89.93082863,ssp585,12.41947443
2083,10,30.8476848,15.92566399,0.898966125,28.54798996,10.80148816,1.761816353,0.020566416,1.411946192,5.001716228,ssp585,1.639963139
2083,11,1.855221303,7.7582744,1.668650629,3.502666484,4.274534779,8.172519205,34.87054439,0.271658529,0.389837621,ssp585,2.988494673
2083,12,1.779942372,0.239291021,3.005328437,4.926657027,3.574093099,7.219565167,0.894506736,9.522522431,29.97169966,ssp585,31.40972212
2084,1,4.05840909,3.773323342,0.471506956,3.813597218,12.24054562,0.407800338,41.57321003,2.214109694,1.06341542,ssp585,0.005097706
2084,2,5.19E-04,9.13E-05,0.018634747,0.453379518,5.666494764,0.005323471,0.45144832,1.106818667,0.588493615,ssp585,0.902265047
2084,3,0.630556819,0.058145799,0.937905876,3.921338354,15.26171375,2.623303944,2.800980087,0.719145797,0.06956501,ssp585,0.56726626
2084,4,0.498978579,3.105895443,3.736727421,15.1336328,0.156738429,2.459204185,3.80794626,7.651749494,2.170897767,ssp585,1.180560733
2084,5,14.04809584,5.033113726,0.394800025,0.272494897,1.81759498,1.433502563,0.15186666,31.04993107,15.22100009,ssp585,1.943887798
2084,6,2.193926802,38.53613257,28.31737054,27.19556558,8.78934989,35.63845058,49.08233116,18.268181,10.75510024,ssp585,12.18955429
2084,7,109.374169,87.88266797,72.47040019,318.5082591,12.5774417,54.64571658,132.7421561,78.53202943,77.33002606,ssp585,22.71697317
2084,8,125.8732198,78.6057499,101.7928579,348.1457967,20.09655748,269.0924351,89.25228576,86.92335607,190.4622037,ssp585,45.08386224
2084,9,93.18136752,74.25002595,22.01886672,36.08248342,18.02650807,102.2442704,13.07267958,37.73681617,100.1572646,ssp585,29.41628116
2084,10,2.612593871,0.140713347,0.13748924,0.286889712,0.02083568,12.75688832,5.490495366,0.126183359,29.00163924,ssp585,1.149487877
2084,11,6.225805123,0.054574275,1.130912567,0,26.65242882,12.76428928,2.90245545,2.121737749,24.00994716,ssp585,40.95523916
2084,12,27.50182216,0.770267954,0.375011684,6.747837726,6.128074072,13.83953226,0.70316735,6.891423044,2.144273807,ssp585,5.312717282
2085,1,33.94914294,3.669863764,5.454751595,0.072668016,12.56805506,0,1.448142439,13.51842876,2.03929689,ssp585,2.198070661
2085,2,8.715267817,0.026279412,0.002802532,0.109878579,1.154102493,0,0.010597607,0.295898533,1.407270203,ssp585,21.89959681
2085,3,0.139858919,0.015647565,0.454866563,0.565030621,0.750027529,0.268942639,5.391573239,13.77106453,7.721139329,ssp585,7.207357119
2085,4,6.125518172,5.185146164,0.270539283,72.98847194,20.06093806,1.252270499,5.09363378,4.209250314,2.379070309,ssp585,0.792883981
2085,5,21.5284681,2.219861792,1.229226088,0.637984738,39.99332489,1.541710772,19.15566058,6.0927093,2.347055352,ssp585,26.94040836
2085,6,20.37127922,75.39455312,18.94287705,7.878112246,8.654998589,25.25673786,51.07960496,24.50759921,16.6517734,ssp585,39.85804412
2085,7,60.68216806,33.86878289,74.57963885,63.28716344,25.60702622,223.7346466,157.6450218,69.72432881,58.81384741,ssp585,107.7922173
2085,8,157.1429474,170.9873476,48.45762466,333.7154541,36.50784694,284.3109395,100.7951186,34.2206053,446.2557641,ssp585,69.03350231
2085,9,18.01534451,91.42070635,17.03137874,195.4799001,76.4968735,114.2072074,17.983134,99.75035097,85.14651012,ssp585,25.1611316
2085,10,2.269921889,120.5432331,1.678482832,1.334812515,1.871927144,1.853579862,71.41247732,19.47632629,6.014637811,ssp585,14.74314939
2085,11,11.08736143,1.512240254,7.898804278,3.938443538,17.83247432,7.915202447,61.87587797,1.25992353,0.289803414,ssp585,11.49560852
2085,12,63.76332221,23.31034654,5.125676543,0.259098614,6.027719973,0.093686738,17.98498162,26.48407917,13.78069908,ssp585,9.11500564
2086,1,16.82247769,3.495638612,16.84423923,20.24803288,3.80158595,0,4.222359255,3.106110031,0.266109308,ssp585,11.67818755
2086,2,1.015331827,9.319930887,0.001959794,0.519160475,5.241469606,0.008669315,10.90360678,9.571822712,0.045090078,ssp585,7.327612469
2086,3,12.08161207,0.207339068,0.003988124,0.094712768,10.66019918,0.772181663,0.816483916,0.176197581,32.08810991,ssp585,1.149400208
2086,4,10.97739173,12.62342052,12.71884831,6.662436463,16.27495241,0.362567146,19.50392992,9.125084717,0.788901873,ssp585,0.134413842
2086,5,5.68628382,68.89294759,7.109681465,8.224041233,0.943814771,1.221137481,1.687383261,2.837275096,0.302143804,ssp585,45.99888335
2086,6,8.187895216,23.21998113,18.00103148,7.697231359,8.284088729,111.7462687,100.7535542,24.24251415,6.673933154,ssp585,8.272441611
2086,7,73.97073291,65.75949966,122.4683063,61.44156705,83.8595179,87.39270262,105.2157854,6.49136551,74.54659968,ssp585,62.0307933
2086,8,26.93742067,120.7379294,61.56341788,316.1866104,16.77130197,76.10338648,75.09224209,4.988030029,506.4205411,ssp585,176.1780458
2086,9,47.47796463,64.21680345,42.18570552,320.7105707,12.5981917,84.61661209,62.54969734,9.043877725,168.4146523,ssp585,14.85590607
2086,10,7.685032135,6.563473208,0.048063297,11.17136534,16.04056675,2.361364237,20.86620512,0.702963193,20.5598347,ssp585,47.53778999
2086,11,2.506313277,6.179142043,4.278326705,0.754709572,9.084808338,3.67484839,6.36523486,0.022024705,1.362138525,ssp585,31.82992125
2086,12,42.35212203,0.714690849,0.434737862,11.36950461,14.69291918,0.652675107,13.79604894,1.432952118,0.718421415,ssp585,9.88795303
2087,1,53.22836224,0.125483195,1.900044458,22.09451158,0.70998768,0.195247102,11.63384237,0.74934116,1.186335576,ssp585,18.84884093
2087,2,4.600412421,0,0,1.977541239,0.37385045,0,1.169027044,0.562603318,0.435773321,ssp585,1.578393103
2087,3,1.50099651,0.031438304,0.001294353,0.336371957,0.465383927,4.813832923,0.430034684,0.013177349,0.483643621,ssp585,0.440663516
2087,4,1.38940018,6.819765909,3.344520181,3.79679355,1.060666799,0.848200072,3.048862942,42.78916576,21.80632023,ssp585,0.008965159
2087,5,7.062643778,47.28860078,12.73140393,6.793154398,38.33693858,0.165356312,68.84530511,55.2334249,24.16554912,ssp585,16.72878252
2087,6,21.81234142,74.51325604,14.54180988,2.179916406,4.017975904,21.13603187,24.38387245,47.52506481,15.27426714,ssp585,8.601895109
2087,7,70.27312513,99.40164281,79.96495208,9.695141381,10.91371665,37.70981767,401.6484073,125.3595443,151.4718885,ssp585,57.85520448
2087,8,288.7744307,541.9295613,39.54236979,147.919368,19.80796684,70.07369223,189.9965871,145.3776022,377.5299987,ssp585,78.94771427
2087,9,8.805395624,138.8010262,17.20373534,51.33214418,2.020692173,27.06426409,45.93688464,13.69351055,239.969866,ssp585,15.42712279
2087,10,0.009370584,12.75567206,1.039587141,0.228425272,5.688447162,8.053695372,3.529781432,3.255138199,114.0534934,ssp585,20.87712363
2087,11,0.110370773,0.021528926,4.732001997,1.138561445,24.40818931,1.645172026,0.127003163,14.78342358,40.24203048,ssp585,1.187193522
2087,12,0.343845337,4.945519649,17.56366459,3.272722219,20.65406829,1.658441807,42.11865843,53.31168519,5.692010406,ssp585,0.658105521
2088,1,0,10.99969128,3.021180771,1.400028606,10.03312709,0.198295654,73.36161413,4.450410045,9.719626974,ssp585,35.08922193
2088,2,8.947783153,0.476359366,0.004380561,3.139368018,3.34058366,0,1.123629672,0.626167739,0.085844131,ssp585,4.724297945
2088,3,3.521930378,0.004685105,0.17444435,0.108346207,3.666321998,0.521774086,1.728978278,7.910588671,2.125648534,ssp585,2.76535666
2088,4,0.208698405,2.84E-06,15.38485498,6.254729272,0.252674249,6.932267258,44.14234898,10.9307678,0.532489396,ssp585,22.03920981
2088,5,2.055706085,2.599643842,6.684885149,0.570072129,15.48265817,2.264156714,32.3066225,22.09742104,0.816579028,ssp585,14.37626111
2088,6,30.76509513,44.70061968,12.35148336,4.225742106,28.08663169,12.86191033,8.132203296,11.40265121,9.3157595,ssp585,4.098568314
2088,7,105.4927349,108.3482442,86.47829731,278.8527883,39.34905292,128.6062146,70.20260324,9.224213297,41.71588186,ssp585,258.8433862
2088,8,40.74571963,212.7589196,146.131545,301.0640506,63.83896704,112.3311682,162.1041879,125.9401452,431.7636507,ssp585,108.8043755
2088,9,15.09606044,257.391275,44.64314997,52.67976697,16.18320777,67.0768742,111.7820427,82.23128318,155.5514878,ssp585,63.77615053
2088,10,8.558854381,148.9011648,5.641591301,0.678289261,0.267457951,1.955386263,7.061397855,3.042620439,0.639332215,ssp585,83.77901732
2088,11,25.80252802,3.196430267,1.65613227,8.309651043,11.86660158,9.115757659,4.388379946,0.059607533,3.489126026,ssp585,3.488800661
2088,12,50.48188016,1.439065565,2.893876306,20.76561582,20.75320586,10.27888192,13.30394584,1.528467938,1.981723154,ssp585,4.81E-04
2089,1,104.0631153,0.587055598,1.306128322,11.96177428,5.948734799,0.508038477,8.355958474,1.450808774,0.066945712,ssp585,21.73050162
2089,2,1.739175226,0.043142184,0,0.798404977,0.149210156,0.0068133,0.272784233,0.052987688,0.088890051,ssp585,10.58994179
2089,3,6.447315656,1.791439866,0.345824002,23.42086067,0.023378031,1.417469487,2.629296024,9.330456892,1.060944093,ssp585,0.195801338
2089,4,0.083442167,1.858662423,8.14180766,1.923838708,2.724438542,3.047809225,12.63971693,10.79721029,0.130381773,ssp585,14.39407175
2089,5,19.71060082,11.43504408,0.662687614,1.51232843,54.36651593,8.501598309,6.938259221,4.332351275,0.28915549,ssp585,0.483090099
2089,6,19.47769886,52.05980062,6.53863604,10.43481975,19.68203108,48.8666912,11.28827792,13.71978022,7.57931489,ssp585,4.383276327
2089,7,76.90235106,164.9469448,107.5612362,261.5402297,0.632040247,301.802413,252.9981534,94.28676407,8.057906954,ssp585,91.59105478
2089,8,93.27886241,119.635882,28.09996394,142.6836494,421.9027722,504.2701317,36.68004469,195.5451793,520.0798725,ssp585,35.2294976
2089,9,48.99871136,111.5285866,14.04088384,86.03542086,66.9651569,195.1636175,27.98229662,24.43468849,137.0393096,ssp585,58.56979952
2089,10,6.830191939,0.664963508,8.449207551,0.146172995,0.584526737,10.76821689,45.25497203,2.533577779,1.290124577,ssp585,11.66772198
2089,11,3.449044729,10.52552915,20.17487065,0.514744444,1.742469312,10.45619894,22.870611,28.47615007,1.159523323,ssp585,64.72595879
2089,12,3.495448725,18.79037169,1.786481882,31.78163842,16.19630736,0.540581004,0.767710858,18.92421822,7.714348776,ssp585,44.41791167
2090,1,0.031641413,2.878234229,15.81451394,53.40814524,23.03723613,0.181428587,65.46593878,100.1470457,0.383180413,ssp585,43.57449863
2090,2,0,1.246274775,0.048365587,4.499813568,1.361310782,0.249186883,0.041349983,22.86391414,0.07784021,ssp585,15.43157875
2090,3,0.481098501,0.033815265,0.003674967,0.622296035,6.993671715,2.562756349,0.980991721,0.916046897,0.628597434,ssp585,4.588603442
2090,4,0.20399819,8.16880805,5.44044335,3.459631306,0.292730714,0.676075135,42.27713741,19.03711861,8.738825942,ssp585,41.64408016
2090,5,10.23376807,44.09995579,18.08008313,3.450600511,6.692533106,0.866114319,7.698987467,77.28132695,6.166360264,ssp585,45.0714546
2090,6,27.36154601,12.48799719,21.72062028,9.474632549,8.870919729,8.815543465,24.88091733,26.86370414,11.62162275,ssp585,18.93042025
2090,7,315.7634146,60.80299913,59.52813607,6.432479515,59.68126908,117.5310214,84.06218146,5.823634171,19.76835707,ssp585,49.02187507
2090,8,330.438643,77.6803506,79.10000155,517.3555987,89.61641835,104.2353779,28.97845816,44.92107146,277.361492,ssp585,83.91012633
2090,9,81.6288399,115.7885109,46.59377612,67.63779703,21.74588917,133.0864445,38.49185205,29.27829934,71.95059502,ssp585,15.92681053
2090,10,1.07482901,25.02264988,1.237517674,4.33E-05,0.511704854,2.530528564,15.64698465,0.351759112,4.29903122,ssp585,1.409790652
2090,11,5.990425082,16.32336446,1.873251518,2.475883597,19.79503547,5.326298057,0.008972493,23.45679204,8.264092159,ssp585,28.10227242
2090,12,4.635403556,25.46951689,3.636107921,0.857544528,18.92826518,0.263057927,0.546202408,36.8945214,18.3925488,ssp585,96.17624013
2091,1,3.928087871,11.13409106,1.68674447,1.61948421,10.31802769,1.302990811,2.464040567,11.14520819,1.331025926,ssp585,45.37602332
2091,2,2.041762103,0.001459521,0.028901758,0.020368479,1.1591321,0.117999104,0.22817548,0.61947585,9.574130451,ssp585,31.0795791
2091,3,0.008947885,0.04657352,1.175728985,2.482844111,0.183512235,0.401147039,3.209701721,6.329215634,4.078809676,ssp585,12.11897774
2091,4,13.50287551,19.00882876,0.516589192,0.544863761,0.286973692,4.2212819,6.454412782,22.48714994,12.86345253,ssp585,24.42596142
2091,5,57.25869244,9.760200466,1.173692105,16.53666827,3.689990112,5.871988189,1.766886755,21.14990225,3.855012482,ssp585,38.50149735
2091,6,7.777020306,61.49393628,31.60370445,5.854083387,58.45817436,32.49932535,30.68696389,97.0519887,12.1164356,ssp585,14.81990638
2091,7,42.99458072,58.8356366,146.2588634,0.514733471,35.08016835,199.394081,40.42653006,75.86494927,40.71301375,ssp585,75.93579244
2091,8,259.7721072,357.2098926,57.42245688,318.3635935,11.28568055,133.0599765,223.1908518,43.5994044,106.0314669,ssp585,38.18246489
2091,9,75.82760412,252.2735959,40.41372137,46.55520682,2.979687423,110.9942857,39.76629521,34.37245769,24.46722568,ssp585,16.36263746
2091,10,29.33924718,134.9771157,5.122824441,32.77785848,0.028974139,1.649006615,0.792760692,0.361388226,2.304348829,ssp585,28.31367473
2091,11,9.588824523,9.565984678,13.27906085,0.265305384,12.63497203,14.62486453,0.005597576,28.57622383,1.232826054,ssp585,16.99760649
2091,12,3.05514069,7.085997094,5.661445368,19.49438805,22.21831812,4.055336224,0,14.46511677,4.19081913,ssp585,61.80655081
2092,1,1.443401957,8.146021907,0.664274716,4.239532653,2.049476982,0.031786132,1.969319781,5.673516637,3.346796955,ssp585,92.09047559
2092,2,0.00895089,0.934586343,0.01548619,0.766586562,3.302463044,0.556826236,0,0.111444047,0.011324066,ssp585,31.05971352
2092,3,0.265606341,0.052790752,1.805660809,13.5486258,0.259778786,0.138329087,0.029712568,2.356119958,0.01528955,ssp585,4.76944649
2092,4,5.68143383,0.009577415,16.77978797,6.175971711,0.55986539,1.615532305,15.61070357,2.029240085,4.586312836,ssp585,15.84522094
2092,5,8.310436702,0.018613085,1.453538573,16.44681721,13.83332513,11.37635901,4.29948881,2.697642299,1.442269443,ssp585,12.21479193
2092,6,11.04708442,27.79175716,21.73001534,1.65565567,1.316903971,51.29490684,1.655861492,42.71071784,14.76538302,ssp585,12.19859362
2092,7,24.87928897,232.152308,115.2506164,13.36568694,3.524708399,23.68556663,92.7955678,15.05258897,48.30136841,ssp585,39.02114764
2092,8,287.4069909,590.3063041,94.4299077,80.11843291,49.55377172,80.33659016,211.9874645,28.69056195,424.7875014,ssp585,97.96350746
2092,9,26.83595914,301.2235467,102.7802654,27.75847664,28.34088359,56.21969317,61.72582909,52.34936056,108.6006067,ssp585,39.65549113
2092,10,0.256814134,36.41310058,1.066019494,18.75371003,0.55134817,2.646556815,2.166391793,0.05391041,37.30003127,ssp585,92.65273304
2092,11,8.114015453,14.73391829,22.78080705,1.449331389,0.207746335,0.001741015,5.880119051,11.00348882,9.750031134,ssp585,20.79014894
2092,12,18.41333802,2.184975093,6.109767483,24.90484411,3.765748865,0,0.229377239,10.33682532,6.654387449,ssp585,0.001079415
2093,1,2.950494377,1.629601014,0.90481261,5.830665021,56.51281574,0,0.137193513,3.104225363,2.1360569,ssp585,1.793356424
2093,2,1.228084649,0.903807443,0,0.453919367,5.517141583,0.090126715,0.130731436,2.024205708,1.54E-04,ssp585,0.003767476
2093,3,0.205767918,0.169446808,0.457862603,0.026679185,0.396446243,1.544422449,23.9797708,0.827530294,2.735514808,ssp585,0.091128432
2093,4,2.138933069,0.565674687,5.68211417,4.788606512,0.021788866,1.057659184,24.20037695,63.20631968,14.46071643,ssp585,0.094635034
2093,5,21.80130401,14.74317225,4.767651549,4.761378818,36.27039681,2.313720285,3.446999437,15.26459615,1.704547612,ssp585,8.508863806
2093,6,18.21641849,87.59335876,9.451461101,8.333986228,23.25827956,61.59097389,12.96158037,9.767915093,4.562311081,ssp585,6.832971899
2093,7,76.7949318,227.0892096,57.57506174,134.6665536,8.695490992,73.74690928,99.4359099,33.38856393,158.259032,ssp585,64.94938586
2093,8,168.51887,189.6981161,80.60686286,339.319468,12.75698335,403.815938,109.4112804,17.84799863,401.3173933,ssp585,66.12031127
2093,9,17.9079214,38.27534464,59.36477438,42.88078649,55.44457539,176.7085849,39.84925014,22.95462738,275.9718845,ssp585,81.13408557
2093,10,0.984228796,0.333560978,0.378634764,0.344812347,26.01095545,12.11301915,3.138985426,2.111034702,0.890377471,ssp585,13.14336658
2093,11,1.713037523,1.592665779,5.552968465,3.282712513,2.377400466,2.007575713,2.147054092,26.23550233,1.507127598,ssp585,33.52025991
2093,12,23.37037939,1.50575062,0.647225429,2.061041247,20.61601604,3.331840508,34.99097614,2.011409944,9.368247468,ssp585,0.066406567
2094,1,37.79951904,1.818476737,1.654792346,118.4302063,3.034179852,0.045727077,4.382233374,25.31376102,0.538527871,ssp585,3.21168149
2094,2,6.195900823,0.906617176,0,0,0.221470857,1.229886047,0.127578689,3.313533961,0.140473546,ssp585,0.797635995
2094,3,0.667174954,2.189653062,0.313388215,2.64E-06,4.043605251,2.303912238,2.808793454,3.030533225,5.197293544,ssp585,0.130202245
2094,4,0.379722882,12.11533108,2.672513943,36.71397807,6.109567757,15.77749223,6.426460519,14.86716086,0.114314354,ssp585,1.204064085
2094,5,50.78975595,11.20302796,6.654040346,0.523478994,16.00406203,32.46954931,6.562914669,14.15875357,3.014691486,ssp585,0.341578193
2094,6,10.7980354,48.3349638,86.36427209,7.383564295,40.53522315,17.51280632,22.41875372,118.6832197,8.379769216,ssp585,19.45947311
2094,7,69.20105239,89.23228675,117.3794513,151.6108527,15.98666253,57.20228276,174.0280084,13.95246295,210.1399495,ssp585,19.25529614
2094,8,145.4543149,92.88778409,114.6073996,228.2738442,72.91826607,216.1098613,124.3105695,16.07176663,272.5358086,ssp585,107.285936
2094,9,17.20526949,101.2931034,11.9046738,79.5121957,24.99862017,89.79025432,14.97785389,19.55205225,73.68194791,ssp585,127.9687959
2094,10,52.6744176,40.236053,0.117904727,0.018174132,0.186040666,1.394810413,33.60792022,79.92572406,13.7143891,ssp585,8.218118052
2094,11,64.49615247,138.7309301,25.14219041,0.051017668,0.006490191,5.11447392,0.140000243,0.028548301,9.633911781,ssp585,11.81216847
2094,12,3.358154576,3.453025421,18.53925165,5.451600189,6.345010601,0.106315213,0.108296213,2.933351916,10.69298541,ssp585,8.463972753
2095,1,28.80643753,33.20715186,2.892916691,0.678088023,0.212130078,0,43.71770203,11.16165854,1.239154162,ssp585,1.638758591
2095,2,11.67420887,1.155079492,0.099290653,0,3.746048711,0.165835373,0.394598038,0.002578933,0.012262622,ssp585,0.150646293
2095,3,3.361456974,1.51054621,0.184795186,0.657175625,0.232092799,1.280809838,1.711469817,3.608465694,0.113494126,ssp585,21.16329658
2095,4,3.042239122,32.73503163,2.336083498,13.87183491,0.306214819,0.962106805,15.42831587,11.32962815,2.335387859,ssp585,6.421216133
2095,5,9.874931177,22.40795307,11.7556869,14.1189951,11.69405452,9.001063493,11.68017369,4.101785387,5.487287929,ssp585,4.203188067
2095,6,22.60098265,42.05627836,5.832065722,1.476784234,9.463680027,17.77523716,15.99158817,1.345441001,6.459596845,ssp585,9.433984397
2095,7,50.4202896,155.7882247,60.75913551,8.324293284,8.437006929,25.046934,284.704796,13.83408728,37.9821421,ssp585,215.4129911
2095,8,179.1521487,215.5385105,116.1382168,35.98276469,14.78500093,207.6262337,107.7386208,85.20453484,512.4564762,ssp585,135.020966
2095,9,57.82389831,213.8161026,39.85501214,12.85526081,10.02446199,19.92775081,50.53708951,32.28747521,87.47407207,ssp585,40.16474796
2095,10,11.88792206,131.3554403,0.168541503,0.158058448,34.92341169,9.292378161,0.884075426,9.16120965,11.61373839,ssp585,1.841861804
2095,11,5.941790218,1.819629452,3.388403549,3.179912585,6.789324191,0.228877419,0,6.872952433,10.15192396,ssp585,20.713886
2095,12,7.215421722,0.265531011,2.08284511,1.040046795,11.92296991,0.103872784,2.00180065,2.955953417,3.741734535,ssp585,10.28592275
2096,1,13.12427825,15.69954906,3.485346812,23.0477208,56.70163699,0.739641844,1.777603153,0.592154889,0.5557064,ssp585,112.4613957
2096,2,0.077340893,0.103885038,0.002617126,3.94E-05,4.09E-04,0,0,0.276812598,0.063754904,ssp585,3.170899134
2096,3,0.317557441,0.007821399,0.119818384,0.060998732,0.320681963,0.736091698,0.636135931,1.367841663,0.04991457,ssp585,27.96549472
2096,4,1.085308584,4.89036654,16.32409451,0.596975133,0.018861658,3.387987783,0.072130181,9.478382685,0.025794446,ssp585,13.47169292
2096,5,1.535376284,35.39335518,1.491341059,15.25089797,2.659549822,7.19311439,0.465746432,21.04658227,2.088167938,ssp585,21.92421524
2096,6,7.310338439,43.3495814,17.95853634,1.920665385,4.772925753,17.60891304,43.11348872,22.26529503,6.742581052,ssp585,7.452576915
2096,7,65.9574049,72.56733878,174.2654722,85.59522635,5.393446456,12.5476935,44.83464106,12.98800803,43.52740885,ssp585,228.7891523
2096,8,33.33258186,320.1706681,67.37023002,81.07028245,83.3919128,99.74932889,97.71903867,50.9272878,440.8299823,ssp585,323.8201492
2096,9,10.26030439,196.4710299,20.49247873,17.32933459,21.98395192,44.53204211,45.95772017,11.7930127,245.7972858,ssp585,70.96500252
2096,10,3.044857953,27.47311765,0.300387641,0.095898191,0.499782512,10.05415224,0.006175124,1.887035021,3.192820416,ssp585,92.55055741
2096,11,6.705200025,10.74672696,27.4014465,0.405120255,7.166366807,2.912366531,2.3825995,24.77142257,0.001340664,ssp585,9.913088712
2096,12,8.494450955,1.396160517,14.4870116,3.087884229,18.92415539,1.095094066,0.074980456,28.4600832,7.620346706,ssp585,6.841598491
2097,1,28.05088619,6.674561667,1.127767776,11.19746073,10.78506845,0.732183436,1.537204234,11.31392041,5.224754711,ssp585,0.022870103
2097,2,20.07781279,0.569831126,0.097187096,13.31111079,0.919527949,3.831650574,3.387190469,0.571811447,0.560899842,ssp585,1.073084263
2097,3,7.835866982,0.00319728,1.401677762,0.077936474,0.004239993,1.482612862,5.483786245,11.83957009,0.051552677,ssp585,0.486379133
2097,4,2.609143043,0.008635225,21.10566146,24.83896573,4.008719677,4.313294392,8.857412082,3.175101883,2.314535052,ssp585,2.3493659
2097,5,0.419179166,10.23592566,0.835907651,4.427226668,1.16965098,0.181977932,0.250194694,61.03090704,16.35362495,ssp585,10.79299238
2097,6,12.60727399,28.40411491,28.74672674,13.56907545,0.30065267,27.04109181,17.81074577,153.4236226,33.36265164,ssp585,13.42942372
2097,7,193.5094543,290.1835277,39.20430598,122.6924625,21.99701461,42.81332679,236.8269304,40.19348053,372.258326,ssp585,38.34439291
2097,8,170.5091295,277.7691743,91.62251603,272.172255,477.2411456,227.8411446,213.9689914,33.09917566,301.9028341,ssp585,227.0307581
2097,9,9.668959423,170.7039945,15.06282265,112.0864771,35.81367883,221.4954932,49.92611613,50.16520293,180.5922601,ssp585,99.70300254
2097,10,4.248857026,42.19781222,4.239351568,0.122769874,1.907138665,11.81414305,2.142788483,4.578788459,89.33377082,ssp585,72.68895721
2097,11,12.43844194,0.78444531,1.15107218,7.30E-08,4.567164056,5.304102783,6.815715982,2.102890632,1.485890785,ssp585,5.29855635
2097,12,8.455778323,0.009671202,19.96145793,0.592423853,13.10991757,0.007469572,14.45467377,10.00438444,8.631326345,ssp585,2.797291163
2098,1,4.540786177,6.565497481,9.327704319,3.787712894,7.354281007,0,0.012370284,57.83919095,11.86295478,ssp585,2.691466117
2098,2,1.554920551,0.415801189,0,3.342909707,1.113920089,0,31.67718667,0.061577312,0.803849183,ssp585,0.017530233
2098,3,2.378552164,0.459440131,0.023082282,0.159660347,0.031050191,0.031778862,5.041932176,0.006892866,3.370966285,ssp585,8.76E-04
2098,4,0.095777726,0.065503266,0.012718972,25.58997854,1.413572723,7.801909565,10.75116501,4.383905326,0.80061728,ssp585,2.97156726
2098,5,10.87599398,4.98824594,5.260535537,1.257447112,34.04670945,15.01032803,2.340971642,0.229420529,3.75669555,ssp585,4.309820661
2098,6,21.8203572,65.0046208,19.1309735,5.261408506,0.888599649,28.05303311,15.14840208,19.14657023,6.232079323,ssp585,2.263676417
2098,7,280.4529432,96.15852076,46.82351325,2.581539601,7.843770866,255.5600915,48.67070967,9.488182288,10.21887356,ssp585,37.62963858
2098,8,60.06435092,471.3437418,175.1111702,172.474487,52.20831973,41.80816896,238.6323017,2.245557328,296.92614,ssp585,11.99818634
2098,9,166.0220154,129.1404127,23.88450112,44.36912393,52.912352,103.5015036,60.65692936,41.77026569,65.98216567,ssp585,74.16389954
2098,10,0.226940236,1.012124396,2.491889046,1.080127747,9.16E-04,1.246555403,36.91519369,1.051408317,3.068402681,ssp585,0.215657261
2098,11,8.551007489,0.801710062,2.761698098,1.196471814,0.006619982,9.253058055,1.829524611,2.39184138,2.871925172,ssp585,9.08E-04
2098,12,9.391870548,1.757845598,7.336739118,0.224649103,6.74237258,6.209445832,13.31015223,9.915768983,11.80328368,ssp585,0.219001629
2099,1,0.89694792,51.97042195,0.482862445,5.227409212,21.80337701,2.604321827,24.48576647,3.838518744,30.91144834,ssp585,0.001667951
2099,2,0.051427157,1.124001189,0.027197196,0.005065418,55.61840855,0.002086311,5.102534835,0.302364196,8.60E-04,ssp585,1.23E-07
2099,3,0.032907977,10.38072139,0.067095565,0.690217303,7.405237104,0.104671046,0.131290621,0.227029603,0.26671377,ssp585,2.183980737
2099,4,75.95611205,6.912083797,2.552301187,35.87116493,4.190105031,2.202560662,0.105587313,1.484120725,11.17055372,ssp585,4.80235738
2099,5,24.20289645,32.03869907,2.478327386,3.639493653,76.4224578,1.610878482,0.089723502,0.476942335,3.861881604,ssp585,17.68219351
2099,6,23.29938315,63.56309812,15.5256459,4.548773264,24.23431334,46.17750753,2.362045889,6.75625332,3.50933777,ssp585,55.33242457
2099,7,319.0741892,90.46116119,56.53752767,150.7906206,134.1642984,143.5092713,68.68100479,47.28904119,36.54246448,ssp585,63.98439254
2099,8,131.8881553,51.45959448,72.05848356,39.95234394,243.2946344,225.9277259,121.6599422,22.07870594,313.8344465,ssp585,77.94673202
2099,9,56.45645035,56.72976918,26.283605,39.64247437,44.32182427,31.98703396,15.39925239,79.31963043,104.1000283,ssp585,70.67640633
2099,10,6.91822051,26.21833401,0.832229847,4.01E-04,9.923972527,1.513657309,0.864965754,2.28971757,10.76936979,ssp585,14.28775111
2099,11,27.96475286,28.57867148,0.606994458,8.837447981,0.001272978,0.749633586,0.331315025,49.26423141,2.27467603,ssp585,5.107706471
2099,12,11.68267336,18.89487605,0.559494862,1.190370917,30.58852993,20.06928912,0.108319402,11.46078825,0.631033461,ssp585,129.3612126
2100,1,1.549643609,13.40459048,16.15489774,2.513947265,0.344678271,4.370584542,0.190006886,16.43501123,24.2666481,ssp585,118.1940805
2100,2,7.829057396,1.757222603,0,0.526771364,2.444685737,0.009211029,13.5341457,0.409640091,0,ssp585,3.076636898
2100,3,0.890144554,0.234743692,0.108830739,0.699192942,0.111131419,0.11903819,0.299589912,11.66298951,0.006399838,ssp585,6.307235377
2100,4,0.836854324,23.67860852,9.414345084,22.73882996,0.01428679,5.87286519,11.97010992,13.630038,0.394251408,ssp585,46.08250812
2100,5,10.17895147,101.5640362,1.918365905,56.09560622,11.09368887,6.69129421,31.82046388,13.6145064,4.267549834,ssp585,16.34500406
2100,6,17.02697423,31.38017782,20.94022438,3.401631791,4.718952614,32.76473474,36.29016301,73.47131666,9.572965094,ssp585,4.315395724
2100,7,155.8985123,280.2760804,75.04500458,12.52108583,33.02332934,50.55305374,11.02470596,195.3648375,47.0169875,ssp585,215.8491758
2100,8,59.00482533,343.5206978,103.7650343,76.27383575,51.94590053,53.22013233,273.3431354,133.5029627,348.6083877,ssp585,319.8527536
2100,9,94.51267543,303.0412639,32.90178815,30.64973221,6.58760418,15.09039162,91.3285865,5.25335822,237.8793609,ssp585,170.7303046
2100,10,1.155245353,160.3401283,2.895391839,0.078289159,44.82774103,18.45139432,37.69471786,85.01700663,70.37942095,ssp585,60.63709358
2100,11,8.703127885,0.024382827,1.390751773,4.914248809,64.60474925,10.84335958,29.33074772,27.34513735,40.96344753,ssp585,6.635646913
2100,12,0.065957099,9.503133596,16.45537946,1.508211094,21.40609672,0.480002585,60.27071749,57.0311946,1.602721301,ssp585,3.413330101
