Year,Month,BCC-CSM2-MR_mm,EC-Earth3_mm,FGOALS-g3_mm,GFDL-CM4_mm,GFDL-ESM4_mm,MIROC-ES2L_mm,MIROC6_mm,MRI-ESM2-0_mm,NESM3_mm,Scenario,TaiESM1_mm
2015,1,4.852710027,6.591895723,7.193550459,1.169112163,10.81602912,0.478291141,0.611290584,9.613961219,3.439804842,ssp245,2.601968867
2015,2,12.63099704,0.357216238,0.012642134,4.899323821,2.98E-04,0.063293503,0.05091829,0.026624726,0.5002562,ssp245,0.003384396
2015,3,3.895983412,14.97154424,18.75755883,8.936898801,34.20614505,1.696992308,0.673413255,20.85652298,17.22151013,ssp245,0.137576612
2015,4,96.74871339,14.97986465,1.61378118,31.88376259,60.53460765,2.57162619,1.522485997,12.66322676,5.909013678,ssp245,0.500312982
2015,5,16.77799738,23.66049837,6.697362029,6.514625414,36.99391967,17.47801706,35.02937376,28.6394636,79.21570571,ssp245,2.288615394
2015,6,17.62266941,20.29194785,16.28817305,69.83167321,8.820233751,31.85568377,24.00225525,25.38601974,9.720088391,ssp245,30.93011269
2015,7,76.59958268,72.44248447,117.5249126,144.0182251,57.07334441,97.58298738,86.05311513,142.845904,106.0895075,ssp245,111.5248181
2015,8,226.9751136,168.6523348,110.6240703,176.2633121,43.13250733,62.35417026,57.05650755,152.0219751,355.4602921,ssp245,288.4294349
2015,9,3.285844532,36.30345082,75.23219726,18.92505395,65.01897745,63.3240757,69.99703207,28.05660159,7.057810795,ssp245,30.65077379
2015,10,4.007593884,12.1500194,0.143002874,9.615336695,0.009668067,2.275942457,0.7870832,0.058552707,3.54539073,ssp245,0.078375295
2015,11,15.43915035,27.56721965,0.289882209,17.59551875,0.022403058,3.651801565,0,1.563363657,27.23573914,ssp245,0.135116675
2015,12,9.207110859,15.8783074,2.724749667,44.65495265,0.465073923,0,3.147606487,10.52348567,3.583677534,ssp245,0.013010915
2016,1,1.667232532,6.981385513,0.051753453,1.787049628,4.987694631,0.360048411,0.346404452,4.969753448,0.026073002,ssp245,0.012875343
2016,2,0.022700415,0.710490105,0,0.606043951,0.004326461,0.063431145,0.94860761,0.289110325,3.239636779,ssp245,0.024389804
2016,3,35.55537847,0.100551805,0.018459084,29.53720333,15.83723575,3.715234643,9.087327579,2.083317829,0.355183945,ssp245,43.79487721
2016,4,0.739138282,1.470952819,0.358023007,0.346931199,24.5080862,39.50486164,2.845057166,66.13518311,0.234910019,ssp245,8.208210695
2016,5,81.24873519,27.98053412,2.548943251,12.16099012,19.17221075,1.017013284,72.8037783,18.63419401,0.337658065,ssp245,10.58389571
2016,6,34.45630945,3.588321664,45.13840333,67.15883657,36.97769629,6.625461445,22.34414918,53.08020331,18.74975158,ssp245,77.99171912
2016,7,129.0062327,138.8608668,202.7110043,208.7666333,165.4665977,32.84566614,81.61079581,95.05898148,284.5505583,ssp245,64.30805587
2016,8,250.9041924,171.4181338,249.7558744,291.5986761,151.3744003,125.9442489,161.3420718,124.6313008,89.45596162,ssp245,58.0756803
2016,9,21.79111172,38.85267367,35.54348718,70.51939854,28.57974178,127.7980564,45.24279492,10.364626,136.0164094,ssp245,11.13108201
2016,10,9.273065162,8.857187184,0.162579529,0.00167716,9.579897316,0.197507165,0.141783593,0.062486294,15.38123448,ssp245,1.686381116
2016,11,63.3604936,0.122771343,2.685531455,0.221472232,6.748683977,0.095417563,0.002450038,16.41611987,13.23400739,ssp245,40.63754363
2016,12,1.347826041,0.675585306,6.08216971,20.0170455,0.341799157,4.741477356,1.245268618,37.06953144,16.46066761,ssp245,30.68208381
2017,1,9.163062181,1.873540156,1.338888993,1.682904851,0.403651447,0.06877432,1.075661448,17.52057454,0.617616527,ssp245,17.95426793
2017,2,0.026746847,1.726565655,3.32E-04,1.452027725,6.670620244,3.630317288,67.3839848,1.00339631,4.626297599,ssp245,20.49608753
2017,3,16.72107924,0.675807636,0.764580029,0.515813471,2.931153257,14.40902309,5.992763211,2.838825288,33.7988479,ssp245,9.918154807
2017,4,41.73864824,2.436605001,14.51018828,10.37293128,43.35376683,41.46490663,19.71199308,30.71001518,22.16072953,ssp245,60.79017194
2017,5,31.53541376,12.35000265,3.342837087,12.36404448,15.15651568,0.023317547,13.00052902,62.58102348,46.62017522,ssp245,12.9688213
2017,6,30.35927001,18.92575785,17.60466171,60.67240305,19.35511131,9.137295518,63.12063417,10.2217089,72.45838664,ssp245,13.87567837
2017,7,90.17285041,216.8549688,97.50942879,149.7127159,64.53975234,115.1546532,126.8748553,47.06382366,217.2702363,ssp245,122.6976087
2017,8,108.9394164,280.7896514,109.5158239,220.739567,50.67675269,314.7603738,190.2555215,95.76701823,281.3138344,ssp245,100.9405501
2017,9,1.131853211,11.18636566,7.734107039,93.6305983,29.35366282,29.70204607,21.08372175,50.64111887,34.53687428,ssp245,36.97457059
2017,10,23.21773411,3.076013993,0.217581221,70.070562,2.830686226,0.216409719,10.37554393,0.426962884,1.479850486,ssp245,0.068852476
2017,11,17.19969084,0.038716828,7.408140547,0.015056274,0.126986406,15.20977809,8.175033249,1.328265213,0.051051639,ssp245,2.449110974
2017,12,1.112724372,1.458724656,22.71563052,2.691878869,2.613547251,5.617531606,0.151331013,6.927002103,10.57289992,ssp245,3.474292139
2018,1,2.763663971,1.641374674,6.633556456,18.71567772,9.899439747,0.029505933,3.98149131,5.515382471,7.375662114,ssp245,3.679130764
2018,2,9.082018989,0.615365762,0.015481656,0.346585358,0.14737461,0.025632589,10.39747408,0.190764116,0.012753733,ssp245,0.016829151
2018,3,45.69566981,19.13825955,0.052556322,2.013029862,32.36701393,10.18034567,1.10700552,0.922657645,1.257027688,ssp245,0.462490152
2018,4,2.287722812,14.17764203,6.317827191,5.032106546,5.394318811,81.78326499,2.680567809,0,1.313768698,ssp245,7.8246288
2018,5,58.07948354,137.690296,32.0321044,61.73277039,3.953951357,34.40128792,21.78359846,12.69686225,41.17050275,ssp245,0.05839327
2018,6,41.30679787,6.361429387,46.54952367,33.97485943,10.23723519,7.714544552,51.16080203,22.78964228,45.59653842,ssp245,61.66477495
2018,7,67.25368325,77.51611797,203.2563073,100.9629333,65.40253312,26.18310924,236.7647428,102.7666498,383.7538924,ssp245,404.3851174
2018,8,77.44824882,334.1008772,270.5090928,58.30270262,77.85271036,336.2018687,52.48723662,35.55062652,299.6442232,ssp245,248.5629344
2018,9,35.03820937,60.07930807,84.09292974,33.97846323,32.04257807,8.992675052,14.07047144,68.61390787,93.39570593,ssp245,47.39284543
2018,10,1.879696232,50.68138834,0.048098459,2.495188901,23.45428799,0.531162505,4.109716919,0.493780396,0.084341461,ssp245,0.147540708
2018,11,32.64209259,40.65786597,0.241168705,75.03929891,1.882790976,0.064385083,0.080588323,0.205821678,13.97447533,ssp245,7.186265262
2018,12,5.545207414,2.485703265,4.425523876,33.69080884,1.681377591,14.25426112,0.063551333,0.559832114,2.041023133,ssp245,3.528483055
2019,1,18.99168461,21.23704972,2.870775366,31.70628135,7.87079104,0.920509237,21.10304043,5.649799812,4.310390852,ssp245,0.095272117
2019,2,3.73050487,3.242352163,0,2.604928793,10.69212883,0,0.037866463,0.135303107,0.078630832,ssp245,0.026355986
2019,3,5.933493332,4.820397094,0.676620632,2.609157753,6.282607582,1.130233314,2.080031997,3.861737321,1.228983258,ssp245,0.06140643
2019,4,18.99619558,12.86924409,39.93428134,65.81729906,64.15908983,28.62140648,11.7055118,4.92826767,13.21523922,ssp245,2.285477294
2019,5,115.2241568,84.20262288,12.89811494,26.03283681,15.55223324,32.08366891,24.87955136,0.762128935,15.03431865,ssp245,6.260449906
2019,6,11.85292208,4.662206281,3.086274259,19.58481281,12.9279187,29.00570606,63.61038414,24.34276423,27.40683818,ssp245,35.58585154
2019,7,168.5822583,45.7015625,137.4285588,162.8077266,59.42907134,95.33187099,90.88227102,121.9537819,19.30170691,ssp245,276.5010207
2019,8,128.2485237,219.3477218,147.8657887,302.8052592,131.4476882,66.49042658,123.4529615,111.9732615,133.1999105,ssp245,39.68725634
2019,9,40.19487577,12.9446693,31.23857522,46.27611552,16.96597074,12.287554,27.16591301,2.605989213,37.30384281,ssp245,17.28792403
2019,10,5.70511542,4.084835827,0.345779189,0.544258658,0.08456375,0.156820415,0.003967173,0.139883146,0.507485312,ssp245,0.024536171
2019,11,1.520710384,4.648158932,2.978639078,0.555603095,6.70005011,17.61584389,0.226135124,22.80562606,0.019480918,ssp245,23.8078693
2019,12,1.962332206,0.377179872,8.859034487,10.89312114,6.72365792,9.808232088,0.695068894,11.57207335,4.7738888,ssp245,12.40295224
2020,1,20.71433062,3.626945548,0.384553376,4.737580696,1.033836549,28.54736636,0.083843197,3.832584122,8.66239212,ssp245,0.597058099
2020,2,0.368187479,0.004543735,0.425973758,1.59694471,0.027837771,0.007191875,9.47E-04,1.93E-04,0.705884648,ssp245,0.751187867
2020,3,7.388662382,0.006806822,6.135903747,0.437033074,3.768987225,0.881385407,13.92288471,6.191736089,43.61723149,ssp245,0.337487693
2020,4,47.43147827,3.070550643,43.85575299,22.7030653,6.007961385,15.79955915,14.47957329,19.85009305,14.92489394,ssp245,8.224924745
2020,5,9.106424994,10.09141597,9.959944442,2.173843151,19.87426984,55.01723413,48.66370631,12.49471947,24.69134124,ssp245,2.336362696
2020,6,45.44390253,26.66885807,21.07530916,22.44181833,9.146969441,49.76663052,45.75649057,10.1314479,11.89763235,ssp245,23.20484626
2020,7,295.694196,348.4145229,139.7617708,80.07487333,58.81658386,49.03803973,395.0856903,191.3425146,334.677318,ssp245,43.61888764
2020,8,88.02969496,219.1280069,145.2201791,144.1891793,329.3951446,154.789704,180.4180949,244.10597,231.4405019,ssp245,97.28076383
2020,9,37.77218197,11.01582524,13.40475406,108.022656,163.9805246,50.39044324,44.02932779,25.9638948,49.06658427,ssp245,67.20875097
2020,10,7.347641992,0.609868246,0.141717352,0.201269529,9.97E-04,0.190945097,0.00285396,0.803002847,17.35372214,ssp245,0.023765049
2020,11,4.143626254,0.048647015,75.74220214,11.10311377,3.588941417,3.364833183,3.266899522,1.072694783,40.22220448,ssp245,9.950007709
2020,12,21.67556136,2.564131183,0.646537275,2.145761332,11.60893186,2.73977106,7.75000335,3.527592245,91.83224414,ssp245,3.487885568
2021,1,0.469569801,6.308587484,0.09663896,9.762926608,3.561918334,3.77072307,21.65758532,15.76672984,0.7145161,ssp245,7.216524981
2021,2,1.34E-06,0.88631749,0,0.710379529,0.316001101,0.43262948,0.292210533,0.158635019,5.215246865,ssp245,32.89091647
2021,3,0.589887544,0.094968755,2.919588471,2.036732332,25.70639332,4.519869078,5.965493522,17.0042034,67.69304161,ssp245,23.31667696
2021,4,4.387899537,24.07655936,12.49619666,5.230532693,29.44932099,14.14658616,45.0764212,42.08848,43.94298269,ssp245,8.933482568
2021,5,68.49674894,19.93147363,28.075718,1.105333233,6.559495821,91.33976303,10.57108084,81.41783767,6.798119608,ssp245,2.996477385
2021,6,62.522561,8.290265097,28.35453695,17.53709982,131.5503899,135.3881038,52.19463332,18.00796843,29.38747474,ssp245,27.4295127
2021,7,192.1860422,131.0298713,149.227403,56.36821528,137.6427086,278.7714417,76.88173949,235.1657594,57.24782178,ssp245,18.6433672
2021,8,215.0550206,242.049419,89.80574806,279.5285353,184.6795655,146.1871584,276.0213865,123.7558004,43.109596,ssp245,90.93249107
2021,9,30.65803243,164.8647747,48.23376618,14.83489643,10.27193288,10.13727745,21.69874514,35.48309534,73.01977741,ssp245,25.09997332
2021,10,3.963312022,0.696933173,0.682464448,0.163328014,0.19432259,1.074049481,0.383372322,57.73321689,33.08812672,ssp245,3.315118497
2021,11,0.662556128,19.18173409,4.467629141,1.504671397,15.39382651,0.084439171,13.67918703,49.13052116,34.52969792,ssp245,0.025966723
2021,12,0.012456012,4.019655706,3.158946138,5.295760449,1.361494859,0.236579186,0.019080922,2.450354789,47.69336048,ssp245,4.975015274
2022,1,19.24817312,43.50257739,1.591049887,1.662069322,0.375645231,0.173571412,1.717274203,19.28884176,11.92273186,ssp245,8.967316682
2022,2,1.186650918,2.623702342,0,0.151377037,0.031234323,0,0.135141985,10.05839747,0.960758457,ssp245,2.43781862
2022,3,26.69945451,0.935860079,0.132096938,0.824559779,3.851614567,16.68829826,7.145738687,33.24026705,0.052911712,ssp245,0.392706228
2022,4,27.31418727,62.5088067,13.2265345,63.14311485,7.410148104,21.09388369,6.084748126,11.10202909,3.474357483,ssp245,43.85208299
2022,5,52.9603259,12.54189056,10.08541131,0.425589505,10.94904363,87.17511609,0.549662335,38.43936431,13.82973563,ssp245,36.6618293
2022,6,8.81189322,3.081624023,49.96661831,28.22969457,46.28748364,77.12431635,39.78094236,12.00001989,12.80285705,ssp245,34.96231315
2022,7,119.0367153,61.56058671,122.4454885,52.73476658,112.2627722,120.5610455,28.35429076,68.99975043,26.81719312,ssp245,128.8868092
2022,8,125.275969,157.7317162,229.0354452,127.4926049,143.6068508,145.2088039,298.5628775,52.8532904,370.1100785,ssp245,262.3097227
2022,9,40.8034022,57.689155,4.372665505,117.065451,21.6936812,17.00472357,22.45695457,7.434530885,68.60436338,ssp245,103.8473431
2022,10,10.84499622,0.439507704,3.421042254,5.262436496,3.40E-05,0.745141357,0.148100609,1.554873749,1.900073817,ssp245,1.36978806
2022,11,11.00341638,37.78313708,0.310694206,19.19599711,2.638205126,14.47587305,0.036235468,30.40090258,0.270584108,ssp245,1.524441113
2022,12,4.304871903,5.903324127,0.116895319,1.14723449,14.56300985,0.014411209,44.37152087,4.66E-04,15.16685688,ssp245,4.915764753
2023,1,1.150206828,0.476162789,1.735918815,4.008429276,22.86055103,3.995181421,0.100062341,3.118123621,0.679793244,ssp245,9.851261364
2023,2,7.54E-04,0.009950902,0,0.778600097,0.027022252,0.022167359,1.502244082,3.259937162,0.093427285,ssp245,5.399312524
2023,3,14.71449427,5.364242008,0.021680109,4.115697075,12.93916156,0.38412109,51.23325215,7.699380809,130.3503033,ssp245,0.009565481
2023,4,0.008265064,17.22991996,8.909383084,17.19889783,9.975389885,8.204002692,17.93826713,5.071347505,2.615524289,ssp245,1.071572795
2023,5,33.65347473,1.491767897,36.28005944,11.92648453,31.90982624,5.050910037,4.081947189,2.679454611,56.81161065,ssp245,55.54310032
2023,6,54.4566228,152.1406359,24.5552223,5.296578314,17.38379657,77.8151091,36.15658261,64.83059102,33.07558595,ssp245,43.72819593
2023,7,199.1269949,294.2878453,782.8769309,152.7965915,151.3347812,132.3668637,130.5075225,116.0366299,26.75067552,ssp245,100.1533007
2023,8,316.9084047,312.797101,173.0944111,488.844758,258.6676213,150.9617966,64.39932575,152.1160279,86.82731631,ssp245,60.73238912
2023,9,14.91889752,46.00078324,36.83057333,90.76388772,6.584729028,6.011300656,11.1095918,17.28537167,2.949593344,ssp245,21.24162245
2023,10,5.795355809,4.610400843,0.291073168,0.04997848,0.287022726,0.105470547,18.22528535,0.955505029,2.484015959,ssp245,1.111404799
2023,11,0.228173771,0.098637582,0.347442915,0.296792542,8.943170332,3.999810268,0.153285239,0.086006139,29.47602197,ssp245,0.228971319
2023,12,2.900589614,1.037623431,0.269878226,19.27356554,0.189798472,7.138310785,16.39470022,1.246409123,0.073162895,ssp245,16.74122237
2024,1,21.34119674,0.033227739,0.490885276,5.705361096,10.60655376,0.680878027,12.3292197,3.477345236,11.35057327,ssp245,0.269543942
2024,2,0.18317191,1.197375893,0,2.100131973,0.308949063,0,1.302514248,0.275086124,4.307789601,ssp245,20.14569016
2024,3,3.97978749,2.425704612,0.891126732,6.794114602,1.403071505,2.175406685,0.501057757,0.857365071,40.19664793,ssp245,6.994107714
2024,4,23.96387589,50.24569659,12.95709354,21.90092557,3.130352155,21.877803,31.31730528,6.496403771,22.19734882,ssp245,27.59235966
2024,5,20.97178426,17.32408715,25.62278848,4.013677983,1.973337717,27.09781949,20.24099229,4.578583456,15.93346216,ssp245,11.76691511
2024,6,49.2171913,46.48587206,28.98778373,21.81426491,14.34336094,5.63191877,3.090840778,54.31499813,18.09977557,ssp245,57.32745467
2024,7,234.0028775,402.3031322,109.8858731,55.43862272,164.885784,143.9638998,211.6439697,94.82696503,26.98293904,ssp245,123.2084491
2024,8,296.8114715,426.6513795,150.9979821,246.8463155,35.27915935,164.6844037,150.4416801,85.49273197,397.6518783,ssp245,141.2352475
2024,9,35.69172117,35.98858951,33.39743281,159.3634632,20.92439566,83.66939158,25.99101609,20.83512875,24.98511865,ssp245,79.7934246
2024,10,1.722575549,0.282670295,0.690027912,0.199458679,8.77E-04,0.237585617,0.005731131,0.009756659,3.867772895,ssp245,0.002672414
2024,11,1.31898457,20.61621698,31.20530033,14.540823,0.124326123,11.78151139,3.356680558,0.008438966,1.510219161,ssp245,4.272036692
2024,12,23.36689984,5.973069856,21.38991347,5.288058915,7.692410956,25.76193266,0.080391378,0.802741892,3.655127841,ssp245,1.927270422
2025,1,1.782818873,19.4191319,2.629098379,6.433826236,2.816659466,1.436828141,0.059768787,2.563275321,2.519590004,ssp245,8.05E-04
2025,2,0.567101,42.18534599,0.010202626,1.578733628,1.623391849,0,0.001570617,1.006396955,4.431877131,ssp245,1.336421895
2025,3,0.540204249,1.269277841,2.024387311,0.005222027,2.954375034,2.805947423,18.08095796,0.575160941,2.847739281,ssp245,44.72230864
2025,4,1.257794435,7.278833084,16.91247155,32.61241329,8.666719754,40.11850393,46.83623483,4.569735053,37.77318661,ssp245,1.327575083
2025,5,29.38243306,35.10982243,16.68956901,4.991126386,16.46351963,59.08140558,43.02145825,16.71610026,93.21685597,ssp245,3.303992735
2025,6,33.91300998,179.2962276,32.15305012,33.34086326,28.83475576,26.78221061,66.24531532,18.04670379,30.55364608,ssp245,22.82056184
2025,7,61.02556535,224.93795,474.7195933,55.42530494,87.84985818,203.8863931,232.1045001,108.3490044,33.10979264,ssp245,129.3203427
2025,8,39.72278407,173.6230456,124.2440684,162.4870855,79.73862448,240.4124509,517.1449272,168.0545287,82.08003703,ssp245,225.8242945
2025,9,93.22080062,38.55479975,82.92284271,14.18687068,8.48441076,61.40408243,19.23386791,6.005275526,20.77098513,ssp245,92.51199681
2025,10,16.11027201,76.94522831,0.325643274,52.62192368,1.594675683,0.189979184,1.23E-05,0.068899535,0.906005435,ssp245,4.838276066
2025,11,9.919264311,19.56285071,2.817781584,4.034968653,68.22130875,0.649714815,42.65949318,0.74931085,37.29458607,ssp245,4.232954446
2025,12,3.697886475,1.190202805,9.092714874,2.028227088,1.573179366,0.838224822,0.199923399,4.678002197,1.888276668,ssp245,8.026787196
2026,1,3.089605577,39.2416757,4.086014278,6.269971329,228.3720619,0.096035974,0.388267036,3.947356506,1.566065489,ssp245,0.703063421
2026,2,22.81419229,2.319467804,0,0.070205824,3.073161203,0.349805529,0.091858224,11.70212253,0.047221548,ssp245,0.193330115
2026,3,15.65297074,12.20263393,0,19.97991324,33.83625169,1.703487219,5.960614515,9.482313076,9.583605784,ssp245,3.003775577
2026,4,34.10561456,19.78901218,6.512281276,6.341446552,1.132142935,20.67068571,6.669378675,26.58388983,49.64734583,ssp245,0.238641853
2026,5,25.44913123,20.33058223,10.16754173,66.49569495,36.01373294,9.982922693,24.55138264,12.05908251,6.457102059,ssp245,4.134422787
2026,6,11.51004715,36.57982972,9.69372638,29.18475309,14.10665487,18.71147572,17.75976711,184.5216493,18.16965072,ssp245,11.43961477
2026,7,56.36320169,173.3801992,78.24443111,91.83303326,49.87775619,248.6375295,85.5429479,284.7565949,48.30956989,ssp245,207.9345973
2026,8,36.5141785,62.5534171,130.6621508,140.8170651,56.7299883,314.2529809,184.5450224,80.15894943,297.777109,ssp245,93.85605601
2026,9,30.95173481,46.74601233,19.25068582,8.621246504,95.59516858,77.39240041,58.94253337,38.93620768,90.61597548,ssp245,24.90276357
2026,10,0.016751407,0.122977603,0.963461522,4.267406794,0,0.425882605,0.021221943,6.266153709,1.502983192,ssp245,1.307576305
2026,11,9.781121027,0.125425129,2.236667823,1.791762664,13.91611482,0.630731063,0.883631691,20.05319454,21.46680383,ssp245,0.045561833
2026,12,0.341121963,1.058417798,0.860913139,21.32978234,3.396754284,4.41444667,15.33430429,33.07331651,1.302728866,ssp245,5.445672855
2027,1,0.425464865,0.599143399,1.32095931,4.201710177,37.41016063,4.177349869,1.206583028,11.5446705,156.1497818,ssp245,0.015461689
2027,2,0.355958379,1.657380738,0,0.13592709,0.012545943,0.213446918,0,4.419383222,2.501232355,ssp245,0.492517258
2027,3,2.163853383,0.0184431,1.082980282,0.025189274,26.01163563,1.920802739,0.125664944,25.08989314,12.85061509,ssp245,0.096333576
2027,4,3.093889634,46.62658539,1.33924039,62.09608191,5.916161739,49.75915397,8.069766974,7.428677742,37.97551158,ssp245,24.78721648
2027,5,25.53180968,15.63544462,2.589611015,25.5253449,13.5076359,37.99393326,21.58455488,72.93547613,1.115256989,ssp245,25.72983602
2027,6,22.32383121,21.17148228,27.92318454,21.97322609,92.91793807,5.073654212,51.49486872,92.9011675,11.54770621,ssp245,98.67485971
2027,7,184.1802625,212.0402556,154.2616288,90.73616479,94.07358364,114.0486601,48.0651418,96.65348971,225.4290298,ssp245,84.89739181
2027,8,46.7903711,401.5291051,127.2836194,80.09427921,90.32634164,243.6530257,154.827124,58.96892716,387.1692383,ssp245,154.2961978
2027,9,23.76879108,50.73974928,64.69230562,89.96290572,20.57589183,89.42931623,16.58866984,30.14823146,144.4861262,ssp245,9.631417887
2027,10,11.3426555,0.008968089,0.587250952,0.602760552,7.22831039,0.526343274,4.667059188,63.02654724,0.338478355,ssp245,10.39824704
2027,11,16.30860776,4.211899662,1.099937583,0.327374827,0.047985425,1.351085234,0.952893815,47.87985813,46.5621629,ssp245,13.03352426
2027,12,0.339689333,0.612159522,12.034201,1.879781905,17.75493424,0.01879394,50.00410905,5.556871776,1.087364311,ssp245,19.93269016
2028,1,27.42244549,0.768077079,1.024747663,3.946946724,6.084838189,4.119375338,12.08158272,54.70252774,0.318063876,ssp245,30.96332695
2028,2,0.078946999,3.979083877,0.014611965,11.59307679,11.8293921,0,79.94756161,9.364452987,0.390737459,ssp245,0.636046853
2028,3,1.04520887,2.839647554,1.956309003,1.64506431,5.845846848,24.78817868,5.860155655,3.893735438,65.76758075,ssp245,20.64608979
2028,4,11.10954309,16.2467508,8.574221544,9.029163161,26.87203485,36.12507994,22.81853845,18.36813514,4.698320932,ssp245,7.300183033
2028,5,49.94781697,14.26587091,10.59587282,4.280962923,31.74047076,45.37310426,9.222183572,79.74365682,8.894073622,ssp245,8.946993055
2028,6,53.32937514,186.1218569,30.24891423,17.883304,6.088356316,22.29881489,70.36035577,70.03005659,21.52655634,ssp245,55.84778601
2028,7,148.5006718,160.0384545,134.9088774,112.058041,32.85714283,56.90410703,123.1714189,190.8749813,152.1590796,ssp245,334.4828864
2028,8,46.97803994,244.3939948,248.7229255,140.9145484,251.3316341,98.65710489,103.7557849,165.9376784,284.5389584,ssp245,192.6030754
2028,9,74.01817282,50.30359467,22.68206226,185.776786,13.03406399,62.75832518,72.81509666,17.16660366,53.02113006,ssp245,15.27146442
2028,10,2.49240471,0.14922303,0.219680183,0.001439691,0,5.398979885,0.721755414,5.100856913,0.406324696,ssp245,1.028285329
2028,11,2.986391975,77.6750888,1.146898173,0.014964147,0.397745803,0.582500589,3.59392389,15.99561108,7.470541566,ssp245,6.482150142
2028,12,0.48883747,10.96584897,0.634510131,1.692039815,0.131556563,0.141669227,7.743088281,0.245389501,4.607789826,ssp245,5.313416676
2029,1,2.644456634,1.904304822,3.013874188,0.676050119,2.469015186,12.95079232,69.38829471,12.76541032,0.276319442,ssp245,0.026222804
2029,2,1.318468957,4.134017634,0.028623431,0.904710779,0.367264875,0,48.30077339,30.77434237,10.03363151,ssp245,0.155162072
2029,3,5.69E-06,0.769665695,10.07158429,0.872022523,17.99732012,0.198650284,18.7422738,7.653452892,4.221994947,ssp245,6.299846793
2029,4,15.86479912,34.31725812,25.12094038,11.32863788,37.38850284,1.360410407,14.85813334,19.80559493,19.88942787,ssp245,54.6466105
2029,5,44.07483979,49.80193368,19.9222989,52.29051457,63.52154459,7.307156635,19.80306195,82.796374,1.509759954,ssp245,9.625737666
2029,6,40.55606983,34.89340354,36.17221668,4.31898401,114.5611001,23.34657125,5.960388841,74.97307762,37.23044998,ssp245,90.33556225
2029,7,26.61264556,188.3986879,117.5097101,200.2738555,48.15272212,131.519855,158.3763078,319.0549515,109.1439276,ssp245,74.93719577
2029,8,85.66953496,463.8383542,83.92917328,399.0568149,172.801594,156.5223305,182.3501965,474.3359319,118.2064009,ssp245,78.18088438
2029,9,41.88939109,60.46786398,70.59470364,32.48238263,25.63259392,40.35910912,21.61061213,60.00767091,16.00238217,ssp245,36.75887548
2029,10,12.70294134,91.49151148,1.113751645,2.236248884,10.35276922,3.731650222,0.153075493,0.734756748,0.658034258,ssp245,3.235663157
2029,11,4.551100158,3.20645722,61.24758672,11.99936569,2.155226441,21.53756328,0.858808135,25.86673207,2.108396281,ssp245,43.09661535
2029,12,20.12898704,0.391681706,1.828375596,4.820266648,10.88379862,0.040834366,25.74956585,3.150785798,73.88124813,ssp245,44.08888906
2030,1,10.52142214,0.025800036,12.00933775,2.737590324,12.03776447,5.478822128,3.174269134,8.753584372,6.252382876,ssp245,116.6822787
2030,2,0,0.655561804,0,2.985225912,2.715089186,0.089336458,0.010486642,0.048076099,2.159971734,ssp245,15.95816479
2030,3,8.271855693,10.99247008,7.957209069,4.045794911,0.783981083,8.265477977,1.934944813,0.565773466,16.22697117,ssp245,0.994183322
2030,4,31.64522628,40.67292583,21.82526521,0.745434865,58.58884038,0.276708912,20.69902475,7.733546574,7.04953014,ssp245,6.853745455
2030,5,14.36028906,50.60864276,11.29206226,37.24387053,38.25142326,7.672143123,28.95710534,22.50423749,23.95308099,ssp245,84.70490459
2030,6,31.39663145,55.59918094,18.98934932,15.77847988,36.33743986,65.99700006,40.78964524,42.02542445,53.00994081,ssp245,49.29052452
2030,7,220.4960198,341.1214248,99.78071748,31.80223442,140.9918505,140.9739564,265.9651092,178.0627207,14.18363036,ssp245,44.68978591
2030,8,34.24439585,401.0311753,151.8864288,364.2173896,85.39206999,246.567155,427.1059672,60.13938914,77.60815937,ssp245,249.8303693
2030,9,153.376096,57.91045424,32.53584665,15.22457464,30.19648884,37.51860618,83.29913686,20.88869178,86.80533936,ssp245,80.27525132
2030,10,32.01757332,6.561474966,0.137489504,0.433990121,51.84719071,0.390227429,0.003469212,0,1.993467519,ssp245,0.246016512
2030,11,46.84091686,0.145133018,0.427203134,37.0534347,36.57918617,0.021881449,5.888059167,7.40E-04,0.341950651,ssp245,1.958653852
2030,12,11.46257922,3.060509248,2.88606212,6.685609528,0.326378173,0.961925947,0.04261682,1.821474514,0.695843402,ssp245,0.691733237
2031,1,5.061024671,0.269760824,0.061613005,1.675389103,10.5607274,3.303932028,0.599849601,1.594756453,0.764558622,ssp245,4.4453231
2031,2,6.543676986,1.235231049,0,9.666592815,0.536349304,0.005359564,1.90E-05,0.228513278,10.35279305,ssp245,0.564854908
2031,3,5.824763203,1.162542683,0.217756601,1.997798824,1.269354418,0.441490251,1.51E-05,0.711088789,7.1005161,ssp245,0.275980469
2031,4,29.84559419,15.22664145,0.261949557,4.648762927,13.060859,5.000987436,31.07186701,10.71621882,0.822928008,ssp245,18.47281363
2031,5,61.08211138,4.685492912,4.363143104,56.56112808,50.86715334,43.59457868,19.03260501,0.769443649,5.128746227,ssp245,10.91966654
2031,6,31.11591053,9.51212923,33.79105911,3.88262295,7.735810813,6.034064499,43.64627306,41.6744729,18.49348989,ssp245,85.02279253
2031,7,17.43147666,142.8497863,111.8051393,54.43247652,98.02820008,111.9959659,320.6722008,214.1417777,253.7082326,ssp245,336.5340466
2031,8,55.38927915,200.8328128,134.0914549,133.3650447,90.3577562,199.3249074,297.2985396,230.3361295,291.3467431,ssp245,104.2799288
2031,9,17.27693687,149.0643264,28.1291385,47.27056323,11.03946483,19.90485044,77.44556861,18.76049563,13.19089626,ssp245,56.55356435
2031,10,18.82814517,4.510515186,0.588063926,18.16613774,2.362944657,0.534837455,0.805443777,0.708394542,4.882924236,ssp245,0.069434922
2031,11,0.567245303,0,5.768186348,14.1115408,3.849006338,5.940585413,39.98046156,11.32906298,3.705849369,ssp245,2.14E-04
2031,12,1.21924128,1.078653664,0.188399495,58.97787782,10.27008758,19.95148973,0.303242547,0.665547707,21.15276992,ssp245,0.57018601
2032,1,6.576943989,14.12519416,0.088998487,5.912203176,5.551237227,2.64046148,0.284343388,3.249963763,0.049692895,ssp245,4.128027614
2032,2,15.30156364,9.317741363,0.129065178,2.434544452,9.066680259,0,1.170412883,0.657431264,0.350338216,ssp245,0.03585529
2032,3,7.44E-05,19.16930376,0.750517326,0.79156549,18.81051659,16.71045827,4.467357737,1.169147975,2.127890105,ssp245,0.004709724
2032,4,1.960979441,14.77097254,4.885101364,37.68114431,60.00299303,10.67933459,25.79345773,8.012395013,3.339274444,ssp245,21.76669419
2032,5,6.230460328,18.20272104,4.447586644,8.100702237,24.45498023,34.26982262,16.53699584,50.9901902,8.929169959,ssp245,13.49525903
2032,6,61.84912512,25.85479992,13.89013463,89.35483461,13.93590369,25.7364589,52.03700881,80.38457922,47.88649857,ssp245,18.90669565
2032,7,85.69117257,150.0952799,120.7892296,338.3814735,177.6974949,55.98286673,100.8234024,203.5266645,146.8640345,ssp245,154.1373683
2032,8,131.0678971,283.3145352,124.2442862,79.61581053,86.26393041,76.61888823,49.48103052,126.8833331,273.8632181,ssp245,49.02661746
2032,9,33.68047528,14.5152009,14.19067703,25.23414711,16.51100187,28.54155589,21.19071526,4.804511563,16.79479636,ssp245,20.01763295
2032,10,27.35384209,0.912320607,2.569493478,3.60E-06,1.791699732,2.819832847,39.25795927,0.056928591,4.829175528,ssp245,6.503056499
2032,11,0.851203567,0.638870142,13.5978561,0.687576992,2.670111896,0.274904173,65.84478598,5.542834002,1.146679346,ssp245,2.289620865
2032,12,0.252297966,2.115485397,53.40482229,5.303602118,0.292306219,0.212249134,41.60267107,39.10428725,1.628585095,ssp245,8.882230529
2033,1,6.163291709,1.861635136,15.09368893,1.459093976,0.162266419,1.310294874,28.64641842,4.747958073,8.314064776,ssp245,1.893176539
2033,2,9.55E-05,0.52766909,0.014379793,0.271359944,7.03E-05,0.717011194,13.48250825,0.00373367,0.39840315,ssp245,0.710504546
2033,3,1.981139093,0.640577669,0.86846697,2.683064234,6.605758255,9.918341327,1.971496526,9.327756554,14.78603004,ssp245,12.29465058
2033,4,3.506004704,39.58726238,42.73869965,40.52224638,16.15209181,6.446822785,22.11414787,31.37446409,0.124618676,ssp245,31.46071698
2033,5,3.465842903,19.39403938,18.82875986,6.077751687,22.10412735,31.49963254,36.1981091,20.67908101,20.04852134,ssp245,41.41229528
2033,6,75.50795434,35.88713329,40.1408726,43.61886621,23.02930528,1.913260478,83.46722364,50.81388174,16.16119988,ssp245,57.97469372
2033,7,258.6292647,216.0069836,153.0175871,396.7902201,47.1998894,111.5538015,152.2146032,212.9244139,167.6921947,ssp245,73.45395378
2033,8,60.963912,358.4551494,45.93651258,314.2458715,327.5301297,166.629247,128.3845887,61.17985098,219.6846823,ssp245,191.8651587
2033,9,9.389391356,157.8130654,34.87224726,49.01550471,18.50648066,9.651063164,34.13818301,31.52548039,9.218252166,ssp245,23.82969851
2033,10,4.711854883,0.05791666,0.326405968,0.068439409,2.949686105,0.839860403,0.793627049,0.216246078,1.29043546,ssp245,0.065588818
2033,11,0.063308908,1.137157512,0.619020037,2.362927139,55.06360565,0.035838346,24.63519032,3.675248221,8.363384703,ssp245,18.06317713
2033,12,0.065486057,3.294888223,0.153503386,2.916243513,46.86991719,0.845925635,0.374082782,2.343441377,3.127966547,ssp245,13.15987724
2034,1,7.243006924,17.41830456,0.002113232,390.9592694,16.9651294,14.18640623,6.189598466,9.782847751,3.04927187,ssp245,13.20792907
2034,2,0.089929149,0.797662691,0,0.083263988,0.075457667,1.315738656,112.4150699,2.743371024,0.043567583,ssp245,2.598364087
2034,3,0.899754341,2.231112539,0,8.78099517,2.378956142,0.236372121,0.876142868,0.088757472,0.071146976,ssp245,9.102698731
2034,4,2.808152096,42.81701533,1.466305234,3.057959975,10.45362644,2.090558704,30.81030165,2.153658381,16.55669019,ssp245,0.001102359
2034,5,127.6512609,36.49749597,4.704521713,23.3614405,42.55709379,7.808515491,21.55600832,10.53910212,20.03792845,ssp245,1.97946944
2034,6,43.41209425,19.29452273,142.8507068,15.36708965,17.94120345,18.47522692,39.79648639,11.99548356,32.07405966,ssp245,42.74407313
2034,7,78.21332943,96.9771626,87.56408037,164.6565881,74.76574518,262.423975,106.7765332,117.3536558,155.2266008,ssp245,89.72313311
2034,8,14.52110129,136.0972764,138.2975377,102.5716034,112.8947774,293.475902,288.1360205,124.9475141,407.3705305,ssp245,158.9494141
2034,9,27.19944559,53.66488448,59.79000152,6.271170064,31.13427031,55.77233701,25.62565363,66.50251394,31.46470204,ssp245,161.7143972
2034,10,2.877079786,79.71155943,0.427465344,2.665088184,5.696563119,0.500637013,5.748198172,3.475327264,1.527769345,ssp245,32.05614319
2034,11,0.881604174,17.74693026,9.385976262,1.51890596,41.94357115,9.856288707,6.95E-04,5.038822381,1.032529864,ssp245,55.5739632
2034,12,0.188919004,6.477052904,5.333907307,10.98883132,0.022852966,40.21343695,4.40E-07,11.26159872,0.098331034,ssp245,0.684002301
2035,1,0.41609595,22.19224447,25.51003029,4.216060241,4.14097101,0.136207452,0.301639714,41.14155481,0.003925159,ssp245,0.00649124
2035,2,0.340736904,10.4075035,0,7.821826214,0.074237829,0.045406961,2.353362849,2.357557632,0.376281869,ssp245,0.36498668
2035,3,0.339847852,16.70036816,1.111388456,14.0417372,4.98797852,0.04050823,2.802665623,1.054316799,3.810255579,ssp245,0.008994641
2035,4,34.9421987,22.68980206,9.002058128,72.55830052,94.18053571,5.70021412,15.01103863,40.1602113,0.139998924,ssp245,1.10E-04
2035,5,5.012031331,33.11633259,7.39297236,4.012503511,40.00810806,76.180385,9.314350155,40.83741852,8.878329364,ssp245,7.6174119
2035,6,33.85196708,143.2149692,19.34657226,17.68384505,30.11202121,65.70008621,11.81941651,78.78642299,59.64935455,ssp245,35.18309153
2035,7,233.9116693,174.8026237,160.2302934,99.5274916,97.89519233,104.4670724,130.5486697,47.91539493,279.0656255,ssp245,67.98105534
2035,8,89.46297056,226.8444657,69.61067108,140.6122739,14.81175413,44.46065737,110.5485455,919.1939906,360.8640238,ssp245,54.15426168
2035,9,29.10452349,216.6941995,28.49107771,76.47483079,13.56415667,22.3835127,46.57901966,128.7505235,54.81092312,ssp245,38.1053753
2035,10,0.631202104,1.457733643,0.031135092,11.34919927,13.43476962,0.303408874,0,0.273493791,22.96125039,ssp245,15.8690071
2035,11,3.356270543,6.54968667,0.401640083,6.106278392,2.820326114,0.130052526,0.014744441,15.37456605,14.66946634,ssp245,32.1952773
2035,12,3.628608838,1.466214628,1.59390887,19.55464673,0.453073318,0.066563766,0.00113522,4.341605527,14.14477887,ssp245,17.77743575
2036,1,4.413896353,1.114114559,26.7595302,0.861698141,0.443431967,13.9458126,76.0244146,27.9056022,0.035946643,ssp245,1.440669581
2036,2,13.08097274,9.659002172,0.02383714,0.068511016,0.026129826,0.307336886,0.768466043,2.594616663,0.513079711,ssp245,2.768936056
2036,3,19.76873224,3.458301548,3.320472879,0.48551021,1.913592698,6.090189221,11.11692473,23.16624614,1.154343536,ssp245,7.816490983
2036,4,20.7949647,3.155502662,48.32693736,0.815300211,7.072397007,11.31547677,54.94349183,26.61345591,0.190526605,ssp245,10.17921745
2036,5,0.53772296,19.12147501,6.528611767,18.55314002,38.25871172,7.257025699,29.63410112,15.84149043,51.21026774,ssp245,20.36962027
2036,6,53.52304723,47.66527671,56.66317024,31.33635584,3.410793708,53.99303687,159.3656206,42.2410089,25.30825436,ssp245,40.41544004
2036,7,265.8753098,189.5821543,170.794115,385.2896461,132.2584345,49.68541253,67.72250028,45.44537996,96.42122553,ssp245,130.7762745
2036,8,137.9436972,231.0977219,191.8927354,178.9587852,140.9280245,176.7610349,141.156677,98.77516501,197.3911462,ssp245,179.7435402
2036,9,109.248008,77.57683898,68.30618912,25.65179277,47.54748233,36.64517039,57.27096044,18.04172314,13.15733389,ssp245,52.2012436
2036,10,8.532022016,0.300118704,1.389218537,1.08E-04,5.267881741,1.773961199,2.622688728,9.988827791,16.2424639,ssp245,0.111919121
2036,11,4.429695908,0,0.10267538,0.006816944,14.68182242,40.03575572,10.49614278,55.50292684,16.84747933,ssp245,5.895253715
2036,12,9.203320571,0.20138989,2.534243253,2.219518866,5.857480519,0.162311993,53.51333945,29.5456398,0.135301693,ssp245,1.455532362
2037,1,0.813684168,0.019323267,0.756332841,5.193529859,0.013027902,0.088717304,28.81760194,17.8044458,2.229277984,ssp245,5.641429531
2037,2,0.277563614,0.470053724,0,0.276499748,0.215149745,0,1.05E-05,1.328780703,1.290665413,ssp245,0.367129305
2037,3,4.365443678,7.77E-04,1.70796051,11.10462209,0.518784888,34.16093792,0.393156539,0.667786115,0.958352549,ssp245,2.76230335
2037,4,1.396335121,7.47779144,0.995351083,24.11661351,5.205838377,20.52578067,34.16612023,35.48747776,2.570694224,ssp245,6.64234808
2037,5,35.39034072,0.233493457,12.00456142,45.76029202,42.10642199,12.47437843,21.87570623,44.61157472,21.99926531,ssp245,67.19739927
2037,6,20.08970733,55.89185622,44.58811917,6.883565678,9.394727283,32.78084383,43.04381506,120.2886072,46.95879386,ssp245,10.17335162
2037,7,24.05987318,178.0756945,199.7450135,32.43813656,84.60996744,51.01361307,143.3880804,209.22825,269.0731457,ssp245,96.62800927
2037,8,50.48367176,320.7711175,58.89177867,118.042471,72.38175448,234.1264909,155.9403246,343.2896636,202.3753871,ssp245,131.0219791
2037,9,31.30469462,30.65629691,25.95559947,53.64628128,77.43370939,60.76332251,42.59163618,91.91756903,11.56755345,ssp245,140.9035504
2037,10,11.35032979,9.179583668,2.755880924,1.863828206,5.187388793,0.639895378,24.91717864,0.568820579,13.27034601,ssp245,21.44359794
2037,11,36.8668012,95.97960787,1.549628299,16.22631425,8.631605551,12.78611257,5.968908143,16.10150941,0.391629244,ssp245,8.165158714
2037,12,0.118418196,30.42656745,65.61070133,1.357190759,4.257999499,2.898081801,45.24705582,6.35363578,8.723800398,ssp245,21.68388101
2038,1,7.016406594,6.305246371,2.625053745,8.047670181,0.58933271,6.843685804,12.32543656,0.020997846,0.094347256,ssp245,24.42945835
2038,2,78.8827595,2.450894334,0,0.568623899,6.799288852,0,6.646392387,0.193064012,2.599579337,ssp245,40.18616768
2038,3,3.167432722,4.637966347,1.392613737,4.446675485,56.52646494,0.014591181,10.69484623,8.393436037,2.579954433,ssp245,8.700515129
2038,4,41.7135732,0.919979828,46.11822756,38.32324682,36.53003662,7.131044915,33.09931719,11.36114383,2.360394366,ssp245,34.49627032
2038,5,23.41632816,27.09510045,16.62517131,57.93028425,6.965340093,42.92167915,21.88367498,33.37063161,2.876691754,ssp245,1.286794523
2038,6,31.60382426,26.34751638,34.08452159,26.18545523,63.83971487,36.22900188,38.51271625,75.44805879,31.21168632,ssp245,27.20342963
2038,7,186.3859823,76.25028425,91.71069711,96.74544259,82.62817102,92.9985784,151.9163826,48.94646834,180.1574696,ssp245,134.106889
2038,8,117.7059862,77.32957522,92.3998184,356.3174468,176.0902093,122.8293375,21.17510827,189.0369548,234.2526084,ssp245,244.5199786
2038,9,24.01207292,32.09604976,72.92227084,39.18796901,154.0638907,24.09325682,103.0474892,2.088374086,8.650077285,ssp245,106.4890695
2038,10,15.52913679,1.220877563,0.657686957,1.561998457,18.33414905,1.561774727,2.755343608,0,1.637441715,ssp245,0.345966318
2038,11,32.86066024,59.38177018,2.685127199,1.032712749,24.31046455,0.909330985,45.03578024,3.402915851,15.65666468,ssp245,4.875101738
2038,12,1.089860469,2.299401068,0.075157297,8.068553422,1.093818277,14.49857592,13.00555231,11.18349738,28.06190182,ssp245,22.31937998
2039,1,26.6072518,40.54004363,1.278193926,42.2012792,10.27575607,0,2.302507146,2.693743421,13.2600846,ssp245,1.489142228
2039,2,4.840905177,1.899091635,0,0.320661716,0.064835423,0.229163978,0.444109077,0.203593546,10.20492602,ssp245,0.009543984
2039,3,8.495013385,33.37292081,5.977573787,7.448252926,7.447356717,12.87948976,10.04846284,0.073665432,5.262176943,ssp245,0.046937301
2039,4,24.57582594,20.99138311,22.02332471,60.14431694,12.0416467,31.88909827,48.32214276,14.66870185,19.75407128,ssp245,1.77255896
2039,5,16.81812415,29.26978587,28.04464263,6.691028645,1.39E-04,15.79069124,61.36953865,3.60974664,7.644319223,ssp245,5.219250991
2039,6,12.04548257,22.39600525,36.59857948,9.623135322,25.14852243,86.77068705,29.15132674,26.1988434,7.327851886,ssp245,67.2534425
2039,7,207.0816141,176.9663733,237.5836796,523.847041,108.3211869,55.76040939,193.901099,112.9982215,28.24703624,ssp245,273.384777
2039,8,119.9060099,251.5494877,114.2910091,162.5334092,171.1916672,204.0947609,505.396389,86.61949558,232.1634543,ssp245,130.3306702
2039,9,48.89785141,68.87237608,20.92048787,150.8461972,15.74137061,10.65539379,161.6266804,19.8145353,37.20322276,ssp245,197.4299245
2039,10,16.48777732,5.188156676,8.034117408,0.295371584,0.389612287,0.005232597,7.55886427,1.743030506,1.137999289,ssp245,0.061379882
2039,11,13.6430039,16.05492699,1.353177031,0.119926417,0.053953735,1.889495672,0.370305212,1.46665265,2.974752038,ssp245,9.822984288
2039,12,0.026016319,13.26566502,3.034019898,0.416928951,8.034410823,1.959419414,0.089371026,1.950674537,43.19354596,ssp245,0.012426138
2040,1,1.485645126,1.143892576,0.083672891,0.219004625,1.725248486,0.087566679,0.010731232,1.629274308,3.05E-04,ssp245,3.403927253
2040,2,0.011044025,6.316259392,0,0.015884863,0.08739863,0,0.001104455,0.014160469,0.039722527,ssp245,2.868923816
2040,3,5.718497837,0.486903758,0.542317122,24.93417733,8.189352899,3.340306289,13.69199271,0.677082082,0.102842935,ssp245,20.09998585
2040,4,6.27379585,8.856872663,2.954442638,31.97004919,46.43154299,31.5684346,13.95808765,9.945451516,0.184578328,ssp245,13.00373518
2040,5,13.14338042,2.936432982,5.014334298,54.7623859,232.5392053,25.53511372,0.629031898,10.02121148,9.663580784,ssp245,15.90632259
2040,6,6.052354118,105.3827563,42.26634467,98.29545262,2.829299225,99.59214091,9.345116897,106.6992318,13.92619901,ssp245,25.10993544
2040,7,25.81605839,161.0029015,145.9941823,55.97860933,138.1010303,99.6532585,416.2663717,7.252140213,64.1443367,ssp245,113.9770749
2040,8,69.37682222,523.2495884,115.2144814,71.82367617,39.60930921,268.6601499,277.7643772,38.90350299,363.2774962,ssp245,173.7827334
2040,9,31.80359125,23.35993955,36.05156991,24.62823545,30.93908439,114.8411545,30.7233109,5.389580036,31.21812287,ssp245,21.98977362
2040,10,15.52930497,0.92949387,3.920500266,2.394508929,25.00455927,0.566051921,0.784617816,3.59E-04,13.01769387,ssp245,3.810319159
2040,11,3.772037068,0.396345834,12.75793089,0.773179346,10.10335144,5.924761824,46.05520921,4.8534716,9.247861587,ssp245,7.866989694
2040,12,6.865111304,9.664465907,36.11960136,5.976159338,14.58530929,18.03742701,0.754193028,8.281458738,14.01311529,ssp245,25.67607017
2041,1,0.013461729,8.800561908,20.36979917,1.276517308,0.00305608,0.092141405,0.047723924,0.772400778,5.792122655,ssp245,4.062222303
2041,2,1.301912262,0.877148148,0.044923662,8.52100354,0.004018398,0,0.048231038,0.871874745,0.033751731,ssp245,9.970834928
2041,3,10.65415815,11.01239415,5.722303871,6.975477928,0.258200421,0,1.334527838,5.352720238,10.82441379,ssp245,61.09501568
2041,4,15.57180985,24.1375633,28.3437568,52.70759841,36.25615771,30.99196939,12.4570589,18.60270127,5.679253397,ssp245,4.026792904
2041,5,1.517125506,171.5350259,8.996154384,119.8726761,16.2821703,7.080226607,86.80802896,6.217531858,50.5883085,ssp245,92.14527634
2041,6,12.82292756,10.91012435,34.72938959,9.136484913,9.554339799,31.4439323,47.31388332,45.37342514,17.26520966,ssp245,19.45984812
2041,7,25.24806318,130.6935365,73.80952062,384.5324118,265.1764962,296.7651068,263.8535012,192.7105833,129.6335671,ssp245,261.6328975
2041,8,49.29916797,385.4934251,113.36179,391.7653353,241.1925606,215.3599245,212.6465058,240.3546885,377.7996092,ssp245,193.7268548
2041,9,5.086774838,86.97376872,22.36929085,147.6684272,7.639406045,18.33993128,32.35065757,46.59773325,9.28659991,ssp245,27.54326012
2041,10,13.08861368,29.13105057,0.591114851,1.788679137,3.31E-04,2.682269335,9.005635662,0.13671461,2.92850592,ssp245,21.62636673
2041,11,3.272532098,19.03548494,1.45441279,0.005956389,3.284512914,6.279879527,6.139297918,75.30669873,2.943618301,ssp245,28.55731704
2041,12,3.59098916,21.21906799,5.040326199,0.625861379,2.511164628,9.891942548,72.65408225,44.76588227,14.81850426,ssp245,57.44699349
2042,1,5.279784078,2.104718756,0.780534355,0.678560516,0.372734104,10.3170197,4.635343629,39.26472457,2.283772167,ssp245,46.01045233
2042,2,4.897823005,0.016549844,0,5.959011841,0.313835527,0.463386663,0.202963906,1.340365083,0.965202956,ssp245,82.4903093
2042,3,0.558831367,3.627776991,0.104338751,0.892177413,2.02E-05,1.825833077,12.02325056,1.980475214,18.51977706,ssp245,27.03529939
2042,4,19.60970959,29.21334595,13.18552082,16.46516328,23.95763941,16.7705262,5.986230071,13.56757134,21.85193377,ssp245,36.65209527
2042,5,58.71173313,161.7854505,0.743315393,7.522103054,5.577127909,49.82782223,2.578658747,20.07598324,36.5407396,ssp245,109.3390077
2042,6,20.24513031,9.733628769,64.75132993,4.035351853,11.50697473,14.30085529,29.74872856,104.8973617,34.10718433,ssp245,61.90993921
2042,7,120.7774751,466.3785495,149.1977623,310.4978178,107.2988309,63.78212105,123.2348288,209.6136787,60.6260308,ssp245,58.77235898
2042,8,33.9260021,284.0320677,102.672849,116.6322722,141.4891179,345.9294586,94.20010349,64.37860252,83.18414026,ssp245,193.094767
2042,9,38.53865595,58.14646444,41.83963786,28.051461,41.12597253,41.48001912,40.05737519,137.2597503,22.17172544,ssp245,56.6737422
2042,10,11.87465913,8.353869925,1.547733045,0.007003715,1.902242334,2.691220102,0.003365853,1.834265816,15.22226,ssp245,9.319459679
2042,11,34.03731217,5.582312231,1.526600062,21.19753079,54.98381294,0.034278212,15.78406092,3.6662243,3.198857275,ssp245,1.720752115
2042,12,0.410545245,4.438353346,0.473530179,5.901771995,3.390266213,0.182288234,36.15966883,42.75088076,3.061683757,ssp245,17.99771387
2043,1,8.146409401,0.919233598,2.031737368,76.56620376,8.963767335,4.456139699,0.43056157,0.039326314,1.129078248,ssp245,12.12568545
2043,2,0.575610551,0.326689951,0,0.414219169,6.254167105,0,1.03402506,3.693918676,0.062474364,ssp245,0.002480673
2043,3,1.483840068,0.572561925,1.129900154,12.20035181,5.121112848,0.618654858,0.046122013,12.33681147,7.34714784,ssp245,0.81353015
2043,4,59.60876321,0.037147842,14.63761894,11.2098208,29.05754895,10.72227075,18.95636814,7.55391322,0.940086299,ssp245,0.344980804
2043,5,15.48472168,37.74517762,2.931467368,91.7618414,12.56366216,58.11143799,106.4176799,79.64355836,46.63575346,ssp245,23.52033925
2043,6,56.57797814,59.23244036,59.54613259,13.87677966,90.76351022,14.06737411,143.2377673,101.0856061,7.674107572,ssp245,86.57258141
2043,7,79.57381461,199.4349531,94.55341332,63.79333251,126.3932799,230.1588006,83.29543915,217.9151952,39.71314141,ssp245,212.4027545
2043,8,148.4423546,204.7596321,113.3354562,229.44784,83.15213811,245.1326662,187.2395634,48.11003958,57.74116952,ssp245,70.84693572
2043,9,78.6789621,38.61571417,15.94214096,42.69317594,12.78606544,75.16241415,40.6826606,34.35110262,22.53097275,ssp245,100.597534
2043,10,6.21E-04,45.94004047,0.333280035,3.39E-04,6.840797678,0.134895352,21.75891936,5.777310784,24.56961332,ssp245,74.16614188
2043,11,7.515672639,0.333914881,10.86583826,1.680159968,15.77798107,5.847870383,9.945997684,43.45559112,53.82673203,ssp245,0.00359031
2043,12,8.824279826,2.079525551,63.4269106,13.0942972,1.172827365,0.168751438,9.650790465,17.94917368,9.33052135,ssp245,5.28E-06
2044,1,12.91211124,10.50981904,0.010882712,1.241120356,19.16385388,0.054849956,24.81287941,9.672989253,1.515586529,ssp245,0.377602056
2044,2,18.4469519,1.333228139,0.050167566,1.343390997,3.361375111,0,1.462188241,4.931502525,0.139144995,ssp245,0.568737258
2044,3,10.22059783,0.294631372,0.940201092,0.020313799,4.395680839,0.29127765,1.094195132,0.100731896,0.039546503,ssp245,1.986886909
2044,4,17.10145134,20.0108727,2.23053559,27.75077935,1.576994447,5.209945035,13.88678524,7.248744084,6.003981739,ssp245,0.802989055
2044,5,89.56650878,10.41087659,5.745432907,4.23884464,10.88575745,9.195113013,4.20997568,34.82673535,0.269824565,ssp245,1.661308187
2044,6,48.53839384,74.4757881,12.56729939,2.91686908,9.342978845,33.94911835,101.5180452,15.43401071,18.49789063,ssp245,29.8154626
2044,7,171.4335258,188.743947,39.84278422,229.9718023,11.3424938,286.1957989,172.6601712,126.6089353,90.95353458,ssp245,279.918436
2044,8,30.72526262,241.1651214,108.2511235,259.3291664,298.8476857,274.8960698,51.28785147,105.8520158,436.3398986,ssp245,183.575892
2044,9,75.33757087,54.08967179,10.59240297,35.37629873,2.184606693,55.30913678,47.3747631,13.84270024,13.11828812,ssp245,30.80193991
2044,10,0.600434607,0.408837265,0.013824879,0.002354186,3.648163926,0.098713088,1.6320714,0.05598343,0.053743065,ssp245,0.006301927
2044,11,1.855777811,0.001681565,0.096091483,6.985786205,0.839730516,3.43258963,13.12588457,114.558298,18.76602834,ssp245,9.17E-04
2044,12,1.05712744,2.591638626,0.269753834,11.01687794,9.977499135,0.021296361,0.867132108,15.31967179,0.467492357,ssp245,11.00862894
2045,1,0.714576762,4.32248796,5.166017654,0.561880685,0.895871525,22.17064347,12.35004584,16.00636979,7.235420555,ssp245,7.343717955
2045,2,11.63683318,0.159767138,0.038419934,1.474429174,3.27271637,0,0,13.8246075,0.478485086,ssp245,0.060602885
2045,3,4.938875792,2.516132518,1.486965258,2.162032196,7.531916944,0.064020295,24.62056156,23.65379992,5.222939128,ssp245,0.098853654
2045,4,31.35509792,89.97537819,38.75114956,67.66914416,17.77464154,7.104430485,18.62610051,79.93045233,10.47207343,ssp245,1.859859564
2045,5,34.65610527,13.3196308,12.47895216,0.51160008,97.4152143,8.522152346,4.075709289,73.26906107,8.96549278,ssp245,29.14352091
2045,6,17.95201821,20.51553766,7.677954408,1.821169323,28.0842188,45.77649119,42.2344668,47.88238073,7.046057764,ssp245,50.51867692
2045,7,60.83091823,114.6639237,115.6385461,213.7228762,112.9203647,197.9999574,243.7380387,97.49987599,147.4798542,ssp245,37.07617776
2045,8,50.5207189,112.793416,44.21492352,14.69600563,18.23728722,107.5781922,206.6928063,126.9760309,108.6917468,ssp245,32.25169283
2045,9,16.86317368,32.72537002,11.48876532,15.69004941,26.05778711,2.214824789,199.289141,38.95626726,26.19372423,ssp245,52.62784821
2045,10,44.60555351,30.47376685,2.162829356,0.351369916,367.7657689,2.571200707,13.75539473,1.133742596,17.662879,ssp245,3.167677751
2045,11,20.13138211,17.6761914,1.090105511,17.37105727,15.72766909,20.10811474,5.46E-06,3.044909316,0.449649734,ssp245,1.532935249
2045,12,66.16060192,0.524947368,1.557953959,0.054328784,23.85621872,1.952419276,0.400731948,0.291607219,0.210819645,ssp245,2.194497244
2046,1,15.97478382,1.27592344,1.235875066,3.617534484,22.6998155,2.498381612,0.252334636,0.918154716,0.00884762,ssp245,12.91540266
2046,2,18.77923485,0.131796108,0.087059117,0.343644215,23.08559863,0,1.02E-04,6.501069287,7.909208832,ssp245,7.467677161
2046,3,0,0.188681392,1.946313649,9.921404361,6.682387786,1.0534093,13.0215342,0.715990827,2.107563778,ssp245,15.49440918
2046,4,0.209461681,4.197230479,0.572919775,30.41697528,4.115155993,65.43045092,50.06319922,41.86381018,82.51072174,ssp245,60.88438531
2046,5,22.92941039,46.30315064,8.091883563,139.4827522,6.855068336,9.666347828,41.47981845,10.51866029,43.22195035,ssp245,106.1909409
2046,6,7.439583589,49.76982505,23.81102599,27.00030505,0.747107542,73.19169072,19.6197909,6.746657487,17.76642988,ssp245,180.6210682
2046,7,48.69697042,16.05128781,227.5331063,36.78760179,156.0723945,68.07813816,281.0963409,183.0100834,63.11435238,ssp245,208.3818486
2046,8,139.2157973,81.35511037,124.1745608,69.21925245,57.81689461,143.9747743,368.2239366,82.68436268,372.258623,ssp245,332.8842648
2046,9,2.928150058,19.7026841,36.77685455,56.32240803,7.51758259,53.37742913,7.95091296,203.5432288,18.71462864,ssp245,62.36920051
2046,10,5.383296953,14.30267208,0.143838988,0.171278733,5.945052221,0.110330891,0.257852244,0,1.514866988,ssp245,70.5760571
2046,11,0.14151985,46.36032566,0.27509909,2.89E-04,0.707639427,2.867937789,0.738893819,6.476357046,0.00122433,ssp245,0.355069126
2046,12,29.54615902,2.614234054,2.63400021,27.25283065,1.643607371,0.013963172,5.143112625,41.04899884,10.726651,ssp245,14.86977515
2047,1,0.241124395,1.232968313,2.896020393,2.257091103,6.801672213,1.780054701,1.990688551,2.49494813,1.494632602,ssp245,25.00686205
2047,2,10.31134607,4.629245064,0,0.033326102,2.290800124,0,81.52617275,0.431292262,12.7156826,ssp245,24.32094918
2047,3,8.485032633,5.864404696,0.013896039,47.60444359,0.16879763,9.594841482,0.098198548,0.171776188,17.3069812,ssp245,9.840237951
2047,4,7.594825589,45.23037502,13.92617074,17.16879902,21.14609978,0.069950069,39.35666143,6.34E-04,1.102034,ssp245,76.57962423
2047,5,1.702996884,39.21895088,2.830299056,35.64921036,2.348386311,13.05776881,33.01210951,0.002110346,1.976855138,ssp245,83.16931058
2047,6,13.32126296,39.841998,15.72442032,14.28644851,147.1951366,36.45537743,30.76366141,18.21209715,13.53168148,ssp245,27.28239489
2047,7,214.5767599,229.0477001,77.4314062,114.7377075,73.34660055,498.18657,316.5657912,211.8785504,107.279407,ssp245,105.5653328
2047,8,326.7613287,297.5931027,76.78072849,174.8473428,265.0293157,219.9076658,121.9608068,201.7023127,177.3685126,ssp245,79.96359047
2047,9,42.04033541,21.56494505,47.77891146,15.01373146,24.59911791,63.19877137,58.66575233,11.12367127,55.07827082,ssp245,93.02012316
2047,10,0.194089563,0.070364448,3.024038436,0.264877551,6.16913493,1.026093573,25.36708021,26.66993906,5.453673402,ssp245,12.00073707
2047,11,5.251572709,4.061239055,19.38170232,11.80906758,22.84589839,3.341947749,0.045188812,3.711131279,0.818442019,ssp245,47.30047009
2047,12,2.102089588,0.029493475,1.174617243,10.33181906,0.12210572,0.044579793,0.313417748,57.94319696,0.840124983,ssp245,16.84157444
2048,1,1.213174964,11.39085697,1.447419083,329.6078836,10.684493,19.15013395,3.962803873,12.52413673,104.5784221,ssp245,10.49826597
2048,2,4.310053739,12.91525784,0.045511687,0.087640667,2.601127234,0,0.041694506,2.221050953,5.370814395,ssp245,45.54318337
2048,3,0.002301668,1.28E-04,3.959478326,0.026925278,0.074599576,4.465660557,32.02127752,1.852318087,0.514662516,ssp245,27.31730562
2048,4,7.006442916,0,23.92196847,49.56784957,22.62246156,42.72594464,9.319591405,42.64241281,7.439163191,ssp245,12.50743578
2048,5,4.419180641,48.90815455,10.40769136,7.277471045,39.16642284,24.46704387,58.72030421,58.56379781,16.59403295,ssp245,39.238537
2048,6,25.63874681,128.1506659,98.01040691,49.77565018,26.7627757,44.65883687,2.291867432,60.54174486,56.7687676,ssp245,56.64248815
2048,7,55.0931515,589.3474337,32.79039774,140.4404426,130.9146928,160.9382049,190.4175936,146.1163563,52.18829767,ssp245,95.05416093
2048,8,95.99306997,576.3061205,95.67488801,80.07726451,198.7774614,207.0287338,30.08395489,234.0410402,440.9204014,ssp245,78.58973214
2048,9,62.49867997,66.02223558,24.97241306,53.89468208,11.65369627,4.904901864,9.316654136,119.6842016,21.30878233,ssp245,35.77346942
2048,10,1.70916505,1.359901514,2.236842419,2.112476079,3.92E-04,0.664826723,44.08682274,0.01590423,9.675752349,ssp245,13.65546231
2048,11,8.965144103,4.234993288,25.18554633,6.03443143,6.180992766,2.076249732,40.56928607,3.664741206,2.336116573,ssp245,3.795066771
2048,12,11.35577711,4.60401163,0.288746097,2.40584059,15.8677223,5.48476427,3.507104148,5.851068685,2.395560269,ssp245,12.01519997
2049,1,2.869796674,0.280062155,5.773621123,5.091382332,0.114403018,7.557808996,3.058103982,7.604591621,1.720297451,ssp245,15.54621205
2049,2,1.158789206,1.036166292,0,9.279726827,13.28026733,0,3.567025106,1.029359682,0.153265273,ssp245,2.35275264
2049,3,12.12156138,2.688597114,6.659630925,11.76356691,10.53364852,0.264247559,15.4492732,0.711832259,0.282279287,ssp245,0.476078032
2049,4,38.92760678,16.25191193,17.55657944,35.31844116,29.79039796,32.41116563,11.46263575,23.5402658,6.855136453,ssp245,4.077580443
2049,5,11.47949573,0.662355421,30.96035099,2.257044353,13.33795987,60.78333428,10.45832192,3.512897723,5.869726474,ssp245,6.598756648
2049,6,55.49452795,30.15050419,8.763777352,50.94533117,33.86473522,39.69242782,23.51088932,5.600853227,13.63530076,ssp245,53.21406952
2049,7,99.45173639,448.353146,34.3727897,176.0875256,87.45473462,213.477486,118.8138093,36.34718815,25.30752934,ssp245,37.74281115
2049,8,409.5788896,121.5862813,62.86763751,295.931876,63.0542266,116.7064341,323.9929929,215.3420153,159.4814557,ssp245,171.7070028
2049,9,6.415368732,158.3634836,39.39949581,49.25448993,25.52912575,28.88596367,50.49702422,32.72187815,16.11022254,ssp245,91.2305086
2049,10,1.050642871,8.015963996,0.051145975,0.062685955,1.29E-04,0.729937191,0.215666375,5.76E-04,18.57614417,ssp245,6.913196041
2049,11,6.868225604,9.593604358,6.531827918,1.031791591,1.391620326,5.060140586,0.694269844,2.990301982,91.4833258,ssp245,0.052411209
2049,12,0.929048008,37.38899725,2.53210105,1.484797072,12.17992595,28.24312631,0.041333747,0.235674101,19.00380939,ssp245,23.5060311
2050,1,1.302706876,11.32465266,1.56966865,3.576657924,3.349224301,4.447559482,12.74475968,9.848167557,11.57534068,ssp245,47.93944816
2050,2,0,3.619095291,0,5.962324393,0.322462556,0.152816817,3.40E-04,0.112492899,0.285854377,ssp245,1.674242845
2050,3,0,23.45859798,0.507001604,7.239095617,2.419200102,1.8102679,1.795601738,20.05820842,0.236621391,ssp245,1.174305625
2050,4,0.103947781,24.21107454,27.18333328,10.89259045,45.65986263,61.58735783,3.869423603,54.44950593,0.372617757,ssp245,5.915813269
2050,5,7.765790142,47.29121977,5.345213597,3.56275356,19.60437991,14.70555992,5.640647803,61.77810357,36.5394677,ssp245,24.31005361
2050,6,96.90893007,18.95996483,11.3813747,54.08827925,63.66735693,92.03916347,42.29917442,62.82729923,9.283831995,ssp245,68.28523651
2050,7,388.3341871,198.8985006,39.56197226,387.4749297,102.9489037,267.5470188,76.42304012,84.93511492,103.165531,ssp245,130.6373065
2050,8,46.55661586,349.5831118,159.8598278,220.372821,174.8367415,113.0660541,209.3178357,93.14974148,395.5513363,ssp245,148.4846859
2050,9,43.42409646,29.10016046,26.14656657,15.15817299,250.5396796,27.17277832,22.29361514,63.50886243,22.45874011,ssp245,146.9048707
2050,10,4.732785198,61.8215046,0.343555013,4.569037569,6.80E-04,0.633234373,10.61302214,1.759234108,6.281061385,ssp245,22.62913961
2050,11,36.01158727,13.89856842,20.07418054,12.43146031,2.807303436,7.036831237,0.09003154,0.774782635,52.34903356,ssp245,0.274300338
2050,12,21.65232056,7.43850221,0.87785264,6.647433791,4.48530121,0.034582298,3.058106578,14.38737885,18.04223852,ssp245,36.92129402
2051,1,14.78734332,16.03438127,3.883252122,4.020817518,4.371381586,4.81630965,0.092053491,4.165292767,0.989280217,ssp245,68.56897317
2051,2,0,4.99486589,0,0.783031868,0.212286384,1.833290798,0.394240036,8.96E-04,0.364807251,ssp245,34.01460245
2051,3,0.147447505,0.233541236,2.137863095,0.309861234,13.3234617,2.552240722,6.394907465,7.463802151,9.070114667,ssp245,34.35967369
2051,4,4.684310493,8.328411452,3.676936541,7.519466789,12.30016807,26.34578557,41.93989486,28.65186496,46.00308395,ssp245,25.60821009
2051,5,18.41423405,0.81835548,11.83062444,7.965428603,20.21149691,22.54501546,4.980295148,10.21968703,29.95269053,ssp245,27.951519
2051,6,32.69814991,28.51645833,42.91112828,110.5870912,37.7849886,165.8069414,43.31861457,46.22399308,3.356735577,ssp245,123.5596591
2051,7,100.8370327,295.7867812,160.6555443,98.8053035,128.5382625,112.4737997,195.8567008,355.1362373,119.8758794,ssp245,191.2214386
2051,8,281.1933069,358.0802607,113.0044818,385.9508196,104.1585616,148.9406842,260.3066736,62.27541916,263.9729875,ssp245,196.8589924
2051,9,73.71774725,33.93108319,58.47040446,16.54106603,25.45791892,73.45028273,42.44554568,54.05816724,11.63021683,ssp245,12.34739687
2051,10,0.773435332,0.027666565,0.119242525,0.211935062,0.938944774,0.227328017,0.008883217,0.008126399,8.839051825,ssp245,2.441498462
2051,11,16.98821453,5.734841227,0.135245099,0.197187058,4.570469733,0.105158121,6.01E-04,0.705954437,8.190289353,ssp245,24.46775965
2051,12,15.84766214,0.038404121,0.29340876,0.317902822,4.637877116,0.185172891,145.8369546,1.061693708,6.156433772,ssp245,25.14047173
2052,1,10.64275916,0.04957398,0.801697849,0.860380521,1.80988484,0.004614952,0.011347236,0.330417473,0.005677748,ssp245,7.30859295
2052,2,0.059801339,1.199192762,0.041030129,4.446795559,8.0649101,0,0,0.310645496,0.024519731,ssp245,5.723045236
2052,3,2.094162696,0.012808252,10.93531103,52.82234641,3.748369457,1.630638679,1.008263645,1.698016882,0.434557417,ssp245,7.029642254
2052,4,13.67598497,6.185651473,6.599856988,20.75377148,23.23186218,2.783961708,50.07450723,8.910726407,53.7629299,ssp245,30.14737145
2052,5,16.86288745,6.743200612,27.61351516,14.36745534,10.76737289,4.238780078,18.78124126,0.562496668,14.25326896,ssp245,21.80974787
2052,6,60.91211149,164.8517521,20.23169883,35.38891343,18.89569225,18.30214517,58.21738562,51.29360504,21.47359832,ssp245,29.90064983
2052,7,73.34584729,474.0652999,97.06013932,147.4788227,54.72893069,58.96594399,55.38592301,43.39513883,3.983054475,ssp245,173.4040755
2052,8,93.50283022,545.7988115,54.52230399,583.9198206,81.17831633,397.2543995,119.7884041,53.79909607,158.9873217,ssp245,238.1554284
2052,9,37.97380465,130.2726147,6.381811333,9.758748757,12.61530735,147.3616435,26.36700247,16.93089123,25.90607381,ssp245,57.98534994
2052,10,0.958552657,0.209248366,1.564056104,0,0.290152846,1.096044953,2.285777626,0.358019225,1.656527722,ssp245,0.143496601
2052,11,11.61645241,0.481533205,6.130868699,0.043363249,8.020015052,0.328126324,0.044931316,9.049985223,13.54461825,ssp245,0.155170487
2052,12,4.308309838,4.580784429,0.03853708,0.809661112,0.711951107,0.039593377,0.229387792,6.313781559,0.11753887,ssp245,17.10796141
2053,1,1.369590258,0.05311257,0.029602268,10.76567413,22.55861053,0.452631267,7.727064348,0.667501949,0.180414848,ssp245,16.83381754
2053,2,0.001540867,2.79436312,0,2.738363509,0.154682376,0.155514823,0.028474883,3.503564564,0,ssp245,4.785942314
2053,3,3.041516491,0.014248501,0,29.28345419,1.241077614,3.78113586,6.491962894,8.013754469,2.142372776,ssp245,0.023638448
2053,4,0,54.64242185,11.7343015,34.15524216,21.95267649,8.576891708,16.00317099,18.27077135,0.297810541,ssp245,11.99503494
2053,5,20.03835268,70.06759707,8.878587234,47.70766757,44.2718563,1.986719687,6.869923655,65.76029412,6.07920137,ssp245,14.44884466
2053,6,85.06245611,12.29932164,25.6493282,9.721937367,179.3221221,104.3760081,22.92476044,71.18800068,46.27763357,ssp245,3.187396699
2053,7,240.3697176,457.5294453,92.43102391,109.5245956,45.38501818,260.6280401,125.1932772,26.19373739,79.03583304,ssp245,164.9305965
2053,8,89.68492289,242.3715555,66.32586919,379.5357798,135.7714085,585.8750096,102.9782589,315.8381388,272.6915679,ssp245,69.02417071
2053,9,31.8917987,57.50305649,41.31270939,43.56538958,22.34211287,51.21070479,4.271323766,6.929746322,40.71957143,ssp245,1.947727878
2053,10,9.055191919,43.80527598,0.66111262,1.73E-04,1.636647056,0.117557589,33.5369112,3.486959293,0.189898495,ssp245,1.622921508
2053,11,21.87183443,61.01290647,40.18205893,2.24E-04,0.292037964,0.034666126,6.237865285,63.50935836,2.554479299,ssp245,5.123605133
2053,12,9.916603027,19.30439074,17.00565116,3.769562394,1.166403516,0.140248506,24.52964468,0.621980171,2.113317141,ssp245,17.0467902
2054,1,7.461948354,6.771470454,0.258326071,5.460259342,8.691761551,1.024962543,0.086448498,2.221607371,11.01003627,ssp245,0.877515903
2054,2,3.465218333,2.629371985,1.06E-04,8.6076939,2.4662751,0.055428129,7.008945583,0.233120411,0.014351229,ssp245,0.192983514
2054,3,0.124256384,0.338619234,14.81164973,6.012509917,14.23665325,8.201291549,0.060439581,19.22675577,0.012799075,ssp245,0.00855816
2054,4,6.934929852,36.69160521,10.220976,0.386290054,16.34525998,22.96532831,10.96748791,31.8164079,3.154047202,ssp245,0.359335967
2054,5,41.88664231,13.33470509,11.04441407,37.74324561,71.74133986,2.853496905,99.93820058,18.26307271,5.629821367,ssp245,1.15194957
2054,6,19.97029051,77.17967214,23.24036864,1.633774811,47.68979266,79.57818803,26.22968696,37.94542734,16.01074672,ssp245,134.2942085
2054,7,315.0940858,179.2353763,169.0077688,195.6462035,40.72843636,257.5125735,79.83371169,119.8584356,123.9936403,ssp245,109.2368497
2054,8,116.704066,241.7103219,953.2239166,174.3567813,166.6345592,173.1003676,174.8836339,137.3837751,204.9179975,ssp245,231.0876179
2054,9,28.45552338,29.5702684,4.006157763,54.63443827,6.691881283,15.25322761,35.98167658,81.62546267,12.68506863,ssp245,60.04604051
2054,10,12.81830413,18.81441734,0.11979206,4.009854428,12.06847738,0.128473048,0.121751741,4.456170076,0.826202191,ssp245,1.805918554
2054,11,3.25148282,6.972650599,1.632009891,17.11156982,17.02384346,0.019733981,0.366454159,4.877310281,4.128311817,ssp245,18.9695938
2054,12,6.917146121,1.06668319,10.17530592,2.208915776,16.66799191,25.25632214,16.08138915,0.464624667,28.87990042,ssp245,12.03074655
2055,1,5.930170054,3.412460974,3.443006355,85.38618035,1.073132748,0.221198123,0.023597163,2.023117863,2.657534805,ssp245,3.075891696
2055,2,16.87631735,3.196910357,1.323339592,1.65E-05,9.164248834,0.029050352,1.379008129,1.044127332,0.906930382,ssp245,5.003773255
2055,3,0.222900612,6.95950391,4.016186893,0.027169742,0.172444919,0.80549704,2.790603437,0.265519123,4.304397314,ssp245,15.87364372
2055,4,4.500415731,9.326308445,0.402282179,13.45931953,2.805317838,25.85379624,33.01010987,7.122583791,0.277941228,ssp245,21.13430774
2055,5,26.34485382,12.32248868,47.43676773,19.71341074,28.52533262,53.4795021,38.42175715,1.968312579,15.38719058,ssp245,89.31419817
2055,6,74.57035309,5.056534738,15.73356002,10.68386136,61.27957708,60.82163895,63.43151307,17.56265988,32.34682136,ssp245,36.05764311
2055,7,291.0584281,260.4042283,82.91190547,164.8880838,138.5573595,118.0473681,130.3025739,75.55029347,47.13273522,ssp245,83.60784631
2055,8,172.0904685,122.4496296,75.01048353,260.4299053,69.3534714,61.51592778,85.31965484,30.77040477,290.2579481,ssp245,27.76235105
2055,9,10.20869702,114.0932181,15.47043506,23.07657361,44.01009713,64.5305058,23.94199893,67.68042291,25.92214182,ssp245,9.739479669
2055,10,5.16787626,3.633028962,0.946006788,0.854235977,1.399740033,2.031977213,3.088866306,1.332161105,12.21826625,ssp245,11.75282922
2055,11,5.345725802,13.45203458,149.0586065,4.070397933,15.14795936,0.280783587,0.074880066,0.602464307,0.016511593,ssp245,9.174344845
2055,12,2.475068776,7.763343335,7.368760344,2.349598614,2.901290546,1.081543193,1.160666493,80.75152049,23.50977245,ssp245,3.085656106
2056,1,0.949612678,0.079023784,6.466563425,12.92098813,114.8118982,0.125528354,6.583118277,3.193854378,0.347318188,ssp245,16.71384849
2056,2,2.418118906,0.025497075,0.017046309,0.139786476,14.79075127,0.0092144,12.48574421,13.6023046,0.920665262,ssp245,101.8653719
2056,3,12.03390968,0.348524266,4.467000394,12.57598838,11.04136283,4.095985808,14.08120508,0.303386331,3.730460476,ssp245,39.34022103
2056,4,65.66171595,48.42118651,14.40490155,15.58462138,6.269390465,15.2518674,34.26820671,55.97734788,1.212116137,ssp245,34.17196649
2056,5,17.78885984,53.76430689,14.44478612,39.52792822,16.39164502,66.92422599,100.3101947,38.86697148,12.23746179,ssp245,112.7857013
2056,6,63.32338818,94.98566796,32.9699966,45.15993765,7.473326803,64.23556694,2.575355555,81.1142278,17.21757208,ssp245,141.8307944
2056,7,97.66347972,275.3180006,78.23031334,172.7807164,34.92066708,180.3115934,227.0270345,206.3507334,80.45399655,ssp245,252.5287335
2056,8,172.4297448,170.752173,43.25662894,155.8560688,53.19627161,245.0879488,97.52236064,93.64157174,258.8136989,ssp245,211.9123493
2056,9,15.93830891,6.956811354,21.53972184,24.37080803,30.45624587,2.372507958,9.172942647,56.01363024,121.2714591,ssp245,43.02581362
2056,10,3.941739188,5.029854314,1.187055165,0.134930746,22.06190045,0.439925567,3.205322714,0.071455665,1.167814051,ssp245,8.102635457
2056,11,4.462466387,0.16486367,3.843160343,23.3340703,60.52470795,0.821959609,27.67867674,42.41494718,24.11025538,ssp245,0.522503861
2056,12,14.08506157,5.730724991,0.207761023,24.91373322,39.478286,0,2.246150687,25.19955146,80.41303172,ssp245,6.710823142
2057,1,37.98306271,1.685197941,2.633829163,4.14535241,16.92800049,5.988386415,3.91168321,2.001232175,19.02405261,ssp245,6.804528574
2057,2,2.949764699,0.858921009,0,13.59128495,1.851103844,0.135858829,0.797355931,0.820090792,0.533866382,ssp245,2.064148433
2057,3,13.1714911,0.127391009,0.018007121,11.32810846,11.4803861,5.103489016,6.77715181,6.313314007,7.795268171,ssp245,3.335862528
2057,4,14.48821513,31.14441361,9.481001268,40.79602156,44.87724563,23.02283184,7.876575113,25.88906231,85.31818479,ssp245,1.642366063
2057,5,18.41249715,39.82963633,3.934482316,37.09334997,19.46442442,3.915633881,46.52544741,58.48970323,37.89343628,ssp245,8.099702071
2057,6,15.78957291,9.4464555,16.95305994,3.04634387,6.134384918,73.57467396,61.278774,25.66373525,38.48925664,ssp245,62.55080409
2057,7,72.38273375,221.4924504,128.5278349,40.48977029,414.00587,176.2751494,257.2961406,151.5676224,202.4858103,ssp245,142.8352227
2057,8,195.0884222,428.192652,130.9408126,37.79527464,62.70618622,146.0774655,118.4556462,106.9966517,57.18587095,ssp245,172.2889698
2057,9,148.8222189,91.50281931,19.07509969,6.902820682,41.15045459,32.29749222,30.60338259,77.05095358,34.98998596,ssp245,18.13461329
2057,10,24.27721425,3.814499926,0.093487923,1.788177969,4.316212961,0.923213503,1.06869825,6.16E-05,0.562978926,ssp245,13.32522457
2057,11,1.939285713,51.85938293,6.834092344,3.856489182,0.131809244,0.069135133,7.275654141,0.628786661,0.37941243,ssp245,2.873786138
2057,12,58.38832304,0.895205481,4.458541173,29.74087072,0.002493294,0.745252804,0.017240863,7.027346398,1.092379574,ssp245,0.570944304
2058,1,20.82147391,27.29857057,6.720821702,0.719382282,3.017436845,1.105323469,38.49867976,1.078064684,2.265919942,ssp245,0.571404106
2058,2,0.00510653,1.829368944,0,1.494354021,0.270271879,0.821387753,0.339724355,0.179033916,0.362664486,ssp245,0.513521374
2058,3,8.674735238,0.201144064,13.50535391,0.080242357,0.897315837,3.487075081,7.126610241,0.203854121,16.77042697,ssp245,0.052173788
2058,4,21.5331896,2.976263215,8.012734187,4.059549693,24.85075642,52.34522363,4.17572432,4.595114739,8.947727258,ssp245,21.00034262
2058,5,1.840998679,5.67728373,1.639157525,3.959713187,84.7799699,4.232120319,44.51701184,4.265684539,2.851804146,ssp245,0.954444463
2058,6,59.55099862,3.742258378,20.3373898,8.704111404,15.54513966,38.9223646,90.63872282,11.03573219,4.121548077,ssp245,47.21361732
2058,7,123.3009733,307.3509977,41.6866213,195.2663377,124.655938,218.0538644,494.61559,59.41966342,37.79415119,ssp245,51.55649331
2058,8,320.7105568,526.1999546,67.96466754,374.8463047,420.6794173,129.2437231,442.7503044,262.5831921,137.2044253,ssp245,172.392542
2058,9,38.89061414,45.00080015,9.458353134,36.96824184,25.13423277,52.92536381,62.74854043,13.43397748,46.86514697,ssp245,12.96198607
2058,10,80.53068689,21.24223752,0.294884165,0,6.96E-08,0.117216053,37.03269511,65.50789451,2.796210315,ssp245,0.25672668
2058,11,21.56572217,4.088113631,7.292572499,0,13.08367281,11.59849904,3.082713719,5.562505543,0.723052598,ssp245,2.395004666
2058,12,5.592369222,0.001665499,8.617589892,0.005430895,4.100332707,2.207103566,22.19978722,2.975897957,32.00860346,ssp245,1.472341184
2059,1,4.654590122,0.008388873,5.168684056,0.182854077,61.21491853,0.808551696,69.99520898,6.744397497,1.388112402,ssp245,7.367278589
2059,2,10.71966305,0.004474881,0.294211641,0.065308566,3.80451035,0.585632168,72.60112053,6.077269626,0.975580592,ssp245,0.394110657
2059,3,4.855417424,1.612812914,0.702074548,7.984086111,2.757111212,6.55701576,6.134032286,29.5589154,0.227451254,ssp245,0.245669115
2059,4,49.04260017,28.89283404,19.01911897,5.789310644,33.02482713,21.34371521,31.08912741,28.25563153,2.74738569,ssp245,24.9419293
2059,5,18.18045691,31.56730579,7.868045512,0.509319966,20.34130042,38.33975407,9.433587602,59.50352543,2.907549406,ssp245,125.0780537
2059,6,113.6489162,12.99153867,21.90710964,16.73935618,47.06726917,19.7659117,36.18245981,21.46502369,12.55772811,ssp245,21.44933855
2059,7,121.3498899,98.94541784,108.1091953,80.63035833,96.34047603,252.5479208,176.5466725,105.5239507,173.9117179,ssp245,67.13638939
2059,8,75.04376876,204.6117833,118.5183809,165.0798572,107.3440032,193.4053819,128.4029902,95.04907727,432.8811164,ssp245,57.11823512
2059,9,43.0048141,8.785932159,17.24776587,34.77991798,25.54828839,11.0051415,26.62667488,0.797404114,32.89577732,ssp245,49.12123716
2059,10,5.203034376,4.914141179,0.385710933,0.111274876,46.42101525,0.858167316,0.175931861,0.006789265,2.364805817,ssp245,1.222648813
2059,11,9.035053933,30.90072282,41.74308266,2.005017291,1.301179243,53.20595437,0.013830281,1.88411117,2.164144688,ssp245,0.415224569
2059,12,11.30586291,6.321430587,6.332299095,0.686419405,5.065290554,90.93835631,0.532171535,5.468058138,0.407710694,ssp245,5.299236945
2060,1,1.133154204,7.397194587,0.289537931,3.464649877,0.479823356,0.49667483,3.2315539,0.185638617,5.975215336,ssp245,12.12011609
2060,2,20.58859753,0.414484811,0,1.016622798,1.753049713,0.24059448,16.50923274,5.772441485,0.053658465,ssp245,23.16113103
2060,3,5.832347225,7.857182074,0.883281306,3.688760477,9.034325636,19.60802985,22.48851161,0.536549364,1.093429646,ssp245,30.10379492
2060,4,66.56329598,9.587399511,0,40.61174723,26.38890065,10.19677907,44.64038077,6.109596087,18.95184676,ssp245,40.21474048
2060,5,17.7953127,25.13339087,4.370164037,16.9501337,18.00399021,24.88647057,23.12754892,1.740358313,0.574469508,ssp245,62.13387415
2060,6,13.14683828,31.59430645,17.73712622,19.99540215,61.01887747,291.5814171,68.98129456,21.70847799,36.18678877,ssp245,14.34548716
2060,7,120.3616361,71.03801554,181.7994597,28.2741853,66.83339661,122.4258327,111.0536583,88.81797551,85.26806138,ssp245,100.6173234
2060,8,157.0558807,226.7658601,55.45311923,239.9793467,164.0044012,347.2855576,157.2344533,246.8782185,244.8368377,ssp245,212.6300267
2060,9,42.10641494,39.64730497,19.38523113,28.86727299,16.59484367,159.4152466,9.27957022,17.38610837,39.13345258,ssp245,84.18300644
2060,10,1.892376709,0.148982839,0.116865527,0.891770431,7.716024339,0.878748063,4.32892896,4.978696104,17.01737482,ssp245,143.9503957
2060,11,3.565946131,0.710472434,14.85845753,1.56E-04,14.7569845,9.554571873,13.55022454,0.657525416,0.381226551,ssp245,13.08959721
2060,12,6.409333921,0.770048639,0.053638962,1.544953926,4.385258466,1.052505985,0.093720637,18.79555332,21.51858188,ssp245,6.548016446
2061,1,26.66810235,0.082817365,3.743787337,4.106999366,9.498469318,1.467891398,35.44480946,4.045325142,2.690655217,ssp245,59.22787616
2061,2,0.84804608,5.793801694,0.015631751,0.914964004,3.39337437,0.047940035,1.336171847,0.031394464,0.450390524,ssp245,0.818427719
2061,3,3.125491968,0.206718257,0.012529995,5.288665645,7.161432388,0,23.887871,10.75022319,0.155852992,ssp245,6.784793105
2061,4,11.48650403,7.425363013,6.093114159,52.23972225,25.54081782,4.460809523,10.31804349,55.20066765,0.003839921,ssp245,0.101385587
2061,5,11.7469517,44.3330321,4.550871271,74.49906786,53.94402275,2.497440326,5.401440538,37.71766527,2.191022721,ssp245,1.340299311
2061,6,22.69117489,8.770513762,53.19517675,33.49940096,13.14777225,22.89209047,32.60562522,54.87267017,33.58448912,ssp245,3.36043081
2061,7,149.314281,242.6815224,60.88802795,46.80290072,60.3675312,268.0839741,197.3420883,10.23270694,8.116978702,ssp245,53.51609925
2061,8,108.6467822,76.87691559,265.5179456,69.51630273,320.2126031,338.9496817,164.5267786,121.9773953,3.06741134,ssp245,244.696662
2061,9,83.67491879,100.5169537,37.71015547,18.2401271,25.55680591,74.0512081,44.25500457,72.44109993,44.20442029,ssp245,99.56934006
2061,10,2.306968983,0.860988912,0.115882251,0.426401793,0.448643344,0.117994739,3.256817619,0.026235877,5.075977025,ssp245,18.5737663
2061,11,4.851616763,0.297488419,1.858515228,0.335819164,0.208700104,3.060771005,1.76591376,3.225365638,5.888185657,ssp245,0.816547089
2061,12,7.810558658,3.179495969,2.195035541,2.609375619,0.157730564,12.47907097,0.009607907,4.553995191,14.35515582,ssp245,8.29373169
2062,1,9.740468417,13.13132341,3.55220519,0.888619687,0.893542083,17.73736878,0.829768631,2.128497999,24.71720792,ssp245,11.12831558
2062,2,0.821802838,7.24583719,0,0.068380794,1.630683809,0.048151158,2.08E-07,20.3702732,2.089105273,ssp245,0.856006256
2062,3,7.788990388,2.91918537,4.290465032,27.46941439,9.599659651,1.031549553,0,8.08563343,17.15466131,ssp245,0.088721559
2062,4,3.336965083,35.82748484,3.799748876,19.92066814,20.77426824,29.81283755,6.866069922,61.88682938,3.599375592,ssp245,61.36835362
2062,5,19.15921779,33.59725831,2.365403483,32.56911622,27.70277208,33.55213224,7.700507286,91.29784166,6.354967701,ssp245,37.35460299
2062,6,18.71792599,9.712983242,12.24968118,27.36605355,88.15511244,19.93101894,114.5288595,40.67403634,16.20897621,ssp245,45.70286111
2062,7,166.080056,134.286922,115.9178592,453.9000343,123.8004984,283.2133995,231.7994865,262.6723383,70.60385169,ssp245,206.5023718
2062,8,77.06589389,663.4465321,121.2018236,413.2782456,181.6561716,181.9456042,279.1134329,100.6539214,92.05875429,ssp245,111.6972167
2062,9,18.21151164,43.82232328,13.09844076,53.72096495,38.50049016,9.140375309,45.46033299,13.26558909,41.21214775,ssp245,132.1002518
2062,10,0.92367535,10.47640316,0.614721929,0.002451705,0.133358533,0.163138855,5.57034102,10.25765356,5.670017246,ssp245,11.13775659
2062,11,0.125883004,83.95406027,109.763994,1.58E-04,11.66629983,0.189711843,0.024361241,6.072469752,12.57065482,ssp245,6.424930102
2062,12,0.325084525,1.303995174,31.32130855,0.707610803,3.279065408,0.338424712,0.038363028,19.3706406,85.94586254,ssp245,2.191116506
2063,1,0,6.815363958,4.147728397,1.831234339,434.2280742,2.127853716,3.78E-05,10.90021665,0.058228504,ssp245,0.375025938
2063,2,0.003044696,4.109103788,0.138660709,9.586136266,2.307085784,0,2.93E-06,2.246706284,0.357917496,ssp245,2.28819356
2063,3,5.269187105,4.251284631,0.790976553,3.51367431,1.105678122,9.191945095,1.85E-05,8.154242517,0.164386006,ssp245,65.79919201
2063,4,6.364759636,23.17600995,17.63976779,34.96340066,0.03239231,10.90495776,3.213202916,1.973660574,0.363391413,ssp245,29.12252206
2063,5,30.89569675,6.112371897,18.81260112,2.828624045,90.0365098,0.844803688,3.141252409,44.28187494,16.53772404,ssp245,3.517892385
2063,6,44.98972461,89.60364564,64.30351181,24.15344006,13.92036055,13.82051927,25.57753552,7.772787042,38.05550367,ssp245,24.53088881
2063,7,76.60253104,175.4491755,124.010387,126.3867567,94.43785829,107.7266293,323.2723271,35.76713108,164.3140255,ssp245,132.7129756
2063,8,81.00772129,302.6385563,257.0110429,342.7506039,25.09538726,186.5241557,206.2634874,60.65876232,316.9116316,ssp245,162.1023947
2063,9,133.6490234,56.97693573,99.42448307,106.4890981,16.30461397,30.94093897,10.6316172,4.444869724,13.3492494,ssp245,19.45104236
2063,10,25.5098236,1.127841148,0.16127073,9.035548205,57.6545903,0.230904816,7.387634492,15.95001117,45.12533875,ssp245,3.293815201
2063,11,0.275520142,32.18601157,2.257759061,9.163534272,28.04504096,8.551898239,10.70722736,29.68641486,6.216882782,ssp245,36.20259735
2063,12,1.872731127,2.630731605,3.509401639,6.298949044,0.484402877,0.054863109,9.74E-05,8.046110553,1.608888741,ssp245,54.11141449
2064,1,11.42370481,1.539845159,0.467171186,0.492544832,8.731153459,0.202964901,0.08341601,10.56676367,17.56666989,ssp245,5.107397117
2064,2,5.914282588,2.103138918,0,0.006423348,2.66196161,1.096804676,0.24583968,0.111977132,3.256233099,ssp245,15.63288281
2064,3,2.661187354,1.50906045,6.37087117,0.798260049,3.980972734,7.897359543,1.06260091,3.533306148,3.286635877,ssp245,5.100916099
2064,4,44.3056167,27.87314461,6.702490344,7.91178013,1.638594632,2.329194602,26.08514148,8.951410143,48.49320587,ssp245,24.7142278
2064,5,61.8615337,35.50700231,9.659312669,3.490030207,8.351822268,78.60860106,55.14503351,14.28992686,8.830311654,ssp245,28.90177707
2064,6,25.21333699,31.84029246,36.49753809,20.06876164,2.872863346,3.987939491,36.40860338,77.93787893,17.77240156,ssp245,17.11489069
2064,7,275.1526572,107.6250843,160.662701,381.3144705,86.10696002,157.9905067,126.0698505,60.40865585,134.0179908,ssp245,59.16630275
2064,8,308.2982704,261.4032592,107.6476519,187.9212864,238.9270249,141.5110112,412.3918097,59.82510965,270.930726,ssp245,161.0793537
2064,9,10.25484064,42.76185344,18.13715145,110.4033203,14.7194513,26.30160155,11.03898741,17.52166245,51.53114458,ssp245,54.05920215
2064,10,1.790226555,39.77001117,0.728110622,0.056970136,11.11630717,0.593175281,0.015698109,0.240626848,2.929398212,ssp245,0.086830258
2064,11,4.04826775,19.24003192,26.47254022,16.81625564,5.183627946,0.291126773,2.028390642,1.236937118,0.064006621,ssp245,0.86725068
2064,12,1.678472698,41.25025485,7.547945531,0.533738369,19.47944914,0.032257048,6.807519402,23.45271382,15.45078046,ssp245,13.72867506
2065,1,20.23898346,0.713497168,2.905442264,0.98499035,23.59521573,1.175394407,0.739961182,17.6057839,4.705257729,ssp245,1.121534656
2065,2,0,3.551987699,0.666170591,0,0.595255226,0,0,1.644973008,0.139072244,ssp245,0.878080674
2065,3,2.209125366,1.062770414,1.237312791,3.891957388,1.279321744,14.08916322,4.110928002,23.1769128,7.321758834,ssp245,0.612704219
2065,4,31.16646524,32.39100655,8.825489287,14.24266085,11.5353532,8.940225283,2.166037258,74.28589019,2.827302125,ssp245,6.803281925
2065,5,9.603511856,124.6842204,22.0587036,29.87578168,186.5090131,36.33856562,13.13475022,69.03363423,10.16568029,ssp245,1.70434379
2065,6,31.6502257,19.43775793,45.27596254,58.30082064,4.000552316,105.7501154,30.62715661,40.50411338,8.031282375,ssp245,26.17028152
2065,7,104.2373135,140.126231,204.6607769,74.71396813,25.53075608,251.3153275,176.1146343,60.96931626,52.43973769,ssp245,61.89580776
2065,8,106.0457784,384.2137935,144.6180712,173.3685674,275.8670797,96.48183032,192.0582236,216.7153856,396.2433529,ssp245,81.17029003
2065,9,22.61631103,52.29177251,17.22967864,3.359179308,18.25809557,45.85297934,146.1894406,56.5564566,7.446363701,ssp245,106.854283
2065,10,3.251583994,139.8181694,0.198494293,1.083389415,2.277035586,0.676023172,35.88430167,3.48829194,10.50195752,ssp245,2.683646898
2065,11,7.516129186,2.678580803,10.82558765,0.820525366,7.807246011,0.927460302,3.110564615,49.27409766,50.93205139,ssp245,0.455295355
2065,12,2.722681104,0,3.785946582,0.271559795,8.719488497,0.007985676,2.103467018,5.209045575,0.29895045,ssp245,41.28073804
2066,1,20.23444278,0.900713058,7.042934497,4.258241827,0.781072019,0.045636113,11.98629309,3.223170503,0.685092558,ssp245,6.99052689
2066,2,13.67455506,0.340678446,0.290645705,29.64621586,0.242292248,0,41.13303861,0.017039405,0.024068933,ssp245,22.38359297
2066,3,25.75912324,16.92615633,33.78532881,0.007065716,18.39799482,0.317890771,0.079171346,13.25331907,1.373588687,ssp245,11.38613432
2066,4,11.18984931,15.35315494,15.37385328,5.453297588,13.57639547,0.058567262,18.56174499,18.31024981,0.295356987,ssp245,2.753161631
2066,5,9.148371218,45.61939955,34.35365005,3.98463653,5.977538647,0.467638545,54.29220391,56.61336872,3.185136116,ssp245,6.253806617
2066,6,27.88428061,171.869085,45.35748959,31.81926041,103.3056887,9.374994161,22.53322643,6.512687211,19.53856248,ssp245,30.49754452
2066,7,280.1557007,435.8674511,78.188037,144.6275181,54.86756425,348.5099718,245.6596404,477.377017,14.44700821,ssp245,171.2814046
2066,8,349.8524642,446.2157224,633.8292511,252.7006189,124.3225699,275.0738466,178.034076,510.9924325,179.9500434,ssp245,93.02389013
2066,9,87.68818262,76.4426966,74.58063193,64.74050686,41.39099365,65.3570046,17.64854333,57.82256484,78.85819713,ssp245,14.31870938
2066,10,16.31319922,34.89832843,4.627234709,1.434137397,1.87461883,0.018121994,4.507227774,0.325824182,3.074462224,ssp245,12.38710843
2066,11,6.771431957,7.853126058,16.38978114,13.95769595,20.58106433,0.905027947,5.098818302,0.122458436,27.81700055,ssp245,0.966560781
2066,12,1.320019431,11.09811505,3.397488197,11.78735449,5.140864856,11.57644009,16.4266939,46.1069485,13.64236703,ssp245,2.460294026
2067,1,0.733314561,0.236463314,1.063036476,1.391872225,1.570828028,0.09849813,30.54372003,6.972173196,0.738884903,ssp245,1.605885455
2067,2,12.57462523,0.237301524,0,0.79935131,2.17977514,0,3.988020298,0.004512114,0.1631022,ssp245,0.018488596
2067,3,6.930513837,0.004292363,0,25.24173455,0.400849551,1.589042283,1.61544834,1.445560416,0.229254998,ssp245,6.62E-04
2067,4,0.17832128,4.178111134,9.795009318,21.82742936,0.043927602,24.24486078,13.19387717,6.46363707,8.044866307,ssp245,21.45514634
2067,5,14.54344603,6.963546697,13.48536259,15.27665755,13.21657714,8.866372939,0.620485146,17.03117316,8.210814051,ssp245,11.47632578
2067,6,55.00447437,122.8845088,20.45681375,8.897234173,17.13872655,33.54174396,29.65854088,27.86302813,20.35099115,ssp245,31.59236061
2067,7,115.5383953,397.6297966,120.6198821,178.0670184,208.1947999,147.2036715,197.9458611,122.4275788,110.710171,ssp245,169.810964
2067,8,619.6693696,92.31248407,114.1420421,156.8954757,410.031349,186.5406783,125.2730832,284.7767912,227.59372,ssp245,110.8212045
2067,9,92.07393503,39.86594662,46.13831408,45.71021375,14.51879373,32.08143145,22.86574892,19.71398314,67.64486813,ssp245,67.39014606
2067,10,2.498057865,0.079843386,0.750000338,0.866592358,1.053975929,0.086778976,1.175131511,1.061669607,6.218622026,ssp245,0.605542305
2067,11,7.803033556,0.188380913,2.481023717,0.005917342,3.900218793,0.142100482,21.0336375,52.15528864,38.5558912,ssp245,6.647449808
2067,12,3.585910117,0.521107929,0.666500619,2.539150683,18.21779407,9.382252587,0.004890976,2.750897166,82.37573798,ssp245,3.928626707
2068,1,0.072911826,0.094257139,10.02076216,0.561818364,10.56526788,0.056478441,1.017242191,4.54320656,2.520760366,ssp245,64.73173647
2068,2,8.588736872,4.468016761,4.45E-05,0.487809983,0.001215413,0,1.800571255,1.141963551,0.126681411,ssp245,53.17394569
2068,3,22.88292239,1.211131506,1.373847697,4.406154362,4.319773737,2.743052915,41.64096018,6.957874916,0.336361153,ssp245,65.82408584
2068,4,6.378957552,8.621015473,46.99341401,13.42355643,2.982417076,7.548633667,54.36486994,28.42390353,4.09589957,ssp245,6.159819812
2068,5,30.53181263,2.457007891,3.013449901,39.86713322,26.44932814,50.35810429,5.561364929,50.94051723,19.92778333,ssp245,24.28728339
2068,6,157.5394618,14.65836424,31.62609221,26.32572575,21.58548778,51.71558647,17.56021062,120.6824815,6.373482964,ssp245,40.03294619
2068,7,36.94433635,175.9168442,179.1751359,290.1640882,41.86143844,222.6623647,376.9514957,120.6683858,134.8135525,ssp245,115.9009748
2068,8,19.61134564,135.1438968,97.77885619,446.8075384,64.32281236,243.1663439,121.6639645,239.9977081,403.3873949,ssp245,408.6381418
2068,9,41.17519589,87.56861287,25.86803956,24.55869293,8.534414723,39.70696385,0.673485679,32.50969067,74.67220517,ssp245,181.40914
2068,10,1.419586984,3.872777516,0.041110303,0.901602627,11.0376708,3.430482847,0.948885751,0.004739216,1.433224472,ssp245,50.77409901
2068,11,25.54682026,0.05009335,3.049349443,0.352651977,17.79285489,0.816608632,0.028287418,4.11075738,4.501023812,ssp245,10.67835193
2068,12,29.78305751,2.56E-05,1.597915911,2.879867871,51.19589542,4.585430984,2.569959039,0.033544575,0.937302424,ssp245,1.472391088
2069,1,50.39809758,103.6725513,0.374185244,0.792417141,13.75353641,1.141438877,0.571228748,12.87853024,3.43678124,ssp245,6.209023669
2069,2,20.36882977,1.260442461,0.168018614,0.197769889,1.528785507,0.562090276,0.019188171,3.0272704,0,ssp245,0.49013656
2069,3,2.224124391,8.476910536,4.521555267,2.360801475,5.588504862,0.011819479,12.42018076,0.505112796,0.509950545,ssp245,1.84E-04
2069,4,11.12253204,68.48306784,14.83685673,4.979987921,10.87888641,1.100631717,46.73291488,1.694342951,25.22474127,ssp245,2.24587373
2069,5,6.446808864,54.01075365,14.98743056,12.08218644,22.95397369,3.09259818,27.393875,34.18912368,10.15393447,ssp245,16.80137072
2069,6,16.18587171,8.472577327,33.30501563,18.10142613,4.816475237,75.6158963,20.97485691,30.56592568,31.62330451,ssp245,46.05855263
2069,7,312.3215739,217.3616444,51.4857014,49.99088579,23.76992426,130.1527163,64.83402779,80.96532471,291.7068688,ssp245,247.7755089
2069,8,51.32523215,173.4798034,68.81272489,161.6571076,46.80066855,272.9515516,75.32810873,48.59203072,226.8214185,ssp245,241.4060059
2069,9,17.04365397,6.93283687,16.96791735,92.6589374,135.8693883,55.6637039,38.47315414,43.10567951,68.36922999,ssp245,81.1276621
2069,10,0.014550919,0.001991441,1.455482829,4.156882887,0.466912422,2.136620684,0.057824631,0.007953041,2.73791462,ssp245,0.804400985
2069,11,3.302054308,1.390382251,146.0118364,3.32434058,3.225300668,0.036799218,12.19124299,31.09326827,2.503979419,ssp245,0.651032096
2069,12,5.265229114,1.036007002,1.39053231,2.981423935,1.631379418,3.114808152,0.501052081,12.22683447,2.682023779,ssp245,0.131135391
2070,1,0.463267943,4.149000726,2.965023384,2.020809072,3.43486535,1.170123,25.52573968,0.465893776,3.795365634,ssp245,0.076732519
2070,2,0.004949926,8.51E-04,0.02243685,0.193021232,4.19E-05,0.093494814,4.604955125,2.638172236,1.012807147,ssp245,1.513385482
2070,3,0.983859608,0.353705908,7.485599556,15.05196677,22.00939011,1.703869628,12.53975342,3.440717531,0.026420851,ssp245,0.185824081
2070,4,0.060434061,19.44930828,10.34983953,9.521623593,38.81525267,8.883432854,10.40803539,10.54267899,15.07626862,ssp245,0.004775067
2070,5,12.74020778,25.03745546,1.154669576,0.191837656,7.712651919,8.93884221,10.62075102,23.95916543,19.86030442,ssp245,5.443149736
2070,6,57.09243281,8.01157531,10.29106327,4.894325043,16.38809637,173.6993159,19.62980958,25.81398241,7.609796869,ssp245,22.55890972
2070,7,304.5589823,364.743866,105.4058939,54.42498426,39.1888848,160.0142748,235.1074108,133.7936575,125.6432837,ssp245,47.89712539
2070,8,401.1846548,292.5321691,109.7777299,199.0536594,484.3685249,313.5467739,135.4901224,145.393503,108.4924397,ssp245,122.9810744
2070,9,58.71623229,92.09404638,21.07100118,97.67074194,20.63513564,16.61370109,80.6055113,27.7228825,12.674079,ssp245,85.26065266
2070,10,2.746617275,0.127205675,0.188503102,0.018187578,1.20E-06,0.079282868,7.746013255,0.115239084,1.427324036,ssp245,2.882288226
2070,11,0.207352114,36.71402945,1.714346504,2.787231774,36.73217241,36.09428118,0.22908369,3.067068579,0.033379896,ssp245,15.45636424
2070,12,17.03519095,0.321970394,0.091721718,1.300331985,2.470546892,0.122066151,0.619987563,2.644039335,1.275188379,ssp245,46.87937971
2071,1,8.051371168,6.087571176,0.417414482,0.818359355,21.90294068,0.067908212,7.831682755,23.85970574,1.032242439,ssp245,4.79755606
2071,2,3.680486259,16.47545026,0,2.263137616,7.777966071,0.145835682,0.014629418,0.001193841,0.003829937,ssp245,1.085305888
2071,3,1.312972927,6.341866134,0,1.655547408,14.18404912,13.06112215,0,9.113531196,28.79230399,ssp245,42.88656707
2071,4,23.61785426,19.15642785,2.641424819,53.30553901,21.53061133,14.47265697,10.79603456,9.158997357,0.555227609,ssp245,42.12589165
2071,5,3.582202777,31.48617425,0.705010398,29.37554383,14.61750139,4.945573082,2.530751289,24.86671089,8.732561203,ssp245,18.74502864
2071,6,56.34595866,40.87270796,36.25138973,15.05474424,39.53191335,46.41546186,18.18579088,21.20766559,27.95254807,ssp245,65.97863104
2071,7,90.09924239,179.5982172,139.5497702,22.93428865,91.58289835,245.8084033,180.4506092,57.98267337,107.3155295,ssp245,85.05347858
2071,8,317.7992176,126.4569122,113.5221676,213.7982817,640.2890535,263.2712763,121.9143905,143.2778827,235.6572284,ssp245,193.2039309
2071,9,9.422500946,96.81575096,52.41433842,21.78741247,26.40001063,43.92489755,30.29048586,7.178025112,40.06035992,ssp245,6.210481571
2071,10,3.008649265,0.134570597,0.139991539,0.84526325,0.039059888,0.670207136,0.963671531,5.31782767,8.467074586,ssp245,0.173373438
2071,11,4.982635786,0.006890311,0.564620038,7.114885863,9.124869398,0.189964835,45.65262481,0.699038105,51.775283,ssp245,14.84076046
2071,12,16.09271836,5.270077996,3.175937643,0.008686813,0.215022918,11.70629782,14.33107058,6.226893511,28.17017335,ssp245,21.40827164
2072,1,2.124123488,0.038719586,0.503937832,0.872573425,20.06100399,0.059130576,0.479861704,0.05345311,14.51564779,ssp245,73.61269069
2072,2,1.158084623,2.013796035,0.026088686,5.01E-04,4.788584141,0.114638721,0.943854943,0.533872232,0.50869522,ssp245,6.152518025
2072,3,1.57368828,0.328261251,0.712947288,23.9135857,26.70595089,4.694173551,7.470030316,0.547745382,0.953542015,ssp245,11.47797147
2072,4,19.29653742,22.59188361,22.92564455,16.10877443,2.052124239,28.16458925,45.19136135,42.36379626,22.506397,ssp245,26.77859719
2072,5,7.909902247,47.26000378,60.17012624,1.162410845,0.858192781,30.02744455,142.9855093,58.37793057,2.586352599,ssp245,18.86248755
2072,6,24.34183331,6.505086005,28.45236275,20.96886479,35.81945545,5.162609394,64.29137825,47.26703198,22.15328942,ssp245,3.784516262
2072,7,120.3364407,194.0851459,89.76761013,54.39458694,96.6341843,204.5830018,61.67674274,4.092402704,41.14960942,ssp245,104.5598415
2072,8,43.05268807,493.2130398,102.6837671,150.2393443,167.8083802,197.469381,80.74579349,72.26344325,376.821786,ssp245,210.8208067
2072,9,174.6452318,66.73198232,9.835491356,47.75822706,8.790777882,11.472179,17.70472148,27.48000033,11.41590647,ssp245,183.7140949
2072,10,50.31745869,12.11526128,0.233070385,7.562034587,10.9603369,0.738756949,17.02956993,0.300239379,7.832201405,ssp245,14.38759404
2072,11,13.72452185,12.18810008,5.130800852,1.076632164,0.183751488,0.687688373,26.26591937,0.051286494,30.17049838,ssp245,145.8673901
2072,12,16.51975838,3.300626591,0.341247916,0.152293074,6.885297052,4.149679278,9.571707099,3.012880656,8.562910159,ssp245,1.726777264
2073,1,8.123841592,7.676624682,1.390513506,18.71964755,16.45200311,0.15133377,0.27094056,23.08217337,1.339847455,ssp245,8.540618411
2073,2,31.14887702,0.003568987,0,4.582213046,1.93E-04,0.18147113,5.41464934,1.236804315,5.06E-05,ssp245,0.036224404
2073,3,44.94008392,20.29834874,16.83454068,0.290105486,62.21698668,6.924589912,1.030245212,0.18415146,8.616473046,ssp245,0.023407729
2073,4,0.170844182,8.90461316,1.777816086,8.077206375,29.44073463,1.952532526,44.42082746,13.08974351,2.429840544,ssp245,1.114543171
2073,5,18.60495578,32.83723382,12.1255205,44.55015466,7.846858137,47.03714725,0.034820209,9.495872579,4.757843423,ssp245,19.46191224
2073,6,15.50227985,82.8273653,78.28658732,4.571747012,19.89091836,24.19775696,12.65546456,51.07252417,29.434534,ssp245,41.84202978
2073,7,69.36888746,41.72722984,136.4619138,86.29872183,82.95457962,275.5407413,135.1481651,199.7642873,152.7193169,ssp245,56.42985168
2073,8,267.0433255,219.7066199,134.9836387,381.6211661,161.1922155,95.1900567,219.5965102,106.9867221,88.99229418,ssp245,30.81549369
2073,9,20.16757367,47.69321509,66.46494829,207.2156414,78.45243629,27.74322253,53.70913668,18.03704624,22.39757513,ssp245,20.26436396
2073,10,9.814359304,0.064545333,0.538825703,0.159481493,0.423662349,0.622412378,3.139189,2.118384537,0.273019349,ssp245,0.149910817
2073,11,63.14008018,0.164382047,17.57232855,3.868884821,31.34803728,1.660106405,0.460392323,2.865768307,41.3589676,ssp245,0.001688741
2073,12,23.12116201,0.074364341,18.33525874,2.613129847,8.685319013,0.053148172,7.103928826,25.4141822,0.0014849,ssp245,0.622867091
2074,1,28.81388697,13.72743687,4.511727711,3.608589793,4.529567495,0.059266187,0.183920867,16.30647449,0.240501381,ssp245,2.941363524
2074,2,5.69931403,2.244254572,0,2.656046251,0.556468222,0.008687531,4.21385138,1.426038972,3.070765484,ssp245,2.955825927
2074,3,3.34053272,39.26099361,0.575155318,32.40631154,0.073425345,2.407717652,13.8606887,1.545683913,0.284233263,ssp245,0.882559994
2074,4,8.828480217,26.04188447,2.300198424,30.99854039,15.22857443,12.68368476,57.96954277,13.79267954,0.343700293,ssp245,21.56147535
2074,5,18.81387999,43.47050749,13.84234789,21.08526268,56.07081458,0.382425395,14.16857508,14.4234402,42.81923054,ssp245,16.5469673
2074,6,12.48843311,164.752949,24.64855967,4.166304008,18.70547168,31.0949569,9.047044098,21.60634965,20.51590776,ssp245,27.10900403
2074,7,64.61403992,73.6885151,188.101899,295.2537566,53.15325897,260.0016141,143.4381374,71.38786813,409.5092867,ssp245,30.15599023
2074,8,209.838826,153.8379729,85.59059543,411.6351461,140.3255127,253.7010876,527.3454869,154.1172029,283.0227713,ssp245,95.53392775
2074,9,17.63454605,98.22543514,89.69582044,8.235771447,70.94317532,148.5645291,317.4609535,138.9117337,27.6290461,ssp245,37.62059329
2074,10,3.629232129,72.70515445,0.372236866,0.437904313,0.340921035,2.156618936,5.663761089,20.15323401,1.768139188,ssp245,34.28717706
2074,11,15.69596164,5.798452495,0.521734756,0.466253545,17.94073759,4.409944525,2.045665719,0.452761808,0.173145692,ssp245,70.22617674
2074,12,23.11007951,5.951657539,3.065904149,13.03370475,18.56359297,1.742624722,1.229425139,1.019648276,0.544084299,ssp245,70.39804006
2075,1,7.410954171,0.977007339,0.23403418,6.828048336,2.316267521,2.19415889,0.015303376,0.17285496,14.8652185,ssp245,40.48294687
2075,2,4.20E-04,0.4393761,0,6.453455078,0.349340486,0.15757018,7.372535982,22.43736206,0.663169179,ssp245,27.05898065
2075,3,4.405340026,0.206060231,0.217766742,1.13E-04,28.66902663,18.43545945,2.048567673,0.142907775,0.779445595,ssp245,19.23465541
2075,4,5.122064547,0.93671995,16.23066212,18.97208779,36.54357861,29.62643314,17.74227494,8.574508487,0.020845192,ssp245,11.7198486
2075,5,101.7563069,14.67211045,6.156973474,2.502485564,83.04774497,3.347531444,21.20220958,7.775901056,23.72475391,ssp245,51.78394206
2075,6,6.790642674,6.238744594,36.75066511,26.99168898,26.76515076,50.39725706,27.37586471,11.75555519,18.06764726,ssp245,35.9071914
2075,7,18.94462405,220.7564399,88.09644227,42.14648839,104.7133797,194.1788481,111.3944719,81.07086139,103.0168184,ssp245,67.51635889
2075,8,165.7751014,324.9207531,179.0265312,132.4229504,188.5949696,255.075767,571.4590485,150.2738887,278.8754029,ssp245,178.7101074
2075,9,31.18825069,20.63954205,7.593367999,37.85529876,31.67599931,44.86375185,151.8530553,21.16812081,32.36719411,ssp245,78.17993503
2075,10,1.987397537,0.128207171,0.02358493,10.4343185,10.85060459,0.545640424,0.012047581,12.73259207,0.088675066,ssp245,3.50016806
2075,11,1.312383704,0.149325961,16.20605255,40.52961898,1.532932849,9.273839242,27.10684405,14.30810772,3.092047105,ssp245,20.31803101
2075,12,3.5083462,0.272931704,2.797668578,6.322225582,23.42874692,0.277416031,36.60460581,58.06797533,1.602943648,ssp245,22.89997135
2076,1,18.93749573,0.150091366,18.99524796,17.26970134,0.732692275,3.039739638,0.173133497,2.50435493,2.153305039,ssp245,0.934848052
2076,2,26.93329091,0.142156872,0.095672761,7.281074501,0.813916199,0.191007546,19.05878285,13.22757839,0.013936719,ssp245,0.154473476
2076,3,1.07859925,0,0.32377957,21.78043537,26.32420358,3.360716237,49.10839703,25.74788306,1.586230994,ssp245,0.452892015
2076,4,15.05646917,6.517521529,7.418137876,30.94758083,36.87790906,8.069265658,22.91331725,15.39983743,5.987628071,ssp245,7.341524291
2076,5,15.73607527,24.74264011,3.410896121,17.98909925,44.65222024,40.69560553,25.66258888,39.37979184,27.18671263,ssp245,6.696009234
2076,6,157.6543498,20.73105868,17.0636448,94.04244101,117.6037641,73.40709939,16.524694,152.5807461,4.749570954,ssp245,91.94517877
2076,7,65.6562601,152.5373414,134.2018143,28.83816859,54.31025832,100.4622448,214.1954529,123.5911598,167.9614089,ssp245,406.737528
2076,8,137.3780861,212.0894559,80.57748605,198.5739064,133.765096,179.9818765,113.1473588,354.8818705,167.1442777,ssp245,365.5475623
2076,9,7.105559036,63.90866297,13.98827753,64.05516152,16.1203656,43.29766597,48.75268384,12.48443169,16.96407146,ssp245,79.46548179
2076,10,0.039814352,3.616554461,0.812897972,10.24920414,1.630548064,1.354627088,3.737683169,0.286675408,20.31072454,ssp245,0.073172453
2076,11,6.975626365,13.29956471,0.71306512,0.117331959,41.98297262,0,28.58064094,4.029518685,0.156726294,ssp245,0.002012071
2076,12,37.48263277,21.08357904,0.252339383,14.42581256,0.579165289,17.8582922,67.04825017,6.557541413,3.53502102,ssp245,2.880124341
2077,1,1.490950842,1.804741287,1.572367222,4.675939072,2.489188955,1.790614601,75.00207358,3.260005873,0.641882688,ssp245,0
2077,2,39.78611088,2.117465002,0.00831206,7.561296845,88.98026319,0.369154572,1.369108859,0,0.006741645,ssp245,0.310387875
2077,3,11.91495969,2.967903309,7.296693991,5.994971086,9.400993488,0,0.670487112,0.045985429,0.036237801,ssp245,0.269686046
2077,4,3.97977247,15.59727845,3.365562221,53.40826333,11.9185209,1.194211189,16.31883444,4.949851876,35.0657751,ssp245,6.002530584
2077,5,6.925029536,19.64184775,19.8511077,18.52088139,12.91449612,13.88444678,33.03495845,1.656162866,18.57983735,ssp245,17.8130533
2077,6,7.482497985,49.84442287,32.5424289,8.723789482,99.67658209,53.58429336,38.31068563,64.27575524,7.814779524,ssp245,3.69322511
2077,7,100.2902706,189.6196476,47.64107429,86.01209356,32.22921479,13.24650083,140.4329742,116.5767923,10.8490036,ssp245,3.727047363
2077,8,140.6830943,369.9546568,120.629329,274.6270838,107.1459294,164.4627116,231.593757,449.93629,151.7429703,ssp245,72.89019341
2077,9,18.55979597,135.153742,51.63157947,13.54634854,10.50285412,41.43545555,23.43941204,5.538758234,43.85898618,ssp245,63.68848601
2077,10,9.091334308,1.34045509,1.67209084,6.089043888,0.153291659,0.239559963,2.983577982,0.516200467,2.07175658,ssp245,21.23505439
2077,11,1.071560053,0.075047034,86.52575034,18.1585742,3.185153095,0.199480184,0.077372493,11.62814224,5.350186243,ssp245,0.358271782
2077,12,7.46174405,0.210516294,0.50938492,2.716240068,28.07363343,0.018945031,0.831883525,24.3525352,24.9799885,ssp245,0.137140891
2078,1,7.652509547,0.4029529,2.307330098,7.136542379,15.69796722,0.174119726,0.351288244,5.057670508,8.124100436,ssp245,1.318826917
2078,2,5.874245129,1.107698822,0.013165515,0.905745061,8.623806523,0.142303998,1.05E-05,0.22343547,0.225910473,ssp245,4.12298579
2078,3,30.62498665,0.033807533,2.37048232,17.68658513,15.22863013,5.219267937,10.92923507,2.877655624,0.233504173,ssp245,1.130552319
2078,4,9.143060819,5.133825825,2.957396344,26.16306749,39.10369519,25.1242114,0.586293145,21.48004757,22.6104891,ssp245,103.7184052
2078,5,41.15464531,3.289023533,10.78336776,62.47537901,5.138162903,11.58260829,4.613931535,17.1986675,0.115028781,ssp245,9.435508326
2078,6,40.41017194,9.78355791,23.83339548,50.34631713,6.212731134,69.89989302,14.48453342,19.73608838,31.32534638,ssp245,88.85555406
2078,7,53.06209197,154.9846474,54.94377394,43.40281332,138.7036395,224.3814939,193.5594833,121.116855,121.5689189,ssp245,33.09841853
2078,8,217.6501621,471.1358691,128.423094,336.6296649,155.6298968,176.5113885,98.39974294,200.903023,284.6440875,ssp245,79.98854883
2078,9,6.233634614,53.20710638,94.05989145,144.9757214,34.95056975,26.69815703,28.32024043,17.83634035,16.61313042,ssp245,12.55867219
2078,10,7.466108501,10.79025072,0.232219044,0.006433367,7.882236043,0.170291208,1.964441608,0.003399732,33.2453858,ssp245,57.51560121
2078,11,5.64207326,21.32799212,0.158800667,15.88592761,8.977867948,26.07991611,0.166470063,85.08869566,0.232026757,ssp245,83.53997526
2078,12,52.99152626,15.21627752,1.143201844,5.650781965,3.126014322,0.188400318,0.004925183,0.10019528,2.943534289,ssp245,13.25444264
2079,1,59.78157145,20.11353653,0.52243598,3.822082057,1.73320415,10.90652549,3.681246511,15.83843776,3.491159698,ssp245,5.192479162
2079,2,0.675789328,0.106532018,0,5.205255488,1.084914261,0.025152093,0,3.916752786,1.79829971,ssp245,41.12980366
2079,3,9.432792747,3.771392578,1.540179834,1.983219157,2.98E-06,0.066146155,4.505511371,6.966783784,0.105359122,ssp245,7.911718613
2079,4,1.444526941,15.21470013,20.23973724,16.04096006,14.0990264,6.921414693,25.42300097,13.94934862,9.434020183,ssp245,64.76406427
2079,5,26.39597137,60.84491188,0.896919675,39.43933066,29.17854266,4.071088006,6.864879798,51.10886928,9.755449887,ssp245,21.36468922
2079,6,103.9278601,25.94499126,30.53879163,9.193207955,109.614156,244.4918907,118.8873375,22.08402748,20.06703704,ssp245,68.90941823
2079,7,262.8549024,467.7047953,172.9457891,123.1514923,71.49216543,166.0197157,419.9516465,112.8499258,60.36614931,ssp245,79.78518605
2079,8,146.322074,284.3689699,113.7652691,110.9640188,156.0187176,145.3639228,266.5908863,73.76034023,583.0239988,ssp245,64.62521373
2079,9,13.57135571,49.92325088,25.81255893,30.48105956,6.731022977,6.865642311,13.04042727,28.95384066,84.98269152,ssp245,88.62287557
2079,10,23.84124751,0.998636747,0.140169879,8.205584333,3.741782665,0.288912735,0.001079461,0.003340469,6.07323286,ssp245,1.067044129
2079,11,0.345163132,22.29761051,0.841369791,1.150905155,0.012718967,0.598736021,40.67855571,0.727416839,8.799975647,ssp245,13.87482335
2079,12,10.1412114,0.5407037,19.24163528,8.118048154,1.660262777,0.184614281,8.538549666,5.357037832,8.286179268,ssp245,105.7381358
2080,1,2.703295377,10.61958936,0.660006072,10.54066355,18.32927889,0.123511306,2.581310421,0.546565858,18.81440406,ssp245,91.90927988
2080,2,7.334781108,0.256333885,3.27E-05,8.707217884,0.938485677,0,4.92E-04,0.266359739,0.054956275,ssp245,20.39730818
2080,3,17.05568077,10.47785027,0.677101159,0.007178654,4.147845288,2.697640349,1.400267874,4.488655833,23.62982379,ssp245,63.93413802
2080,4,11.5838715,20.55029178,14.99220983,0.159590598,26.38371871,34.02485431,6.42874377,52.80016136,1.357610946,ssp245,17.57850143
2080,5,6.992296522,46.6890605,5.380711436,0.005554475,0.317658784,38.52176651,85.3243751,4.682293749,5.211656132,ssp245,11.15297169
2080,6,48.81737908,29.22537619,18.31852193,3.822362836,13.13362246,114.5466218,18.62999563,49.15209856,17.61213742,ssp245,32.38713675
2080,7,184.3168495,99.57119873,51.1896183,187.4118312,158.7839525,39.536988,99.2674808,150.038095,121.8993494,ssp245,218.2939327
2080,8,464.0112074,278.5532313,63.00044509,459.065381,249.9384563,264.8928672,357.8323841,50.08800425,228.6336828,ssp245,159.5146119
2080,9,19.89665458,15.17488553,34.4493514,98.4528074,192.3404959,22.33649019,19.24074414,40.22744924,31.73031414,ssp245,26.67908052
2080,10,0.687786592,11.13662991,1.519001589,0.379645891,0.00203799,1.506492409,0.56850247,0.001158497,10.81014393,ssp245,63.71458394
2080,11,11.03817898,15.68690778,8.266506795,1.618965531,24.12741154,9.661218366,2.267354589,1.806897756,1.053640105,ssp245,7.580154352
2080,12,1.334587297,1.744193115,0.328410312,7.768338241,6.20928491,2.338214885,0.007255429,23.32560348,0.044071937,ssp245,15.44509248
2081,1,2.856707219,23.19818438,2.485556718,1.067525621,1.695947635,0.110470455,0.902023515,9.84E-04,5.400637164,ssp245,10.06164101
2081,2,17.82746011,5.084839468,0.072787823,3.966702479,0,0.734255141,0,4.007337437,43.87511736,ssp245,0.148182851
2081,3,26.03092889,0.127340164,6.620883917,6.969965318,8.18642541,5.684467225,0.030501087,16.05146852,8.464933729,ssp245,0.501340211
2081,4,13.27170269,3.366941188,30.50175681,18.05174854,46.70559083,39.13649998,34.56864346,67.41539942,20.32475195,ssp245,0.368823083
2081,5,45.81948059,14.29569745,18.16063124,1.755180015,45.64247591,3.903811366,1.708757046,84.61973545,1.126824508,ssp245,8.154346716
2081,6,8.313310714,12.49979262,32.83295475,31.12273492,16.58778906,118.2726564,46.30924402,69.34108039,17.04473219,ssp245,20.08238727
2081,7,281.8878444,213.7405565,145.0011417,301.0731633,213.0461176,133.627146,61.33913094,141.2715408,291.2411695,ssp245,397.3216539
2081,8,155.4562727,415.4213979,284.7643086,430.7842605,185.3957098,283.7698548,186.2558604,121.6540039,364.3072872,ssp245,335.4170618
2081,9,19.9462442,235.8763729,62.31133331,87.56985216,37.30564446,16.82972137,8.498070417,25.37489247,27.36439276,ssp245,172.1080805
2081,10,2.833564829,0.002517225,0.043403336,0,0.058937856,0.392633893,6.151131228,3.396556896,1.456560511,ssp245,3.474082979
2081,11,10.10685766,0.017060578,0.075690192,0.657421056,0.335703075,3.817924012,2.003074931,59.86659254,2.800773429,ssp245,0.060630394
2081,12,0.102174616,3.253763018,0.202078572,3.972394504,9.483328082,1.093849247,5.949878714,10.40834534,0.531955571,ssp245,0.018912974
2082,1,0.22544358,3.410508471,0.490763545,3.070830751,0.679310055,1.180118725,4.711193882,2.731224404,1.22523511,ssp245,0.001653424
2082,2,1.629488268,3.007221976,0.782136451,0.200246947,1.556852945,0,0.913560087,1.155837375,0.335368686,ssp245,0
2082,3,0.976310339,5.093767841,0.522619477,2.515418233,33.87900446,1.454364336,4.98380084,3.961599845,0.03397207,ssp245,3.767980897
2082,4,19.86119492,4.731311849,5.87255851,6.291973804,2.428333013,21.22723926,5.904623945,5.439860158,34.59016449,ssp245,4.945162286
2082,5,34.14018628,22.8839996,2.130479061,36.82413265,29.89382803,44.14449342,65.60134366,15.97937947,9.537734065,ssp245,5.681417384
2082,6,79.56392603,9.155531435,22.4406804,12.8835671,45.01354582,5.474114057,13.5713045,47.6576635,40.38908741,ssp245,27.85510501
2082,7,215.8826795,493.1644566,60.99965103,156.1650595,55.74266649,310.2219706,208.359799,89.80899278,37.00469573,ssp245,80.31259213
2082,8,70.93265111,217.5089879,103.0868854,256.5455926,231.7579173,205.2853508,105.569943,96.35227912,113.3879452,ssp245,149.4103537
2082,9,56.65307599,106.7402358,20.49801206,5.04938687,1.970893675,41.64962954,20.61453019,8.751267569,10.11752216,ssp245,37.9323803
2082,10,4.472702405,3.169702823,0.507316129,7.540454851,49.78646563,0.54781794,4.280170922,0.03667733,4.953801951,ssp245,3.014114776
2082,11,25.61085827,0.005240583,3.699235242,1.118556672,2.334870864,0.092977154,0.037476978,1.845085986,8.675282852,ssp245,1.928804784
2082,12,3.7523112,8.066748824,13.90772837,8.027418322,8.321097243,0.050920674,3.168488023,2.093441984,53.59755907,ssp245,0.248868185
2083,1,19.28221463,1.924247019,2.851774851,8.406470846,1.021808927,0.009207502,4.769845393,5.357250255,5.209805119,ssp245,4.655701293
2083,2,0.366401732,0.185856472,0,2.01E-04,0.583379481,0.283748699,0.612837202,2.912444389,0,ssp245,0.045107381
2083,3,0.396330847,0.018595275,1.066161022,18.90487469,9.102584771,17.80377804,0.829262468,0.250142887,22.47730438,ssp245,0.044594912
2083,4,10.12569563,10.5099523,6.318567259,2.926985747,1.147555976,27.54156424,34.30360542,25.23402823,18.49383806,ssp245,4.324121478
2083,5,9.508599968,0.670237683,5.668624741,11.8999828,25.12329294,11.72167366,10.09214701,109.1245294,49.94651241,ssp245,34.13880895
2083,6,62.02973857,77.41146447,51.88889751,15.92422469,7.946997712,15.85168594,19.74634448,65.69017429,32.63624459,ssp245,55.8740922
2083,7,84.54917892,145.7435201,104.2537899,236.9763359,44.50535625,140.9994922,187.4689132,48.27963109,47.45109178,ssp245,42.97069239
2083,8,165.2552975,169.0684487,91.4070983,161.8277298,253.4162554,334.5020874,282.757198,66.20324029,98.91632677,ssp245,216.746591
2083,9,12.14673913,15.11177464,60.2712221,209.8918942,58.27149088,29.06074953,38.07936845,30.02716862,59.93250682,ssp245,29.38176319
2083,10,16.01792663,13.57423679,1.382970941,0.009260628,16.8844131,0.196031448,9.126133691,0.086753082,49.89007361,ssp245,2.675338504
2083,11,4.74E-05,2.030097616,2.795104097,0.006560783,22.97273107,47.80091822,0.304808531,1.078052633,59.05146883,ssp245,0.538180884
2083,12,0.62733214,0.05390389,1.79891864,0.210937888,6.648727082,0.719336422,0.104512211,6.26853145,1.218626539,ssp245,8.020974913
2084,1,0.309357032,0.017649629,0.193297672,1.794410664,1.435891135,0.266346195,0,2.755298651,8.193949264,ssp245,15.06949011
2084,2,0.062092776,1.364694598,0,10.94930593,4.51719738,0,0,3.782748923,0.013766166,ssp245,12.41095282
2084,3,2.330674881,0.147458163,6.17660509,5.234605585,1.17580529,0.694557314,5.654253276,13.1023283,10.46541293,ssp245,5.504358279
2084,4,0.052297861,0.004925735,4.044554931,11.27457662,17.69200869,7.448108829,7.001326963,19.2335913,51.40742167,ssp245,13.16105114
2084,5,29.41637828,1.048235953,14.61947556,94.90326898,69.91394069,33.88987076,11.15347057,22.83090877,10.07718365,ssp245,22.45959829
2084,6,46.86569592,16.36800113,33.05878433,78.68980656,38.50258032,100.4981667,3.377963896,12.23930959,29.22176108,ssp245,15.13918514
2084,7,159.4124106,97.86322433,41.61068457,116.4928192,78.5992408,166.9357353,275.7525158,70.80302035,10.37834278,ssp245,84.33911625
2084,8,219.9843887,221.4803578,30.95045287,85.13204499,283.2013142,52.13244482,173.6595359,374.3875112,235.5054479,ssp245,213.5272164
2084,9,53.67569679,11.5454871,28.2527509,25.54668804,7.6212759,22.5692923,32.09110039,12.62739025,30.27775321,ssp245,68.17477317
2084,10,0.332716576,12.87183192,0.078727926,0.808224882,0,1.094945239,0.209808223,0.364738039,0.605390573,ssp245,53.47908717
2084,11,0.636387674,4.351133746,72.65465897,14.10404623,3.019808074,12.71700114,8.830168764,1.086936027,7.305404716,ssp245,1.838142233
2084,12,0.332400595,0.086384119,12.93268688,3.215367266,1.601069289,0.877918116,4.142069404,19.00939932,2.205978197,ssp245,19.5638877
2085,1,7.90094799,22.03110928,3.18220578,12.90238017,1.716599524,0,5.309356441,5.223129426,0.162275383,ssp245,13.63746997
2085,2,0.055206893,0,0.88319977,0.202514726,0.492867991,0.058586977,0.34685318,0.009655279,0.359727183,ssp245,1.172742345
2085,3,12.78464656,1.128487722,2.601909147,0.002831652,2.720760699,2.696398826,14.63508449,0.674074079,0.354629718,ssp245,0.571244238
2085,4,6.751106516,30.76713448,11.36902778,14.31742878,20.63458291,4.483158233,8.917827763,3.511177279,10.24743225,ssp245,0.132357301
2085,5,2.207057895,64.43525929,2.435007444,48.08780197,95.85521275,44.02360557,47.01567785,70.90951919,112.8291555,ssp245,0.097519997
2085,6,71.23534322,5.070475906,27.03077889,44.58630929,0.834785287,54.07355772,48.9814736,2.004240856,27.67014999,ssp245,63.47396923
2085,7,87.79119128,147.849043,112.8863614,37.05974046,83.03302071,89.90105073,193.5142088,119.2312286,44.34348442,ssp245,123.8337288
2085,8,21.64060696,213.8898219,136.2877003,137.4340419,62.71323363,76.31427122,166.9310447,225.1378777,217.8345572,ssp245,173.6342964
2085,9,13.3173253,46.8386481,18.63334325,66.6424734,39.28384076,18.08823276,26.29890122,13.49183934,30.42170816,ssp245,42.85182616
2085,10,7.989726338,92.02499662,3.415964797,0.113956523,79.54450575,0.174947391,1.041922833,0.042477131,1.830985475,ssp245,0.404111121
2085,11,9.041405698,129.6704292,0.541797603,1.086697153,26.27446696,4.190466795,2.346947528,82.87022973,5.61953588,ssp245,0.391680466
2085,12,0,17.69237499,2.189865553,12.48140063,1.636555269,0.01098963,0.015030456,38.4342778,17.36600395,ssp245,3.06E-04
2086,1,0.03271881,9.975731993,5.807373099,0.246911325,7.918485324,0.047926998,2.932914231,3.621391124,0.99235803,ssp245,3.667778816
2086,2,2.42E-05,10.26858141,0,4.476058478,1.648868263,0,3.123496055,0.698594539,0,ssp245,0.893002813
2086,3,5.840177884,12.90564468,0.148363212,0.85894343,0.258447337,2.621666075,7.20841171,28.0284119,4.699518197,ssp245,0.009224972
2086,4,9.164916751,16.05716298,5.525271547,8.54799768,17.56902096,12.87892778,35.40346924,9.232980033,31.90734793,ssp245,0.075794054
2086,5,12.97137493,46.93091721,2.37308785,1.088968921,15.50809545,60.34450926,6.351929401,26.159106,98.74690025,ssp245,8.441716418
2086,6,3.725605472,15.97578139,54.39249208,3.760420328,45.51350441,44.68536238,135.4578184,13.95610885,19.70158097,ssp245,32.86561703
2086,7,73.9258391,257.7937278,156.0550279,437.2959814,8.071759762,71.77796773,128.2726137,74.94194229,148.3340137,ssp245,18.74447836
2086,8,126.2613801,351.6179203,170.3071934,618.2784274,87.19326415,57.45386458,168.7614165,69.55939521,47.16419003,ssp245,99.54816072
2086,9,33.58750384,40.01066187,26.10614054,251.9060528,119.9339574,45.0796046,263.4823095,16.05648066,71.80777145,ssp245,21.85813627
2086,10,1.434566004,0.398341677,0.243601213,113.1611794,2.35E-04,1.229965174,9.538857592,0.642501489,0.045515719,ssp245,0.623254903
2086,11,55.62991965,4.049314447,9.608046783,34.24121443,9.45279144,20.01133284,12.14034828,0.820597573,4.129152395,ssp245,31.61465347
2086,12,0.767080898,6.615698925,0.086384246,6.938592404,12.51977535,16.33826854,0.340912746,27.37287105,9.298321847,ssp245,9.949538874
2087,1,3.625760951,2.707146371,3.525040629,0.01041759,7.312130818,0.115934983,1.861809946,2.173982587,24.41953277,ssp245,36.74256088
2087,2,13.35910803,0.430820209,0,0.001777216,0.007343854,0.227739433,0,0.597361732,28.24659466,ssp245,10.75378333
2087,3,13.50318961,2.848059239,0,3.842728588,0.108764863,5.252444783,5.216671216,1.985547691,4.223758008,ssp245,69.44919094
2087,4,27.8954191,9.185494372,9.213680492,59.53787442,2.447778709,62.42052343,12.29200177,44.86913986,0.761913786,ssp245,22.0465762
2087,5,22.82564548,0.152456348,7.439328946,45.46319738,28.21677895,1.204387074,58.11556575,5.075627711,8.008288006,ssp245,29.48303913
2087,6,52.63194401,85.78122546,18.9987047,8.378792452,19.27581482,47.45577199,23.91035157,14.61339818,19.73094316,ssp245,28.5208799
2087,7,100.692119,333.4096231,109.3127383,139.5567582,132.3834712,71.58584788,184.1545602,62.77353675,92.77426103,ssp245,34.37802151
2087,8,30.2110815,470.6555525,84.80365079,88.16570121,627.3031421,111.4112987,106.2615309,152.5309364,171.3693702,ssp245,125.8507304
2087,9,9.737325332,187.4279979,29.62427851,20.49735012,153.2785109,21.9092247,6.462972032,30.59042579,18.84827443,ssp245,59.31998492
2087,10,0.00360402,50.84404456,0.104951428,87.07051372,0.001371351,0.056101753,11.09974182,3.22106487,7.853023102,ssp245,3.412272138
2087,11,4.785844761,17.89559284,9.011566264,12.20574649,0.001462089,3.739954307,8.581392923,53.80166957,22.24215565,ssp245,8.960158214
2087,12,15.18619417,0.237727881,6.64081279,7.894314946,8.655464181,0.005505134,5.740908649,15.56664843,11.03998684,ssp245,0.009129561
2088,1,61.85313391,0.948687544,0.98675407,8.918014662,8.853724401,0.020053397,0.131181366,29.25557983,2.64429509,ssp245,0.732744095
2088,2,30.22003661,0.001864479,1.120993126,7.993083905,16.62812331,0,31.7232589,2.135728413,2.564474342,ssp245,1.746498952
2088,3,22.7778216,3.152283476,2.299493232,3.410663921,7.341197401,7.787733976,2.335893747,0.217061322,1.284454616,ssp245,19.08219605
2088,4,49.679501,3.509749863,12.26851899,1.466562061,42.71365208,0.96489712,33.05648771,5.60255857,0.261500461,ssp245,50.37019785
2088,5,27.70427537,48.15768007,5.136746934,3.851277972,31.37670931,1.012923999,6.542072377,5.303978946,6.06225855,ssp245,27.53669675
2088,6,54.35684043,88.86209779,69.59608893,11.80627258,27.9910287,64.07704713,100.0668431,46.85390654,8.800407462,ssp245,46.82187287
2088,7,49.11924888,388.091964,102.2748877,129.5924531,185.3724902,369.2701825,91.62956729,65.51817928,47.53567046,ssp245,108.073817
2088,8,48.86034952,507.3541053,79.83702562,344.3453702,19.89460328,250.3651687,177.6193688,37.21362668,415.3665832,ssp245,78.17643685
2088,9,23.00596493,99.80932811,27.48556536,15.64852997,0.481597398,30.53990111,77.17679922,9.188766414,80.45759752,ssp245,37.37881085
2088,10,16.44662209,14.40393625,0.102192249,3.973145747,0.023094197,0.00671596,1.006658506,1.002568538,2.719569525,ssp245,2.05727115
2088,11,23.62174556,0.545115876,11.34519751,2.092036449,2.297025696,0,4.227793099,70.08452569,15.38426547,ssp245,2.489428287
2088,12,1.499329181,0.854124945,2.580839663,0.200006362,42.14489325,0.361771727,1.484187622,17.39982751,1.861950295,ssp245,13.93693817
2089,1,0.18149041,3.094173061,2.00571958,5.900573675,20.89131148,30.82025603,0,5.520708953,2.454831646,ssp245,3.076464061
2089,2,0.572547166,0.402590694,0.012906989,0.757937579,1.023470352,0,0.005005881,13.13697565,5.148207212,ssp245,1.17573668
2089,3,7.131294915,2.234867781,1.421356419,1.339265319,2.366292329,1.793472274,4.2285744,16.2788248,0.377643206,ssp245,4.741262287
2089,4,20.32780272,1.13352939,7.798059402,6.832643844,17.94441369,1.18910138,6.09114501,1.442192872,1.40784383,ssp245,103.232774
2089,5,17.43729376,13.7922871,0.883311346,10.15538349,14.99374705,9.95339072,5.882916098,4.232562121,0.84596198,ssp245,54.34147651
2089,6,14.18123176,10.57616825,13.39660849,17.53819757,50.9756502,92.86819921,20.73989753,30.99415625,21.76762899,ssp245,55.60753355
2089,7,98.08977281,227.0561907,72.79218883,79.05604433,56.56809694,78.05362035,509.1266182,205.3140291,269.9856431,ssp245,128.2730569
2089,8,169.892278,176.4830069,132.2101104,174.8145596,4.048732451,228.6652371,486.7648162,196.4412922,296.254066,ssp245,86.57033935
2089,9,40.9345021,19.01374162,4.50445661,105.4976992,16.46009678,19.14138681,47.30771322,164.9907523,21.25392661,ssp245,42.98785642
2089,10,5.487253657,0.461078231,0.807418237,0.370912235,3.706451809,0.164694789,0.093308303,19.23841487,5.176596984,ssp245,2.495511109
2089,11,20.62302845,7.579253869,4.091452253,8.859343472,73.57178493,20.38244822,1.33E-05,172.1552995,3.314912471,ssp245,8.489010837
2089,12,5.83521341,9.395308361,8.592966149,0.197328748,20.65234475,0.038874317,0.425922449,12.42738012,0.14368861,ssp245,33.83212732
2090,1,1.239166963,11.35542991,5.575069512,4.43038274,7.406675513,0.184887571,3.456863579,29.30188492,54.16810632,ssp245,37.41602926
2090,2,4.145468883,0.002864434,0.262846147,0.724811966,1.970055348,0.008568273,9.70E-04,0.003393029,0.574432242,ssp245,59.16231765
2090,3,17.76049503,14.32269363,1.453392952,14.81188083,0.863388173,28.97911546,0.048142871,8.906979636,1.688854679,ssp245,37.96827821
2090,4,22.86917423,7.940655407,16.97362009,13.90658952,5.92E-04,14.15057126,19.1317804,6.329058233,18.41094336,ssp245,52.5239317
2090,5,21.69516693,39.09056002,20.09387825,2.183152445,48.7222336,0.158732019,29.95767233,24.57459459,4.084228688,ssp245,63.95055295
2090,6,61.10218671,135.34003,12.62033176,55.87910192,1.042147982,44.34280364,187.1721176,31.63033262,26.45213735,ssp245,44.11987813
2090,7,159.2006649,229.336661,189.2465311,133.5125489,113.2758566,37.63179084,104.4094209,77.25667822,90.72829447,ssp245,279.0307091
2090,8,530.9861351,212.0240913,70.44157867,70.95090428,323.4662672,169.5353419,168.5382812,86.10626478,233.5684452,ssp245,229.8424975
2090,9,5.90381866,39.83236329,20.86063472,45.29129216,26.8575783,88.70764429,40.72648913,16.2338675,4.828998986,ssp245,54.1633322
2090,10,2.105531402,38.62204242,2.260026263,1.985770827,2.74E-04,0.708678142,0.474905326,0.166885471,17.43405141,ssp245,0.71206341
2090,11,34.25870714,5.873631678,27.5922864,18.09137652,5.97E-04,0.485380181,0.373073294,1.740818924,0.006695344,ssp245,6.244397773
2090,12,21.9257103,0.190094895,5.073103761,2.554921656,3.833559676,0.188564018,0.252860384,13.62853938,0.37634288,ssp245,15.98779235
2091,1,20.22157052,6.319011557,0.577696147,149.9092111,0.702749025,9.638066443,0.107146267,9.124186243,5.000154413,ssp245,2.816916514
2091,2,13.89564046,5.714135046,0.02009439,2.36E-04,5.335264779,0,0.001474101,0.15163303,0.020836886,ssp245,0.317605582
2091,3,0.891044014,0.009408289,1.868253598,16.28712547,0.25199089,4.117108537,3.138970158,25.89227432,0.416963832,ssp245,0.047884765
2091,4,8.198664867,16.92327794,16.9879091,3.241070756,30.12058284,5.528325411,23.45522813,28.43822923,53.79996686,ssp245,5.903436318
2091,5,4.272828227,11.64047961,6.364408121,36.91505698,23.94807337,68.20486965,26.62583447,77.59225338,33.8918363,ssp245,18.13051032
2091,6,39.99717876,51.77498392,57.69736885,28.38131645,0.331492908,60.39770208,66.10858378,54.19284198,5.758967419,ssp245,33.38656985
2091,7,85.1788744,379.8388085,91.53417214,86.48801051,73.32300889,248.2954203,141.6802299,100.772973,158.2034643,ssp245,154.8551163
2091,8,70.19456146,58.90543959,125.6447581,134.7437746,78.29322222,47.64219011,364.7383249,287.8297277,209.3220624,ssp245,195.6289161
2091,9,46.68543487,18.62090707,40.71018756,27.43517836,15.64893349,83.11372451,96.1242092,122.2362375,23.02079148,ssp245,132.5396312
2091,10,73.43651481,2.522434128,0.065533125,82.52573249,0.02654469,0.514369508,0.217263777,10.87917052,1.661371885,ssp245,0.523906722
2091,11,2.221452345,2.65E-04,45.69648835,33.11204971,0.56551054,1.840631864,3.633472138,15.55451776,25.62050444,ssp245,0.907728382
2091,12,53.91857712,0,0.982727635,2.266555769,3.365076324,15.45248391,0.056821268,2.600313437,1.329732257,ssp245,25.2675201
2092,1,20.37527893,0.017958566,0.558077518,0.168793366,1.727324344,0,13.68315535,18.14069302,12.40773504,ssp245,1.214894708
2092,2,4.881345551,0.15477283,0,0.666618483,0.044959845,0,15.40228156,1.652084893,14.99215952,ssp245,2.858453894
2092,3,34.03766605,1.727936464,5.225930171,30.22841309,4.512449123,15.67159949,1.204658856,1.75E-05,0.043324767,ssp245,4.049211442
2092,4,2.06120649,54.11096862,7.795564703,30.77479282,0.336840439,11.69266814,11.36155962,0.785496774,1.61839877,ssp245,19.4403636
2092,5,29.50704332,58.47189017,5.421749442,10.1148707,24.57634436,21.50595821,12.31198089,5.534457386,7.396961504,ssp245,0.761906167
2092,6,60.01773901,7.627435488,53.46105387,25.7684378,48.55157892,36.10380876,60.08786595,20.90205878,7.282708876,ssp245,15.39239073
2092,7,31.37929792,200.9394509,150.0899428,479.7614864,84.17790304,349.5702142,236.129068,152.1847374,19.25876678,ssp245,163.3045524
2092,8,314.2967728,248.4988431,39.94568878,493.2000073,28.77412729,387.7515573,121.9466899,80.2918154,92.84270812,ssp245,78.86889692
2092,9,14.20112938,15.04517326,71.74484261,71.28579486,38.78062514,6.324024199,50.08432096,59.28116013,25.44910339,ssp245,143.1503963
2092,10,2.221130384,1.267944369,0.578510011,1.239941159,0.615065887,1.056272333,16.99665058,0.021668819,0.685776721,ssp245,6.979388459
2092,11,5.667577725,44.1984469,25.23902505,0.008029543,0.856963638,14.19680141,8.715775571,10.8188463,33.27126509,ssp245,56.76891207
2092,12,0.230485048,0.150108801,2.973752154,1.269403029,27.91453499,0.077606828,22.26800969,0.517921519,3.116633277,ssp245,56.70299711
2093,1,0.050681258,10.43987631,0.273455224,1.341709237,9.603837408,0.921128268,0.230067966,1.882241451,10.95573938,ssp245,36.75894464
2093,2,7.993039898,4.919849199,0.021865645,3.051754257,4.422111361,2.024341034,45.32288793,2.511716177,8.444105159,ssp245,33.32324996
2093,3,3.541217085,3.462689512,3.674633615,1.864412698,0.444039245,18.73210925,19.37670003,1.616009185,20.76087099,ssp245,5.032490652
2093,4,41.31344815,29.57358424,5.366351119,2.541019887,1.317694312,2.743772042,6.000815049,36.29316436,89.90086303,ssp245,42.60070037
2093,5,37.13612747,11.57821297,26.34917457,11.34086948,39.481047,6.511728946,45.8116878,4.749508714,5.787100323,ssp245,44.06410928
2093,6,74.00108254,79.19680365,36.9559729,7.785097861,29.45600439,32.5389485,24.33145526,60.30033648,27.65845815,ssp245,20.21881827
2093,7,80.19253513,216.3772292,101.8958844,140.9044373,261.5864456,126.9939952,98.03948369,155.2864041,125.3044893,ssp245,102.8516959
2093,8,97.33777931,439.6721607,99.34039223,480.4240441,212.0031072,105.6516716,299.9024498,113.1566228,184.8525791,ssp245,202.9689068
2093,9,25.60557755,77.24549194,43.57711101,25.15689363,0.694020109,71.42093966,100.9845244,8.153661118,13.57194688,ssp245,53.49607878
2093,10,8.350247449,2.304734067,0.589890158,0.285987812,1.150331262,1.246667035,12.82869898,27.7203652,5.614075488,ssp245,2.459950759
2093,11,29.42196622,0.09085467,3.247995509,0.197269806,2.381284298,23.35108353,4.99E-04,12.57946724,13.6794318,ssp245,4.426194229
2093,12,23.95458873,5.104195857,8.69500453,6.444056027,5.591788663,3.421756569,2.200957782,12.29083777,0.945518285,ssp245,6.726066283
2094,1,20.85069383,0.108775783,2.702582444,16.87232555,1.468577033,2.131616186,0.320482371,0.001109769,0,ssp245,9.378126089
2094,2,9.716558992,3.870156555,8.51E-05,0.058248689,2.86135953,0.39431826,0.125521735,2.547114859,0,ssp245,0
2094,3,9.218606341,1.431327204,0.431959394,0.729863611,4.04E-04,0.05016189,8.751796358,9.259453147,0.483138728,ssp245,14.48464238
2094,4,19.45585192,6.307953308,3.599345102,10.47614476,18.70746153,2.236271551,28.41862124,45.80926959,3.684226789,ssp245,0.128391919
2094,5,80.92379233,0.970934731,1.30899775,46.98248918,24.85572452,2.773542299,6.926969101,57.89631539,19.47606774,ssp245,0.609657992
2094,6,22.0720529,77.29413815,12.04227972,24.34921724,6.656802392,40.24883245,87.34740406,86.94165801,28.24384556,ssp245,1.679496965
2094,7,154.8187924,359.7842616,105.9349803,119.8312196,43.55498323,72.15788723,297.994458,121.5879779,198.9558674,ssp245,32.95383283
2094,8,160.1975818,239.1582251,117.7452991,75.80434013,175.0816355,234.7174248,250.0038611,485.8668656,522.5140429,ssp245,123.4331958
2094,9,29.5840965,116.1367205,6.617033138,29.74978913,13.84627274,48.38609945,58.97826053,11.77711391,224.491,ssp245,84.83342205
2094,10,3.060373133,50.39349022,0.185429468,12.47152927,5.021848494,0.958640675,3.204497423,0.028377197,5.720873198,ssp245,0.030073371
2094,11,39.70525389,0.763789917,18.36317546,33.21037377,25.41376618,1.418466914,0.115359695,8.805573838,0.443136275,ssp245,0.066797608
2094,12,50.01071641,11.49516394,6.370467412,15.19679811,13.82890645,0.238535337,3.725792495,2.922198462,8.798420057,ssp245,0.208075171
2095,1,5.492684797,2.787721188,6.218921786,34.36700157,19.07515728,0.15622652,0.296897799,4.073385772,6.498665597,ssp245,1.321930034
2095,2,17.21942325,0.173172678,0,4.910069912,18.26054166,0.891254878,9.613676944,0,0.144823504,ssp245,0.545405087
2095,3,16.10797873,2.73702573,0.777736566,35.76236792,41.50725993,2.061512538,9.000351082,4.158455156,3.628125637,ssp245,0.093378828
2095,4,5.871264939,4.095412629,2.134460421,36.85389199,1.300148113,11.14345666,15.0205437,24.65914258,4.151853338,ssp245,4.58899174
2095,5,12.80117735,80.0120516,5.603986356,25.15429226,71.73616875,17.86496609,12.19347391,1.412769477,3.366805737,ssp245,12.94841224
2095,6,60.37739303,33.59964046,40.31031096,2.504721157,0.289973846,52.70970535,46.32753699,79.60565292,11.49873123,ssp245,52.05043542
2095,7,658.842087,138.2111262,50.45799173,77.21450836,26.28395368,92.58174154,113.0229774,226.1419537,93.09549086,ssp245,237.9324064
2095,8,438.3263976,188.5038224,55.42147145,277.144969,86.04124611,242.1381862,269.7144658,130.6148707,151.5631932,ssp245,81.83219311
2095,9,30.57189064,13.29982758,14.94163204,14.71575322,15.5749542,31.0451209,59.81999884,49.27103276,48.14916627,ssp245,27.40106611
2095,10,0.811841743,96.04588861,0.172423977,0.130435636,0.002239138,0.05994157,0.349437166,19.30488977,4.759007029,ssp245,3.464161246
2095,11,35.35598424,82.73959983,0.319418343,0.564752167,14.91971232,0.180659749,8.877840307,44.35144683,33.48476142,ssp245,3.630942945
2095,12,0.545415367,66.11391625,1.896754796,0.04459561,28.31374308,15.34369415,2.159025788,0.039718997,3.504271094,ssp245,68.49893495
2096,1,5.753084279,25.4480776,2.453252176,4.819306314,10.07402438,0.241605971,0.001929192,0.837532238,0.119965744,ssp245,9.491969329
2096,2,0,37.31727904,1.138194685,8.23979009,0.131405818,0.372618482,0.002601043,0.496216188,0.015829727,ssp245,6.170284351
2096,3,0.294616137,7.448331231,8.147560556,0.030162256,3.366729882,0.919766663,11.54113981,21.67473413,8.581771946,ssp245,16.96178848
2096,4,7.200215509,35.21115122,46.57877385,0.358693137,79.56717215,8.8281501,11.9562532,5.310896114,0.939960561,ssp245,1.833837433
2096,5,0.763668413,92.72908909,45.54928885,48.65774791,47.6549142,1.256977956,7.101517989,67.71548878,7.764252788,ssp245,21.43678997
2096,6,37.64044195,200.3877913,10.31010312,22.82369577,7.533789124,7.910551486,46.98568146,9.61979855,9.347383749,ssp245,47.08213633
2096,7,536.8418455,181.999044,166.5445979,124.3715543,132.2363153,115.4295629,186.1738866,307.4100151,116.074143,ssp245,98.39370048
2096,8,115.4130934,573.4160256,59.23140276,144.3198256,308.6370657,284.2732762,290.7033001,111.177394,299.9985931,ssp245,167.4364116
2096,9,85.15249487,121.9808583,15.89050494,47.15919295,29.8427977,61.18121224,48.72918062,16.72386539,24.49906777,ssp245,43.66735157
2096,10,6.262188524,2.496441774,2.797398526,0.034344744,5.142939606,0.035916024,0.168620778,3.287409546,3.515974645,ssp245,2.033116669
2096,11,0.150416976,6.355424459,1.105107734,0.052487917,0.65521193,7.440157076,0.614459099,1.53958305,10.00994422,ssp245,18.07460304
2096,12,4.497333922,0,0.87822463,12.28757893,3.484316181,0.649357107,8.473823916,1.197904717,10.87721618,ssp245,10.41395563
2097,1,32.50633132,0.108580339,0.261113094,0.680947765,450.9622284,0.04876667,0.007593388,0.986597012,0.624362103,ssp245,56.1668632
2097,2,9.474860341,1.579602385,0,1.626886891,3.717997376,0,0.435974582,1.457467696,0.373148488,ssp245,42.19419535
2097,3,7.592340479,1.092429675,0.595575477,2.437808468,0.081627066,0.010044687,35.48639344,11.81169279,0.638484815,ssp245,73.24090375
2097,4,14.59322473,11.77948271,133.6921736,31.32098085,37.43177631,30.26134806,31.14298605,18.80389928,4.029736527,ssp245,26.24832277
2097,5,13.53335985,0.674687145,80.14984722,3.13134116,17.006183,42.95626299,91.96719435,28.27788796,2.828033929,ssp245,63.7882583
2097,6,97.29778871,32.96622802,10.41060676,61.93912793,45.74954746,14.95604108,13.59054957,89.06619122,62.87631363,ssp245,44.55899551
2097,7,98.54466184,234.3338493,169.0597336,102.9267986,80.58119448,125.5571491,176.2868679,37.79943318,111.3766178,ssp245,124.7611302
2097,8,178.9246045,396.9628342,85.56269863,135.2092729,70.31742743,287.6443908,149.7478633,311.1953043,376.4321813,ssp245,184.5520248
2097,9,59.03548297,46.46202611,38.59342736,51.88998205,14.67169549,14.88675468,128.818165,17.87870206,33.74460007,ssp245,12.35298063
2097,10,3.530427637,7.075974084,0.593455411,1.497779594,25.50349057,0.553295468,5.251742967,0.298788168,2.037605311,ssp245,7.480465779
2097,11,1.183115825,20.42201328,0.183179855,0.826056547,2.186288243,0.793816595,0.080953076,0.306863085,1.84435653,ssp245,19.79513024
2097,12,0.545350635,0.028653284,9.280845084,0.015044999,15.53861113,8.621430553,0.0037055,6.635423101,43.23427433,ssp245,51.52560079
2098,1,0.203096866,0.594495244,0.202257354,0.397160578,0.289944652,0.006026276,16.06035566,13.91065504,0.155374255,ssp245,18.18909291
2098,2,9.572279842,0.089002142,0,0,32.03497778,0,32.62499801,0.458695121,7.544427758,ssp245,74.19475404
2098,3,10.58115247,20.61514875,0,0.888731684,26.87769107,5.052195245,3.414410673,4.937193617,0.402756082,ssp245,18.9700965
2098,4,22.79562604,5.395846834,1.065027658,9.143086933,68.91527951,32.01946609,4.446771297,7.497920885,1.460102763,ssp245,40.12413111
2098,5,16.91953873,2.232645668,2.544245337,31.53704447,21.73174509,4.297734772,11.72709351,46.69460104,17.49602642,ssp245,39.3844813
2098,6,20.78226404,18.15289891,25.23621504,7.172357033,36.26138085,46.1179081,22.12498805,23.29836849,22.29948328,ssp245,44.01818827
2098,7,94.72506462,692.3279521,131.0975501,36.75012363,90.76182372,111.5912016,312.4832826,168.7979086,21.78085995,ssp245,301.4566283
2098,8,50.03328106,693.7779654,120.4381144,77.65607362,57.4436545,139.1171782,203.5870097,317.6289371,142.618724,ssp245,185.1133293
2098,9,10.02685696,88.96036047,30.77082784,22.11828858,158.0302152,5.693970622,39.19119462,43.80685692,22.53303258,ssp245,79.53572768
2098,10,1.141472216,9.354607577,0.106821079,47.66215262,0.768478345,0.861584309,18.3819218,109.4974384,2.11662741,ssp245,17.30467919
2098,11,5.357023406,30.62038688,8.700514172,1.44E-05,3.399607927,2.902973781,3.021823316,103.6649314,1.252693444,ssp245,4.469324502
2098,12,0.224462646,2.499019166,5.476107364,0.033631168,8.739380589,0.692548434,2.366056953,23.75524892,2.665851264,ssp245,7.007799383
2099,1,4.440657537,31.49593709,0.945449601,5.989415463,1.319655175,4.932231067,1.808942288,19.8267391,0.430334966,ssp245,6.851320671
2099,2,72.62079528,4.052890702,0,0.094782441,0,0.828557742,5.274159496,1.002252244,3.073090717,ssp245,0.258817926
2099,3,9.638959941,36.32958162,1.100481636,16.16892563,28.49527463,5.573545512,1.458832075,31.78027073,0.182519901,ssp245,0.135265156
2099,4,0.146823348,36.77933458,0.333009156,20.73315055,7.789719525,30.20184506,5.344592997,24.87842541,4.138628633,ssp245,0.494375275
2099,5,22.08636135,67.99966206,12.39234513,15.60135955,22.02122971,65.86186922,59.28390806,2.704288013,3.3161043,ssp245,11.40615595
2099,6,57.11710786,54.57242858,13.64458785,7.495074261,13.27266118,27.27080892,52.59983686,45.53290316,2.678370518,ssp245,52.50872059
2099,7,184.6978409,106.4435622,164.2133395,33.03975851,41.19705136,136.2747714,126.1484242,227.2478247,112.799007,ssp245,73.51076639
2099,8,114.1560559,161.8855681,194.1964422,213.4171084,148.8827093,167.3270582,127.2396104,144.1833273,156.3618256,ssp245,189.4712
2099,9,27.85918645,13.10068502,23.12362686,23.90242101,64.67492561,34.84233737,15.37001667,19.57819073,25.25120269,ssp245,169.5490399
2099,10,0.414515021,27.61032839,1.047499363,0.037921787,1.83E-04,0.451962493,16.90399469,0.001637294,0.221432702,ssp245,18.44590039
2099,11,82.5827603,1.56E-04,35.5652721,12.87023721,51.98600966,25.86249719,174.065019,0.521184188,15.87180297,ssp245,0.037786239
2099,12,0.277469485,6.425408627,1.818199666,0.341196888,4.31714026,0.203873053,11.31020672,34.72397099,36.26032989,ssp245,30.4849622
2100,1,1.624986041,1.144093176,1.301147566,6.589162932,16.36062998,2.141060704,0.005559963,11.35104075,3.338728026,ssp245,6.599439975
2100,2,35.83139031,0.001824786,0.044774436,0.207668158,0.346474402,0.004862787,1.028997276,2.382274388,0.004870941,ssp245,1.576538654
2100,3,6.290045268,0.557041878,0.784631055,0.858832375,0.127203311,1.940778336,24.7669046,12.81317778,13.39965004,ssp245,0.022528252
2100,4,4.151599042,3.678423171,9.217903373,44.55578219,12.27187993,6.31484202,4.852788399,5.086527034,6.371895325,ssp245,8.569111501
2100,5,40.77335103,3.06462082,1.738729207,15.14100909,74.88606242,21.76497539,18.90116022,20.16032304,26.2946317,ssp245,6.694290434
2100,6,20.65561578,28.38548797,17.12449863,18.1257623,24.55634304,100.2905238,74.76072022,49.04230582,66.58368346,ssp245,16.50144277
2100,7,84.38227055,326.9432148,82.8494423,53.74046807,149.3236192,138.3039182,176.4131215,95.50317615,7.755569978,ssp245,45.13256857
2100,8,201.5722239,565.7399822,76.1223425,277.6545662,81.70852845,621.3970366,130.4213866,287.9772495,83.76421433,ssp245,178.3833353
2100,9,10.17512414,195.4545239,13.51375704,92.31927094,166.3952047,127.2854893,61.3890917,5.802908224,54.76455189,ssp245,18.82296325
2100,10,1.260021657,0.130543743,1.039731145,2.6902138,2.565022927,0.808757821,6.135879624,0.032106872,18.00871119,ssp245,14.18112159
2100,11,26.00076398,2.535788202,25.05542269,3.258983192,2.065430909,0.017225974,1.172493106,0.472209312,28.96323513,ssp245,0.515071858
2100,12,4.196955776,0,77.80111463,17.03424854,19.022312,0.198418814,2.463711135,32.12810322,25.04871886,ssp245,22.89289876
