Year,Month,BCC-CSM2-MR_mm,EC-Earth3_mm,FGOALS-g3_mm,GFDL-CM4_mm,GFDL-ESM4_mm,MIROC-ES2L_mm,MIROC6_mm,MRI-ESM2-0_mm,NESM3_mm,Scenario,TaiESM1_mm
2015,1,0.255993401,0.181457238,0.190339171,0.030483825,0.265210051,0.015643694,0.012628729,0.289513963,0.294628499,ssp245,0.124280331
2015,2,0.258897609,0.059119233,0.006966796,0.248060982,4.85E-05,0.016641351,0.001316272,0.004317604,0.034901281,ssp245,1.35E-04
2015,3,0.241579849,10.45770527,11.40158022,1.250211939,13.18576755,0.648040695,0.31138439,8.243971606,5.600380767,ssp245,0.025583813
2015,4,58.1785202,3.485536855,2.368702859,19.55849761,29.60957833,1.583443689,1.399454171,9.806612045,1.623339601,ssp245,0.649466282
2015,5,13.21091203,11.91388496,20.33399403,4.771614097,30.10250913,7.642211246,33.68569661,19.58393179,28.88887101,ssp245,4.957378098
2015,6,34.35544612,25.44905545,20.09300906,91.34405484,8.303679693,43.65614037,40.90711957,55.19259719,7.330662723,ssp245,67.1857636
2015,7,122.3482015,114.5145064,106.6850211,145.0950507,89.23685056,132.002048,101.2270301,155.7608814,115.7831467,ssp245,125.9296671
2015,8,219.2645799,222.8001907,132.3394547,157.6751584,47.21768285,67.36108147,67.99947516,218.5806367,293.1383341,ssp245,262.7751441
2015,9,28.77945447,42.84606669,84.03944321,49.57085815,66.46109744,86.52386206,27.18001437,112.700636,14.65077016,ssp245,41.40412169
2015,10,13.49493991,42.91940799,1.318505697,12.97805792,0.065825181,18.85667341,6.900792494,0.267968022,14.53559274,ssp245,0.224395495
2015,11,3.485986819,7.422774472,0.185978403,4.218442646,0,1.018240431,0,0.394048251,19.98368543,ssp245,3.54E-05
2015,12,1.35559315,2.078112207,0.166271586,16.81230423,0.059147703,0,0.629253501,1.06727838,0.445990073,ssp245,2.64E-05
2016,1,0.100796505,0.309733624,8.16E-05,0.033587827,0.033688908,6.51E-05,0.008701873,0.464765559,0.001793798,ssp245,0
2016,2,0,0.02267129,0,0.025267941,0,0.008361312,0.071332458,0.029183993,0.082872522,ssp245,1.48E-04
2016,3,14.55835537,0.263233771,0.01983402,7.337450107,10.24005467,1.608384697,2.27910827,0.674706404,0.092155854,ssp245,24.36533633
2016,4,0.681466842,1.579473931,0.271626006,1.117023692,8.114937257,13.39168835,3.123630478,29.53209178,0.231178124,ssp245,5.255133054
2016,5,52.21380372,22.58485516,3.268870274,13.35902886,20.50379934,0.843166153,67.58263819,34.92143442,0.510842798,ssp245,12.97339703
2016,6,70.70651541,29.69166449,44.25041156,61.63314248,54.64010682,9.519043857,32.25062795,90.12799711,25.8064567,ssp245,124.799224
2016,7,137.4168311,103.0166127,203.4043793,176.5841532,136.6264595,41.37097666,67.47929066,120.6324407,281.7736699,ssp245,130.7708004
2016,8,250.2492056,195.8218596,226.5161861,283.9423609,180.3355741,138.5180962,206.6120855,126.9840844,149.8106716,ssp245,94.27129568
2016,9,31.99283934,107.1994396,48.98428739,70.17861409,58.52132108,172.2998672,72.95280091,41.92303993,186.5144059,ssp245,66.62061275
2016,10,37.69618139,3.99239761,0.193371918,0.921324549,27.71433565,1.814438988,0.662267138,1.286497324,9.635092929,ssp245,0.692468094
2016,11,33.09569177,0.036770112,0.320080891,0.001022999,1.566088325,0.010386188,0,4.98221302,2.3686857,ssp245,10.56132576
2016,12,0.204185331,0.052115304,1.188407979,4.222629634,0.080796054,1.132046837,0.157058522,4.783456367,3.875512436,ssp245,4.98205827
2017,1,0.249812983,0.016570176,0.035417508,0.272493779,0.00315225,1.23E-05,0.030410146,0.952321925,0.08993488,ssp245,0.530385137
2017,2,0.003564063,0.160422927,0,0.165235531,1.025831815,0.790172907,4.799181232,0.040504438,0.968291551,ssp245,2.425180625
2017,3,5.410251409,0.210795986,0.509275702,0.06080593,1.662859081,5.207180569,0.973569222,0.891834108,9.131311146,ssp245,2.71503895
2017,4,17.34178828,5.789421891,7.769477495,2.981115941,17.50137755,15.85529888,13.16327779,13.53924994,6.695794295,ssp245,32.70832971
2017,5,20.78560587,2.802406305,4.331519523,7.42611989,8.34022658,0.088921754,5.656293979,41.87809049,70.8795723,ssp245,5.139196829
2017,6,50.88578008,25.74967728,37.73421564,65.30984256,38.09630908,15.79283324,83.19558298,28.80294138,48.78617379,ssp245,69.01881432
2017,7,144.276322,161.5782652,140.8272516,154.4512471,85.67529068,145.9319345,140.9682602,102.5532954,194.0304271,ssp245,112.6977264
2017,8,100.9746391,189.7655137,174.0940559,180.7495626,118.8734788,327.2841839,259.2811812,76.94407947,228.4374421,ssp245,102.7040768
2017,9,9.111315743,8.703527228,8.64151295,83.1336727,43.82756347,56.88420869,24.24466403,85.9222803,30.27142369,ssp245,73.49444212
2017,10,45.19058096,1.107624952,2.554354713,14.93120779,4.966958621,3.666260613,39.78847405,6.075814506,2.303333023,ssp245,2.588925097
2017,11,11.29131057,0.006180788,1.479525853,0,2.39E-04,4.554929729,1.865027515,0.295802012,0.005197468,ssp245,0.709781193
2017,12,0.094300252,0.011451762,8.059388387,0.388145485,0.26256605,0.702978907,0.08187325,0.49302516,2.511831853,ssp245,0.21587378
2018,1,0.315618243,0.011293496,0.161300083,0.906662943,0.256731446,6.19E-06,0.131107835,0.155553126,0.296842116,ssp245,0.286718267
2018,2,0.867310489,0.35681163,0.007967668,0.016074528,0.002975765,4.77E-06,0.669365983,0.009145384,3.82E-04,ssp245,3.05E-04
2018,3,22.61729706,3.563562543,0.054931948,0.9574879,9.146398463,3.819178959,0.327529291,0.363253374,0.340159032,ssp245,0.043533492
2018,4,1.892632457,14.00942349,4.270133057,4.158060876,2.927117543,28.4747549,3.06348065,1.979995113,2.636702041,ssp245,7.320776694
2018,5,21.6790216,152.6676541,23.94684262,54.82456568,1.368703731,36.21920746,25.30050476,8.288089322,30.56426933,ssp245,0.400491092
2018,6,56.39575761,48.77215606,61.13525193,56.39814418,10.67843506,16.7897848,81.3060894,26.43704555,37.85544501,ssp245,62.58958572
2018,7,67.30947821,108.0968463,211.5710145,85.58106167,67.88812141,43.70268876,237.6671265,95.01918747,322.9033227,ssp245,334.6837848
2018,8,127.2485042,284.3778542,246.8325852,42.59111156,98.36893555,310.229163,85.52564148,31.08764416,240.3986257,ssp245,214.3512165
2018,9,63.12685786,79.2357162,141.3015587,53.49293393,50.30239292,29.35265164,31.4273911,107.6559215,126.1634843,ssp245,75.75184071
2018,10,2.540942903,91.48523561,1.62E-05,1.002350227,35.03411451,1.771014334,9.44530197,0.076825127,1.230042233,ssp245,0.061404087
2018,11,9.031080549,20.92269621,3.44E-04,100.8504501,0.239895983,3.67E-05,0.020845357,0.053096796,3.577125865,ssp245,2.903428703
2018,12,1.137688324,0.027174602,0.461349613,5.222970199,0,2.708375846,8.58E-04,0.026703175,0.899869936,ssp245,0.643451509
2019,1,2.206639166,1.644249279,0.10154637,2.733866206,0.24779322,0.021531234,1.376350769,0.210390288,0.596319872,ssp245,0.002805382
2019,2,0.573561244,0.03643174,0,0.041499614,0.590137822,0,5.99E-05,0.004333137,0.030542893,ssp245,0.001001305
2019,3,2.333181843,1.142329184,0.582197778,0.294831714,0.702306346,0.599593292,0.369279613,3.782671883,0.652725179,ssp245,0
2019,4,14.24638461,3.061429963,17.9800976,23.35227308,39.47480722,10.78851458,7.137064648,4.736535714,8.176453384,ssp245,0.759353427
2019,5,55.54528609,71.28446008,14.11883939,28.84230845,11.54936824,23.08394411,28.16329315,7.60671401,13.21186825,ssp245,8.471169771
2019,6,11.94499298,25.20770587,11.11850454,34.67637547,26.3579141,50.46714406,51.60137854,25.34368938,16.20365694,ssp245,70.92530243
2019,7,215.2889865,104.0451431,151.1419686,208.099478,78.07655668,104.1856543,108.13272,78.6223035,27.97000859,ssp245,224.4063128
2019,8,122.1028449,201.6163856,149.4860722,278.7924335,81.23662813,95.44634708,146.570907,122.531871,175.662803,ssp245,76.20479755
2019,9,60.54919766,55.55290408,54.37063632,81.41111767,16.88433909,28.44118266,43.78900215,29.02856133,68.70697234,ssp245,47.80989275
2019,10,25.77058593,6.278775545,7.881572902,0.095910957,0.035312532,0.812909564,0.002297213,1.468467177,0.179047865,ssp245,0.389478286
2019,11,0.121637506,0.443666772,0.562323376,0.341091003,1.385819163,4.515729278,0.054906051,7.986981933,0.00570782,ssp245,9.925167712
2019,12,0.151784805,0.013607706,1.02731263,1.117883033,0.984503282,2.376954637,0.06581111,1.094582913,1.424848859,ssp245,2.062836429
2020,1,1.058963786,0.486537882,0.002980523,0.213799637,0.010648724,1.631961444,6.79E-04,0.098217625,0.177576289,ssp245,0.034337014
2020,2,0.044261238,0.007220034,0.164418995,0.350570898,0,1.33E-06,2.26E-04,0,0.111151413,ssp245,0.044726862
2020,3,2.534476094,8.65E-06,3.431293442,0.115007193,1.169507272,0.647800046,3.206217743,3.810260374,21.87865244,ssp245,0.018752356
2020,4,27.01012251,4.174285487,21.21632304,15.21805849,2.60787495,6.366567634,16.64012448,9.164902598,7.503714947,ssp245,5.899046697
2020,5,7.659273999,19.10348703,10.60232573,6.06253669,26.22851423,35.69784242,50.63236591,17.15083048,21.95254797,ssp245,8.248394367
2020,6,32.82013876,33.50074797,47.52398996,36.96735991,7.245772756,52.86461964,51.51619603,32.24279065,23.61253782,ssp245,72.27974157
2020,7,209.1360849,197.2524484,132.8569438,96.61223488,61.76734264,48.90371918,381.2595235,150.9515479,278.2146882,ssp245,125.6596483
2020,8,101.4637634,295.3142193,185.2248214,143.1187949,248.6460837,159.0249034,187.2163016,179.0463311,223.4077539,ssp245,127.7469418
2020,9,50.19179975,36.49442235,32.60725584,95.50485843,129.015574,70.9668691,45.62397454,40.10137449,61.050484,ssp245,93.1093805
2020,10,10.60403392,0.73016754,1.355704605,8.117265753,0.156018133,1.057194695,0.228190033,7.979165566,33.74425229,ssp245,0.029032368
2020,11,0.460241316,0,21.8431797,1.469729324,1.393742302,0.796504612,0.795983118,1.131779401,12.04714869,ssp245,2.393818991
2020,12,4.183891986,0.317953814,0.016604518,0.173026356,1.040880005,0.540412174,1.142927258,1.009593946,20.28696956,ssp245,0.640294478
2021,1,0.015118294,0.652049758,1.52E-04,0.512105698,0.276385245,0.093440443,1.062211999,0.341798299,0.022019956,ssp245,0.152298192
2021,2,0,0.130589591,0,0.063426439,0.009348245,0.037548492,0.00158676,8.64E-04,0.990594073,ssp245,2.587041413
2021,3,0.738378489,0.246300372,1.878089257,1.084331922,5.951953535,2.141613239,4.940673002,6.665944644,26.88554355,ssp245,5.35277127
2021,4,12.33132149,13.66470879,6.756635419,1.553578894,22.49144869,5.555177402,13.25688889,38.15949471,17.10919677,ssp245,4.950158399
2021,5,56.38866396,10.4644905,27.94669952,5.120331027,4.925957586,48.95020051,11.18581263,48.43350177,9.254290842,ssp245,2.355067847
2021,6,25.37456111,30.75349716,31.34142692,22.43106654,162.2686892,158.2099754,71.97250962,63.85002722,21.31687016,ssp245,43.88373227
2021,7,200.7701182,182.9747283,136.3909096,58.41058881,93.92848011,264.086242,100.1655177,132.0075163,148.1425171,ssp245,81.35160939
2021,8,230.0557051,277.4421596,131.5253639,198.813334,212.1423563,139.3059704,302.2265997,54.55172179,94.88477122,ssp245,108.4141663
2021,9,59.18394763,170.4360076,71.20478983,41.4840554,31.6279261,19.14602103,56.30666234,109.0801067,119.6316066,ssp245,44.64032151
2021,10,17.68459256,0.550822666,4.680449462,2.993161444,0.081196496,1.998096127,0.730475312,80.35343911,21.14729105,ssp245,1.658355795
2021,11,0.011760004,7.529853983,1.231703222,0.449959978,2.352137596,0.029078707,22.98027893,18.42613221,16.08114374,ssp245,0.002712454
2021,12,0,0.249512886,0.582628103,0.384602184,0.002017471,9.60E-05,0.007947034,0.510421888,14.74346919,ssp245,0.769880182
2022,1,0.403682982,2.801648548,0.043662396,0.045399434,0.003646179,3.74E-05,0.168586728,0.563409786,0.971051319,ssp245,0.351202191
2022,2,0.022381561,0.253157991,0,0.004154658,0.001750741,0,0.005565293,1.341051028,0.095898538,ssp245,0.077257235
2022,3,7.454989911,0.456343961,0.106391293,0.410079111,2.389792584,6.330580988,2.12325467,7.01836298,1.87E-05,ssp245,0.310201497
2022,4,16.19641335,21.69194072,8.506507265,48.68728527,4.023672914,8.784175039,3.7548876,3.510125205,4.653759338,ssp245,23.34815091
2022,5,62.2368731,3.697303961,12.32732364,0.189643915,10.22244318,52.14666441,1.308621024,14.31108556,13.91455949,ssp245,27.3667082
2022,6,7.661433869,15.88896264,63.86267844,31.29294604,55.71942507,83.115307,41.59251603,56.25988654,18.04957398,ssp245,55.47532258
2022,7,120.6956456,86.35762068,140.4843778,81.60349555,92.54396809,126.0301275,88.04987603,52.46102389,45.42102856,ssp245,94.75428666
2022,8,133.0025602,167.4356643,192.6664525,104.4463892,103.6419379,146.4128668,272.0967366,55.1892648,271.3153375,ssp245,260.2578034
2022,9,61.19914278,32.08424623,21.12111237,91.27282934,42.33497133,42.89307781,34.34951295,65.12960266,98.95545472,ssp245,122.8288643
2022,10,9.558591406,14.09791544,37.57778619,4.971894823,0.011910268,0.402664354,0.181415311,16.51732459,10.95772186,ssp245,11.45849379
2022,11,12.10186814,9.09501966,9.05E-04,11.25761418,0.543402208,3.8687604,0,25.4036991,0.067158035,ssp245,0.293967686
2022,12,0.599697825,1.588736791,2.94E-04,0.120529753,4.082655429,2.28E-05,8.907076659,0,2.578779685,ssp245,0.516645679
2023,1,0.025775652,0.004686637,0.044615846,0.325898175,3.041657196,0.289744135,4.41E-04,0.088892386,0.016711373,ssp245,0.402378847
2023,2,4.39E-05,0.018178945,0,0.034638753,0.00152742,0.002218847,0.169932226,0.212941816,0.00350729,ssp245,0.139288924
2023,3,5.468315812,1.666625006,0.024619811,0.932220686,1.809102017,0.238224119,14.31308351,1.894134196,61.84784239,ssp245,3.94E-04
2023,4,0.169926503,5.748163008,5.109566995,8.842283982,7.909690122,5.414365687,3.276696447,4.269595394,2.698436562,ssp245,0.324758201
2023,5,15.6001034,10.67633724,24.06594193,5.514624848,21.89582829,2.609962732,4.598830138,2.461438774,28.80571107,ssp245,26.86674221
2023,6,39.43664414,152.2810547,17.04519957,24.04955662,16.5864767,98.7988848,45.99799994,66.05882948,96.98652862,ssp245,52.195517
2023,7,151.6497651,332.7411301,399.3742383,121.4925643,138.2961201,149.4100271,108.5201634,71.69642021,31.85610394,ssp245,158.169783
2023,8,253.4035305,211.0961106,163.0063745,500.9608193,222.4661262,166.8266866,86.04164175,110.0718029,156.7438346,ssp245,102.4843431
2023,9,39.74646145,71.44490828,46.34753792,106.9551218,18.73578838,19.98205191,20.67069375,27.1545383,10.33918412,ssp245,31.76356077
2023,10,2.826643978,21.35486122,10.26393774,1.020874473,0.142991251,1.001301792,33.64778935,10.903385,1.057395776,ssp245,3.590648722
2023,11,0.008681226,0,0.029092685,0.039519265,1.780241943,1.275133607,0.044317401,0.007388093,13.87899353,ssp245,1.96E-06
2023,12,0.280739849,0.037924562,7.65E-04,1.818084471,4.17E-04,1.549636778,4.056448403,0.024548692,0.034124321,ssp245,1.887630522
2024,1,1.42246695,0,0.002031322,0.13564619,0.93614831,0.01515802,0.531215674,0.067683351,0.336206483,ssp245,0.03984107
2024,2,3.80E-04,0.031557389,0,0.134506637,0.025811868,0,0.054497464,0.039639788,0.361636159,ssp245,1.939457785
2024,3,1.260589416,0.57544335,0.78516115,3.926049779,0.686481296,1.275838939,0.123948388,0.645059025,9.462427984,ssp245,2.969974191
2024,4,17.35033319,24.72845953,7.072045566,22.32253896,2.665052227,8.082174045,15.17261669,5.833175386,7.601447747,ssp245,30.607982
2024,5,13.22788412,6.56340233,25.05326458,15.9845795,2.427474404,36.97990558,10.01377981,20.37475662,10.09267856,ssp245,13.28136648
2024,6,33.93299156,92.68025697,28.68848179,20.30813369,38.41473967,8.547200696,3.846829714,81.12851406,34.91438073,ssp245,67.65111819
2024,7,184.9981729,252.7221676,202.9000405,51.59628611,98.60298971,134.9225914,167.0878561,69.66477889,91.99583676,ssp245,123.4407674
2024,8,277.042644,276.1013551,200.7339917,201.4726639,31.00422651,138.6999848,204.6990682,118.3159364,332.4878374,ssp245,181.6147069
2024,9,62.89464365,53.35791818,54.80534578,130.3788762,52.76659671,110.9629361,24.05412373,40.07518143,26.62449805,ssp245,79.73073935
2024,10,6.229149686,0.83851873,3.080825553,1.451998712,0.001023354,1.058209092,0.032810257,0.054575627,8.326903276,ssp245,0.041023239
2024,11,0.140623111,9.168941933,11.77855051,3.385794814,8.58E-04,2.82135559,7.467647327,0.002752405,0.952230113,ssp245,1.846269924
2024,12,4.707908536,0.307179013,7.728198535,0.380155329,1.248993858,5.230789563,0.008377442,0.086045864,0.401978662,ssp245,0.373225992
2025,1,0.325902315,1.590082043,0.037072628,0.144996496,0.359934302,0.096189601,2.36E-04,0.077288031,0.056484719,ssp245,0
2025,2,0.050669255,3.382398284,2.00E-05,0.122210943,0.103262344,0,0,0.0099215,0.433273984,ssp245,0.033483936
2025,3,0.114364844,0.174459828,1.215467682,5.73E-04,0.646914328,1.233278981,14.31827415,0.714521447,0.927029978,ssp245,15.44661021
2025,4,0.338042311,1.574011906,6.200092763,20.57950905,5.833616978,14.57844345,34.44425765,5.65791183,18.04742674,ssp245,0.758362014
2025,5,11.36647697,24.46204262,17.69764417,4.01889208,16.6134833,50.21412749,29.31359964,23.68438769,94.46210123,ssp245,10.7018504
2025,6,65.15543137,191.8396663,36.57521388,53.03200953,55.41810311,47.94243917,84.98262111,33.52525699,51.36882714,ssp245,68.77780962
2025,7,65.92790065,227.8524902,309.2997304,52.57351006,98.25032108,176.0144962,306.3993982,55.01832466,51.53294435,ssp245,150.8877281
2025,8,82.82110986,237.1083513,163.5966356,145.3161399,69.55804546,218.9789774,447.2113231,133.5961444,152.4416542,ssp245,201.1394788
2025,9,84.01189633,40.46170646,78.03364898,53.80903878,46.73391598,106.6094886,39.97664408,40.1711967,43.81668728,ssp245,71.59552944
2025,10,8.823879784,52.30515589,2.256398282,36.25950219,9.673267378,2.270856092,0.00179457,1.186845819,7.296994572,ssp245,16.97598652
2025,11,0.768746241,13.28887539,0.372526,1.998648424,34.84905451,0.061608363,16.07699601,2.607084123,16.79932228,ssp245,0.573385326
2025,12,0.71571424,0.014274299,2.138892626,0.106944302,0.100891433,0.143095612,0.017339409,1.316254938,0.682365574,ssp245,1.040456032
2026,1,0.093657045,1.254276066,0.087771507,0.146510011,41.73263801,2.27E-05,0.008942871,0.162270763,0.0350665,ssp245,0.011665044
2026,2,3.092125121,0.107709255,0,0.025399589,0.166384049,0.076044476,0.011371734,0.293295168,0.001889854,ssp245,0.041210884
2026,3,7.631204268,5.019600751,0,8.926547859,14.74919996,0.887522515,3.482228524,6.780657342,7.097004824,ssp245,1.019419733
2026,4,16.39431786,6.281893224,4.448971137,3.353001233,0.122537943,10.72458967,4.901221463,13.54684661,27.03173868,ssp245,1.196445418
2026,5,31.17237083,10.37599633,13.79257819,29.44357285,22.42320191,12.8355659,15.85657702,28.16968137,2.44587874,ssp245,10.43280486
2026,6,19.72696117,89.40972244,9.20727276,46.40523409,18.92972528,40.70754194,21.47531618,190.6710029,31.96203243,ssp245,30.49343475
2026,7,94.5635985,146.741673,76.18808223,42.21316188,24.71601429,289.7358968,87.8440792,244.555218,83.22001956,ssp245,186.1446536
2026,8,62.19685715,53.03743125,166.014338,114.0013628,79.82184644,314.647286,200.6345641,112.0959249,261.9863992,ssp245,159.9493671
2026,9,78.05391668,81.27515864,21.30001016,29.12539773,99.77375815,102.1460912,98.16083282,65.24257661,153.6396454,ssp245,53.11895939
2026,10,3.275506592,11.22658258,8.409928972,3.489072084,0.02891326,5.572744233,0.054719129,9.831319745,1.57001937,ssp245,0.2929225
2026,11,2.059665377,0.123635163,0.685849818,0.742506306,5.057116252,0.049001511,0.193949862,9.155468027,5.744737272,ssp245,0
2026,12,0.261709566,0.414094803,0.074843834,13.82215279,0.427450011,0.944737103,2.730653163,10.84884548,0.175537541,ssp245,1.019774148
2027,1,0.020072686,3.86E-05,0.046287389,0.232478621,5.958496148,0.132708527,0.112613388,0.261593988,26.50763783,ssp245,3.04E-04
2027,2,1.15E-04,0.029118833,0,0.106909634,0,0.051345711,0,0.069284897,0.061243673,ssp245,0.051472449
2027,3,0.240016134,0.365753468,1.041191469,0.05825552,4.684125687,0.913207066,0.023352216,4.062416644,3.609371837,ssp245,0.011079886
2027,4,8.781260858,24.5276281,2.094000482,33.18522902,5.701570793,17.80505478,7.182944049,2.68783566,14.38041143,ssp245,19.95992102
2027,5,40.73013921,10.15981296,3.895140505,60.41153873,7.81093939,21.14853827,19.93860493,27.03910512,0.81715123,ssp245,19.66695126
2027,6,28.38649261,61.83127825,58.39156227,17.04973274,79.53547774,14.41233939,74.18960412,73.16518028,12.11776008,ssp245,102.4946149
2027,7,186.6106959,203.3865116,159.6730667,96.24036763,100.0493483,133.874392,76.33723005,113.9606485,249.6115129,ssp245,100.1331162
2027,8,28.88076813,357.6197645,195.4048963,43.424113,124.1246736,232.0142761,221.6744561,32.33936509,354.7714213,ssp245,119.200114
2027,9,42.67693872,128.191442,105.8781161,99.11166051,48.90945292,108.4401377,43.67097258,53.60572173,198.3936788,ssp245,52.3851895
2027,10,15.32700415,0.079084971,11.35244813,4.072470252,1.888052406,0.373273542,11.14391637,76.47808839,3.089183008,ssp245,16.31365142
2027,11,7.987638977,3.928246613,0.348643333,0.338985135,0.004582679,0.427353611,0.578615334,12.87092792,14.37118215,ssp245,4.306535731
2027,12,0.671068805,0.033542344,1.096518551,0.37035888,4.426602113,6.39E-06,5.990322026,0.629768366,0.143086533,ssp245,5.269308829
2028,1,1.891414232,0.010671569,0.00578562,0.1398367,0.731265959,0.14338879,0.792950756,3.08570896,0.005850078,ssp245,2.478064344
2028,2,0.035067832,0.154694611,2.88E-05,2.018792332,1.212473011,0,4.165032042,1.981853717,0.007446435,ssp245,0.039903128
2028,3,1.001378108,0.975415149,1.15460709,0.41589708,1.593041692,9.537718146,1.802348395,1.17568208,26.64530373,ssp245,6.241253574
2028,4,12.83499406,3.633816249,3.111340608,6.51865632,20.45712255,11.5092631,15.45963338,9.710081188,1.920816307,ssp245,1.407454075
2028,5,30.73517972,12.52725899,7.740794657,4.321196294,15.34905996,36.75643111,5.378381483,64.62253664,5.873278663,ssp245,6.501195354
2028,6,45.72136372,200.4933925,50.86079988,49.03259886,19.02426027,41.92633281,70.1653462,113.833723,38.98654004,ssp245,34.97061497
2028,7,136.1734786,228.5437518,139.6308894,82.11619096,39.13827935,64.87315483,156.2467709,103.7012297,213.1831607,ssp245,203.5787366
2028,8,112.5478169,272.7320301,190.9614359,107.7813819,163.7951464,106.4449919,108.3205387,90.79772895,259.0780974,ssp245,210.0584517
2028,9,92.07315649,19.76753698,30.8682832,152.7666969,19.00925722,96.18104159,97.14990391,35.32256348,90.42679412,ssp245,51.93476027
2028,10,13.10244058,0.814383331,9.992821932,0.001249181,0.267584764,79.25934004,1.548215641,4.782269669,0.74237757,ssp245,6.837878051
2028,11,2.323607588,45.28969392,0.498107148,4.13E-04,0.12511037,0.043513795,0.962614123,4.917449695,21.12232639,ssp245,2.379382452
2028,12,0.006433551,2.937233164,0.284445101,0.098629671,0,7.90E-05,1.076132924,0.019570129,1.19279595,ssp245,0.762475855
2029,1,0.211642071,0.006776401,0.094389892,0.019231118,0.060380307,0.513530151,3.184760866,0.839325051,0.015685946,ssp245,3.54E-04
2029,2,0.258963696,0.085768728,5.43E-05,0.20530055,0.12388931,0,2.176256708,1.34924888,1.27739915,ssp245,0.003704332
2029,3,0,0.060070066,2.508020518,0.051757187,15.20263208,0.383107386,8.048813659,0.999344719,0.774780461,ssp245,2.816678591
2029,4,8.083701521,15.63615673,14.28679312,7.182063129,15.9300601,0.472883927,5.600988074,5.930472358,11.43397903,ssp245,21.00926924
2029,5,39.1166252,64.93012239,13.57107587,40.74136557,23.71724775,4.362818542,13.00098611,63.19118928,0.924537581,ssp245,14.75315976
2029,6,30.77184471,45.35518527,18.7012469,8.559042364,111.986658,18.87057015,13.83402887,72.52069683,38.51018393,ssp245,102.530449
2029,7,32.823183,188.4905861,152.0974987,143.549045,45.5638399,141.4014773,200.074869,244.0480848,154.6944425,ssp245,63.92717429
2029,8,115.7152614,303.9475766,109.4159714,329.5715915,104.6533543,151.1412597,264.7767919,372.9206047,187.8095777,ssp245,128.2240545
2029,9,71.98562164,129.8691383,125.5482435,71.20355549,56.74979353,90.91108578,40.20120934,100.8505056,25.84631621,ssp245,92.35750944
2029,10,20.99289093,136.7590654,2.464741856,0.494368151,18.70535262,37.80895343,3.94308918,15.19880749,0.702173571,ssp245,0.443828397
2029,11,1.002370879,20.86818881,12.88098117,1.909059723,0.349181611,6.230687103,0.261567804,9.979121867,0.82285127,ssp245,24.76835046
2029,12,4.28391855,0.005608839,0.080664811,0.508793726,0.878948459,1.95E-05,4.773630814,0.135008858,27.42451608,ssp245,11.10404602
2030,1,0.445887937,8.57E-05,0.646722199,0.081307137,1.46500782,0.265654082,0.343735105,0.425125649,0.096999977,ssp245,65.77903609
2030,2,0,0.012332553,0,0.05621455,0.157325586,0.016938653,0,0.001521618,0.2393802,ssp245,0.071059542
2030,3,2.560485458,5.101099814,1.913914369,0.715168759,0.117080095,3.308767283,0.774719631,0.657266201,8.813288636,ssp245,0.904954982
2030,4,13.72594626,15.37953864,6.034913012,0.1400022,49.37806412,0.107958624,12.34464647,10.19218133,3.642885036,ssp245,4.106735247
2030,5,18.78605058,73.84887124,6.710394331,16.12119273,37.33064909,4.2924226,34.84418052,19.28491265,18.677812,ssp245,50.95965525
2030,6,47.09203281,121.9161653,26.34058983,12.78844348,23.47490548,77.18375707,58.04271483,41.38024832,68.81706436,ssp245,40.24295362
2030,7,200.6747495,237.1321845,92.78039553,43.81647421,75.49809535,175.0543874,242.1539133,102.8390106,31.82623482,ssp245,78.05223371
2030,8,59.0498836,261.7565551,138.7479528,291.6676378,115.6408435,220.702797,370.1087597,52.62830258,147.709005,ssp245,239.8572588
2030,9,181.3790044,117.1432263,50.21146593,51.72157501,52.91954819,50.3033644,105.09148,72.60707316,128.9561477,ssp245,71.85594466
2030,10,20.03360293,13.40613005,1.543444391,1.242772662,34.09461377,3.259499391,0.147323445,0.618387417,11.3608258,ssp245,4.787235451
2030,11,25.4186163,4.97E-06,0.028193074,9.079209497,10.47602434,1.08E-05,1.143231179,3.45E-06,0.149686151,ssp245,0.976187943
2030,12,4.632903301,1.009972228,0.510712003,2.866952315,0.023035188,0.089505342,0.001041469,0.226970676,0.05683742,ssp245,0.102500236
2031,1,0.137749324,7.89E-05,9.01E-05,0.014207623,1.514400392,0.154444669,0.019948913,0.00658151,0.086387127,ssp245,0.209937237
2031,2,1.698527177,0.057711629,0,0.642116741,0.030087472,9.89E-07,0,7.54E-04,1.262453565,ssp245,0.010154214
2031,3,0.927484943,0.15558573,0.215473421,0.876265707,0.544658761,0.137833896,0.012872365,0.196990998,2.135634953,ssp245,0.018591575
2031,4,17.19982177,17.50463491,0.273152566,2.616299173,5.064710386,2.418617459,11.35047447,2.726985519,0.239498126,ssp245,7.370827956
2031,5,45.19140848,5.129864164,4.983950847,31.29210547,23.5492769,20.35028,13.64950524,9.961881987,6.412671134,ssp245,20.54878116
2031,6,32.58339633,31.04824515,29.77368957,5.12197,18.05770589,13.43349376,45.13899735,72.21840637,42.73342927,ssp245,80.41232871
2031,7,41.05079459,167.4060801,135.0984725,53.14052852,96.85453695,122.4904829,274.992837,185.6872209,251.7671481,ssp245,318.9375745
2031,8,55.19525834,206.4013826,188.9603841,135.0727234,87.82600357,213.7324127,250.9104415,199.9146625,248.2098968,ssp245,164.1668278
2031,9,20.05308889,165.0619892,47.6424544,77.98188993,43.62609098,33.10947591,101.5394023,35.73157087,15.87457424,ssp245,81.38430853
2031,10,35.09833839,20.72539325,3.003325931,57.00525579,8.439567123,1.96189766,1.036231639,12.29302867,16.14566543,ssp245,0.04370451
2031,11,0.047619543,0,1.53111442,4.472440377,4.67943413,1.624199638,9.212643552,11.7886351,1.123196227,ssp245,1.37E-04
2031,12,0.108779902,0.054674555,8.15E-04,15.26896788,1.279770714,3.239428326,0.044683021,0.047664651,7.121288086,ssp245,0.051317866
2032,1,0.289169393,1.093892575,1.54E-04,0.445117643,0.23284105,0.068727493,0.010233405,0.094508345,0.006787983,ssp245,0.601230623
2032,2,2.951636003,0.980331008,0.071124919,0.73962041,0.408463922,0,0.330217437,0.016205557,0.008943453,ssp245,0
2032,3,0.123639342,1.633310762,0.511910051,0.467939029,8.279957155,6.904847783,0.784069636,0.738132361,0.416614417,ssp245,0.005231173
2032,4,5.518891459,6.933720364,3.562323401,22.2271415,36.9112716,3.974612244,7.420315014,16.6399784,2.059482939,ssp245,13.65835136
2032,5,8.981420381,20.30577187,6.864551314,4.618498583,45.77726156,16.57594412,8.979947288,26.17489676,22.16483753,ssp245,13.12905405
2032,6,98.24775615,69.30888936,30.85632016,95.90230628,21.97350014,25.16405727,62.77074663,117.506277,31.09349211,ssp245,56.95347441
2032,7,117.5161906,150.3117649,131.9559869,350.0625188,132.9495442,89.00830748,90.42031311,122.7230798,151.7873333,ssp245,178.0586268
2032,8,162.0514268,263.1319614,155.5788323,54.95555541,129.7308522,98.62626599,50.99051114,69.51984781,261.4401711,ssp245,93.62704806
2032,9,46.81397985,42.70654739,22.4142281,21.17739806,28.41726057,74.66212563,43.74271225,59.28254382,24.35156811,ssp245,34.94308974
2032,10,21.81682752,4.695540259,7.607299211,0.085377453,4.04652753,31.39508302,34.64662822,0.992623585,2.14401496,ssp245,8.815904288
2032,11,0.264975588,0.250597539,6.109313332,0.652767816,1.057395192,0.166701545,22.5361225,2.171249001,0.875331796,ssp245,2.770856929
2032,12,8.79E-04,0.312625175,5.01062106,0.70234366,0.014704041,1.14E-04,10.16281024,7.509934087,0.175042655,ssp245,0.748130968
2033,1,0.220267147,0.008050125,0.457992262,0.035179429,0.005424734,0.038187408,1.026394527,0.221633825,0.417684446,ssp245,0.191663891
2033,2,0,0.026295619,0.007400591,0.006271542,0,0.085364479,1.182889411,0,0.108101766,ssp245,0.034730953
2033,3,0.222870057,0.529586348,0.738237005,0.37884038,1.42951542,3.66688255,1.465968738,2.793495107,7.663902192,ssp245,5.495497036
2033,4,2.126624586,10.11074513,16.96025699,21.44401775,9.187452824,2.672964826,14.57056258,20.52968836,0,ssp245,19.39754067
2033,5,8.275571253,25.02516249,11.69155297,3.672059372,10.3908418,24.13655694,16.62171709,22.61259303,24.56817787,ssp245,29.78044541
2033,6,67.37351965,117.9611259,45.55668599,85.82643566,31.10322724,3.466030185,92.94413968,38.95548657,34.53275339,ssp245,87.93336494
2033,7,267.0933557,262.7994025,150.6415353,291.8378569,48.56410119,123.1607115,166.5735308,75.37868706,183.5044015,ssp245,129.030221
2033,8,77.94987076,329.2161388,64.97431561,309.2958187,233.2850236,148.9303848,174.2045473,83.49392397,169.4550841,ssp245,195.2499901
2033,9,17.88519899,150.8051191,65.46079695,89.14352223,39.81267512,12.03620397,73.54863874,40.20319434,30.8192251,ssp245,55.17068107
2033,10,13.1915294,0.176586271,1.272155446,0.002249596,1.578110925,9.06286892,1.010711686,12.87450445,12.87398686,ssp245,1.595610505
2033,11,0.002266634,0.329211464,0.001811435,0.256222256,34.10918166,0.01969277,7.041939954,0.964614063,5.79823828,ssp245,3.858289573
2033,12,0.022967864,0.738897661,2.77E-04,0.125239319,6.143600371,0.134639113,0.01948014,0.119689478,0.996621377,ssp245,1.066906101
2034,1,0.454400228,1.520836628,0,71.68049764,0.875712654,0.725902427,0.248157344,0.297066205,0.312094934,ssp245,0.405230868
2034,2,0.012163097,0.176913089,0,0.004006258,0.001100744,0.27591874,8.077633766,0.077831987,0.001752048,ssp245,0.062562684
2034,3,0.771317815,4.642889707,0,3.343773647,0.329637674,0.32189016,1.041722762,0.063354808,0,ssp245,5.87245942
2034,4,4.151973916,25.5266362,1.418531415,0.82940664,2.55087692,1.107986531,23.63846374,1.737000225,8.833739689,ssp245,5.14E-04
2034,5,72.01838924,49.50707658,4.754151322,16.30654359,22.62614399,6.110288895,14.68653142,17.9290671,14.72396462,ssp245,3.073230609
2034,6,59.09319252,20.22547031,122.6939935,41.19845076,28.86586109,35.80229981,37.87077794,32.54934012,41.49648021,ssp245,65.1374975
2034,7,96.34978399,138.2364687,126.3395383,130.7906859,64.19714689,278.0686685,108.6219726,86.8091437,179.2004366,ssp245,129.5674315
2034,8,34.44128961,238.0378503,93.12368535,88.50515794,125.0331985,275.3474226,306.9805701,107.5552517,367.7929394,ssp245,172.2788038
2034,9,80.44954226,94.25906032,61.7309411,16.23231304,41.98788612,78.15641304,69.29366032,57.76148606,53.16999864,ssp245,189.3166775
2034,10,5.49549542,93.09903828,2.85394259,13.44103128,4.826567926,5.955963635,6.138873683,3.487217052,2.450015789,ssp245,33.57208878
2034,11,1.093174651,13.35161959,4.371523874,0.095515413,29.3917752,2.562513981,4.39E-05,0.827196862,0.379702901,ssp245,101.1529398
2034,12,0.033695832,0.727781503,0.552651147,1.132790249,0.024358801,9.867955464,0,1.611547436,0.005515109,ssp245,7.03E-05
2035,1,0.015987194,1.42277748,0.911530902,0.588895852,0.36793515,2.47E-05,0.008804173,5.315810762,0,ssp245,4.96E-05
2035,2,0.020871135,0.293279742,0,1.409143023,0.00148354,8.51E-06,0.528543735,0.042775117,0.02849849,ssp245,0.012781642
2035,3,0.278254062,1.46855254,0.84212411,3.296156699,3.525852624,0.081763158,0.778976906,0.556846255,1.64987701,ssp245,9.65E-05
2035,4,23.15503268,1.673533222,7.160245664,44.80382931,49.13313778,2.63879221,6.781225555,23.04994956,0.035677827,ssp245,0.008767079
2035,5,3.249920299,27.21279193,7.493297455,6.156548592,21.30667843,59.67985955,10.58755101,21.25529646,8.081132196,ssp245,10.53302981
2035,6,39.71441145,129.8002571,20.67276928,28.25636237,38.73830963,91.0203378,6.669457626,118.3015864,90.15168423,ssp245,42.96726424
2035,7,216.2452367,213.7462295,155.5395979,64.11731901,86.10117439,137.0102766,103.6355571,19.6316464,216.3351582,ssp245,84.25670904
2035,8,116.1672488,157.0063701,73.89278574,82.71452748,17.74597074,65.71373845,167.0430179,539.5892479,297.7528386,ssp245,82.78167222
2035,9,54.6236644,249.2214047,47.65828659,70.21720108,21.34695158,35.67977753,80.63498687,115.602003,58.83549302,ssp245,66.83128852
2035,10,4.59610991,13.69959443,0.212556557,48.40675113,12.53847404,2.222672626,0.060713579,3.815866939,25.98373925,ssp245,15.05238608
2035,11,2.149926553,9.870865307,0.050083104,10.19576317,30.1842958,8.05E-05,0.004074701,8.632315686,6.365579276,ssp245,12.64782009
2035,12,0.474584739,0.147414089,0.072401166,3.818143359,0.070600449,2.23E-05,9.99E-04,0.104343789,3.745776645,ssp245,2.06843434
2036,1,0.179131379,0.044632179,0.954824974,0.013571159,0.008837693,0.50316782,5.639260399,2.544472667,0.001098591,ssp245,0.009870364
2036,2,1.159003431,0.701005355,4.71E-05,0.001043746,0.001304752,0.009831391,0.008564801,0.201470771,0.083757462,ssp245,0.66343303
2036,3,6.372561622,0.756221714,2.642651195,0.561959811,0.246916643,2.653674628,2.94227661,7.254753139,0.62695693,ssp245,2.786329286
2036,4,11.78514827,0.905999695,21.68202114,0.668529477,3.833349285,4.616993624,30.9518107,26.88841566,0.073277934,ssp245,4.329499055
2036,5,1.222293211,25.26862859,6.365967939,40.05767997,39.15672589,10.56642125,25.0274111,9.129394795,36.27531481,ssp245,20.45521904
2036,6,44.11401067,70.50696106,87.47707036,65.39297578,13.41585402,75.94445283,193.0659871,45.58155829,36.37201858,ssp245,55.67798712
2036,7,250.5907794,231.6742357,140.7655055,292.0907375,93.71583765,65.32816038,126.9374849,39.66542766,166.8262704,ssp245,133.6559303
2036,8,163.6622904,236.5140652,195.7062368,158.6546565,107.3798372,190.817767,138.449416,60.21710548,209.255112,ssp245,185.9149564
2036,9,151.689381,155.6157645,107.0998207,39.88402271,67.95095856,67.94482971,76.58373758,63.81016144,37.27640349,ssp245,93.24908879
2036,10,18.87694519,3.433833496,12.94480787,0.023888385,12.10477863,3.462668204,4.358271555,9.093361722,25.99414789,ssp245,1.820277735
2036,11,0.683042724,1.89E-04,2.26E-04,0,6.160943671,12.74723858,10.36864272,30.68461916,9.735742894,ssp245,0.88118944
2036,12,1.948421989,6.17E-05,0.225589056,0.124324646,0.937988783,0.019899541,10.51839986,17.96580087,0.00372553,ssp245,0.424577031
2037,1,0.05239635,0,0.004952065,0.925120657,0,1.70E-05,3.543246863,0.734306193,0.349992662,ssp245,0.216811077
2037,2,0.002319543,0.038358776,0,0.007815569,0.003972235,0,0,0.0195839,0.072952412,ssp245,0.010351597
2037,3,0.985219813,0.314536629,0.678441479,5.846389978,0.120512202,12.15100937,0.080867703,0.217926948,0.374316918,ssp245,2.397425773
2037,4,7.53893545,3.932905257,0.888226204,17.68458044,1.235217029,6.922061115,19.29555593,24.33538819,2.454703994,ssp245,3.307421921
2037,5,27.35472724,5.599040936,10.34204242,21.22541724,28.64643939,23.7942149,13.24534284,13.56105857,11.7503391,ssp245,40.71351734
2037,6,46.68469566,101.4413084,88.6182663,24.86422994,55.74395705,42.73345192,46.63840092,114.9967554,84.12005294,ssp245,34.16721449
2037,7,43.56810987,127.0881056,165.9391592,40.66518714,118.6924033,73.31584798,165.5086396,224.0138476,242.257191,ssp245,170.5654738
2037,8,76.55863044,310.7822146,56.7953163,90.31851532,65.57786502,238.9588794,127.8682257,303.1138385,164.1430751,ssp245,198.9901323
2037,9,69.08993069,75.46184994,46.98670822,71.12934156,101.0987729,97.97978022,53.74422637,90.57426541,16.4286067,ssp245,168.0659642
2037,10,18.50520589,18.81282475,42.08454008,11.9821155,10.03342324,2.353060192,26.03270457,11.53549818,26.76104699,ssp245,46.68906435
2037,11,21.21830344,26.83218873,0.177630222,3.858723395,1.851470231,4.717730305,2.592014923,12.82719893,0.144575457,ssp245,2.136885847
2037,12,0,6.428012454,18.31848226,0.600343973,0.251608818,0.509931888,12.79620202,0.746466389,2.332768193,ssp245,2.741305993
2038,1,1.193131744,0.449913277,0.138433915,0.106649896,0.018685008,0.427590367,0.6122313,0,0.001365258,ssp245,1.714130958
2038,2,7.842342093,0.040747105,0,0.05692901,1.405004462,0,0.293179422,0.015153929,0.152261833,ssp245,9.257917572
2038,3,1.875921751,0.693040084,0.390422805,1.581869217,19.3330515,0.00562285,3.699926597,2.565135969,0.749903386,ssp245,4.06321776
2038,4,21.71721343,0.470992159,16.93655456,20.25793375,29.40488727,3.08693101,18.69186163,11.44419166,1.718873467,ssp245,19.07204971
2038,5,29.20897664,6.034739806,11.84967076,45.32349237,2.694782624,34.0007106,25.879061,17.36132324,1.490178988,ssp245,1.267072797
2038,6,59.61116541,93.57779016,49.31843654,33.96460556,36.69119889,52.01600352,39.92766298,80.15830986,37.3914516,ssp245,45.5897815
2038,7,174.3458923,88.54317419,108.1375804,85.7103041,60.7293331,119.1358868,179.1867008,28.87626876,243.3515713,ssp245,117.3993195
2038,8,132.8209975,105.6375074,77.72514471,312.4169903,112.6439,148.3137833,60.6542779,162.3501804,192.7986396,ssp245,232.5317427
2038,9,54.09568287,31.27409791,93.81940883,62.65374282,132.0065827,53.67824269,135.0407496,31.77957265,20.18901312,ssp245,86.462768
2038,10,30.16630208,4.988596508,3.783346974,8.766280237,16.40260222,15.16724239,17.38420041,0.008897019,7.626770744,ssp245,2.28673627
2038,11,14.50523712,28.04665049,0.834579736,0.092286113,33.47060629,0.15320826,9.311195944,2.12986254,3.221073525,ssp245,1.174473801
2038,12,0.793981177,0.011996255,1.17E-04,1.003611551,0.025713512,2.03320165,2.765989033,4.51215585,5.926670391,ssp245,5.986444102
2039,1,0.693340625,4.344109296,0.040087499,6.221677995,0.247275234,0,0.034942782,0.070277536,1.051534366,ssp245,0.051796678
2039,2,0.033470133,0.029280422,0,0.059066001,0.004388028,0.04399399,7.58E-04,0.010521674,0.348677612,ssp245,2.31E-04
2039,3,2.009585067,5.017328117,2.666704044,1.52578301,2.091294277,5.650864591,5.819299097,0.056652974,0.850360658,ssp245,0.51753804
2039,4,8.53395746,7.237780093,8.765869714,34.39104566,5.473075194,11.4892315,24.22278968,19.67787925,7.133009144,ssp245,4.448277609
2039,5,7.543394124,15.42840431,40.68228399,6.610278123,0.018225036,6.906608121,72.09851351,4.488877543,12.61669924,ssp245,21.50059571
2039,6,64.36230731,55.74704219,64.72242124,16.3534244,66.07694554,102.9543046,29.31411733,36.11325406,6.121248103,ssp245,73.35526423
2039,7,184.9608693,285.4750154,242.6001476,418.6484163,100.284277,85.99499333,224.4385431,71.75196765,72.81667366,ssp245,230.0548574
2039,8,125.70413,354.9983288,101.7159637,180.4844506,121.9854069,194.7812025,435.8798259,75.71776286,233.242922,ssp245,97.29662162
2039,9,73.12291208,63.64295962,40.46002184,135.4304351,48.22389324,29.96687645,226.3273453,60.91622296,63.102118,ssp245,132.37715
2039,10,39.43641006,9.819379769,26.04634299,3.267102487,0.076616985,0.017300323,11.83666759,29.33806641,9.057426176,ssp245,0.865786678
2039,11,4.503740509,2.677184206,0.150096504,0.005225617,0.003314153,0.910538041,0.118442843,0.095858342,2.426444484,ssp245,4.860693192
2039,12,7.95E-04,2.323339094,0.583756891,0.068028471,1.296450048,0.359338506,0.003120011,0.188660818,7.493274398,ssp245,8.53E-04
2040,1,0.050848133,0.090363903,1.12E-04,8.38E-05,0.047387736,2.00E-05,0,0.013776832,0,ssp245,0.258548439
2040,2,3.72E-04,0.327130711,0,0.007263194,1.07E-06,0,0,3.99E-05,0,ssp245,0.087465536
2040,3,1.848935977,0.190984905,0.575951048,6.951638904,2.34626422,1.604047888,4.847944157,0.582708002,0,ssp245,8.113859986
2040,4,3.118042883,1.535823661,2.308063443,16.62688878,24.58377201,11.74620083,4.442468043,5.098253226,0.073937651,ssp245,10.67027902
2040,5,18.78597025,11.67072059,8.108595058,38.47498809,100.2148196,32.35208619,0.430721307,7.621271742,12.20335091,ssp245,12.75938015
2040,6,20.79939492,142.0665598,46.26594494,85.08814172,3.055354655,124.642078,29.04060636,60.83866144,38.34142427,ssp245,27.81739293
2040,7,90.42258889,68.26025262,129.106905,53.81632146,130.3126728,100.1239859,425.3320696,7.25928885,110.2997435,ssp245,193.9139376
2040,8,102.0116792,300.3403822,176.0106881,50.44376527,57.46001834,252.3169833,304.4489752,65.65514877,280.561793,ssp245,150.6184879
2040,9,79.2218869,51.4788413,43.87431154,59.85848666,45.58131339,154.612134,67.8809386,35.87157974,52.7488128,ssp245,58.35543331
2040,10,8.114980204,0.290670665,16.25293971,4.36183107,72.01376747,5.297147882,1.874456703,1.701179358,21.26704054,ssp245,0.660079465
2040,11,1.60343897,0.077068592,5.808190601,2.776928697,6.384929268,1.376202181,16.32106449,1.255128762,3.060774147,ssp245,5.287810828
2040,12,0.65472359,1.234830793,10.39947829,2.898055288,2.007077057,4.08246731,0.071515846,1.646808033,2.632702516,ssp245,8.274217128
2041,1,2.15E-06,1.283865477,0.678828557,0.066364237,0,1.75E-05,1.49E-04,0.026720017,0.924697938,ssp245,0.115791696
2041,2,0.091399688,0.103970565,0.015610433,1.21028356,0.00115319,0,0.023864908,0.128615658,3.86E-04,ssp245,2.097800951
2041,3,3.83485331,2.938438934,2.19693436,4.120116847,0.157743805,0,0.628184745,2.049656059,2.596232353,ssp245,21.40764897
2041,4,4.511339059,13.88857346,7.444242215,33.17831196,18.78205452,11.57438471,16.41901548,17.6232827,4.915464,ssp245,2.050890649
2041,5,1.062554001,124.2298919,9.462689449,95.41614406,13.50574391,3.54296646,79.91525858,5.4672567,31.28690795,ssp245,43.64550495
2041,6,19.65664531,39.85850277,42.5001841,6.429154024,28.62282176,35.3092534,68.19051941,60.07051208,19.64295874,ssp245,57.06583832
2041,7,67.6794699,176.1445178,129.2503195,323.2553366,194.8867838,327.1573545,237.2350617,166.9082782,166.2593337,ssp245,247.3817798
2041,8,76.20860646,257.2682077,111.996324,371.1837878,252.1391689,237.8110822,200.525274,113.6598221,303.3227746,ssp245,184.4739898
2041,9,34.3359402,59.58683403,35.71284101,162.5391751,23.59368046,35.03678366,58.57361675,80.8218822,29.16066225,ssp245,43.21656046
2041,10,23.74749978,16.28248051,2.271596954,6.712900123,0,22.64783673,12.66944888,1.588958112,1.695803793,ssp245,22.25774092
2041,11,0.688002174,3.325576857,0.146661185,5.10E-05,0.77184609,2.078940239,2.363174341,32.26381624,1.003992968,ssp245,6.822467836
2041,12,1.041495785,6.383754865,1.402458148,0.097507995,0.49148039,1.206984517,16.13606305,6.010778086,3.971472086,ssp245,9.070225067
2042,1,0.225063257,0.115250665,0.013341133,0.008179276,0.004054247,0.887444035,0.485835039,1.544335338,0.392928321,ssp245,2.534443345
2042,2,0.223922821,7.70E-05,0,0.957693982,0.006442271,0.056827394,0.010184285,0.167589917,0.297410266,ssp245,6.377119006
2042,3,0.817588264,1.705881368,0.036946359,1.299783098,0,0.670959255,8.673702858,0.364901573,8.905916874,ssp245,8.4251176
2042,4,7.578107319,8.820410956,5.796020121,6.075099178,17.03967921,6.176986514,2.462997039,28.82188918,5.306749886,ssp245,23.78759176
2042,5,70.28906067,131.8243514,2.65431275,7.888564519,16.19741137,39.53515547,0.518927403,15.10291615,72.81647142,ssp245,40.04352129
2042,6,39.04699626,15.40061461,79.85824227,7.596629435,21.14392953,18.79776732,46.3147581,83.85232286,67.88474257,ssp245,78.69996869
2042,7,128.8902117,332.0102249,171.0693721,208.3541621,91.23438667,69.44190905,140.953479,221.0041567,60.94141022,ssp245,48.20531696
2042,8,51.64479585,238.7172836,91.08558574,111.5958763,96.39305889,338.7398502,113.3959149,77.31042461,126.1224474,ssp245,207.2586047
2042,9,125.3121436,42.72101832,67.93229164,79.91355699,61.6233177,77.38986046,79.61356922,160.7283716,51.16987645,ssp245,78.50447841
2042,10,22.20230682,6.345995884,17.33884343,0.562364858,5.870108878,30.14764973,0.004094309,3.874886496,24.16046179,ssp245,18.02544945
2042,11,10.8525457,2.745940658,0.159036738,9.488854176,16.66675733,0.033394223,6.454623016,3.718686153,3.135089688,ssp245,0.343906365
2042,12,0.023189751,0.457213379,0.040756904,1.146189788,0.4220807,0.01294298,10.92506499,6.573956431,2.053721607,ssp245,3.326547101
2043,1,0.18900412,0.112473246,0.05642569,13.14983155,1.085942381,0.31352345,0.01016621,0.002163224,0.04696572,ssp245,0.385135224
2043,2,0.214116151,0.059907529,0,0.014720118,0.959975398,0,0.289749761,1.021977295,2.79E-04,ssp245,6.73E-05
2043,3,1.013113856,0.312607352,0.784030022,3.047089381,5.917878881,0.753494288,0.00355082,2.151310644,2.009296083,ssp245,0.227579091
2043,4,21.93261755,3.56E-04,7.211186814,8.803612659,8.145146769,4.422590366,9.227754274,9.495590886,0.504827593,ssp245,0.191598635
2043,5,14.7518596,18.41115031,4.826591771,65.3492086,15.82772491,43.92714127,111.0077433,35.62123839,47.22419805,ssp245,19.96158981
2043,6,88.01618726,62.67144464,71.0823112,26.01878483,100.0793479,29.64942705,200.7445968,67.89929727,9.346375494,ssp245,63.91287228
2043,7,159.5370317,202.7783401,149.5777992,87.50451204,73.51782636,243.385389,69.55656158,158.9248405,71.82067996,ssp245,194.7763387
2043,8,188.3753898,229.5534775,117.7848107,160.4037892,48.59270591,255.3941137,213.6572754,66.70595731,129.9492585,ssp245,85.97160625
2043,9,95.10667156,141.0180807,29.71689794,55.69494477,31.04809709,114.4233061,56.79808915,78.82133738,53.84468119,ssp245,99.6081105
2043,10,0,85.07021505,16.18808439,3.954480812,2.709648525,0.79697976,59.30249639,30.56913603,18.15174787,ssp245,93.88303997
2043,11,4.343366709,1.919444798,5.566800736,0.749482096,4.164710032,1.325374891,19.92611672,34.72144914,12.02772824,ssp245,0.004538972
2043,12,2.988693712,0.170602228,7.223315352,1.557691979,0.453114213,7.86E-05,0.971489178,2.441161467,2.838856828,ssp245,0
2044,1,0.189610199,0.209657107,0,0.032261956,2.763788207,1.24E-05,1.245349894,0.271618654,0.037341605,ssp245,0.00784034
2044,2,2.559712622,0.251396573,0.02995027,0.030097275,0.107765562,0,0.285417049,0.198920202,0.003437086,ssp245,0.019238794
2044,3,2.201745916,0.413185726,0.808763462,0.06986594,1.887467177,0.160885633,0.524801765,5.98E-04,9.17E-04,ssp245,1.264408382
2044,4,8.158982097,12.30455591,1.327864592,14.41798902,1.115465698,1.85307753,5.384917514,4.534640186,3.305514557,ssp245,1.027542512
2044,5,57.85089962,12.113652,8.077970659,2.644758113,20.54115415,12.5568435,5.860264305,38.87715147,0.070018441,ssp245,5.524359859
2044,6,73.23246261,113.6239304,22.84373799,4.95655149,29.22152803,49.08560984,152.7438849,25.02626151,20.40553594,ssp245,34.47214837
2044,7,153.4234601,218.3103861,45.23788284,142.3965638,26.92632862,273.6469198,187.1298221,58.02906466,174.1931974,ssp245,249.0345912
2044,8,81.34573199,235.4806893,124.7294397,250.0843574,196.0244667,262.2332111,52.18171566,148.607678,336.9600999,ssp245,184.1510811
2044,9,112.4092715,118.7990021,18.60916845,34.99472226,12.63088285,77.54080746,99.93845155,78.11424732,25.90832273,ssp245,48.45963762
2044,10,8.280930915,3.621694596,1.502013391,0.004921827,4.821640472,1.043462534,1.294905502,8.358844809,0.758728354,ssp245,1.18E-05
2044,11,7.290056247,0.003404143,1.18E-04,6.973007927,0.084713079,0.805455948,2.698145551,112.6673299,8.789806273,ssp245,0
2044,12,0.151831001,0.283830077,4.60E-04,1.350539639,1.559441652,8.30E-06,0.456780266,5.585219879,0.09800978,ssp245,2.012896492
2045,1,2.24E-04,0.183063006,0.173578058,0.015304161,0.115737983,0.760518448,2.246806778,1.474112209,0.27083825,ssp245,4.475932606
2045,2,0.811607572,0.001295184,7.55E-05,0.264986055,0.401681637,0,0,0.322741487,0.028822702,ssp245,7.96E-04
2045,3,3.499690653,1.295859487,1.092776849,0.276972901,5.159182118,0.027608384,8.066120899,8.98606371,2.93998803,ssp245,0.500128034
2045,4,16.09632769,46.42660147,8.468243347,33.83415137,4.544514676,3.050846544,7.136308548,24.6205221,5.217578006,ssp245,5.806219246
2045,5,44.37232194,26.82307437,9.946051256,1.489438964,34.43201092,9.393894902,3.460661746,39.59608472,14.57968368,ssp245,28.31468574
2045,6,25.09072689,58.72393923,15.67743375,8.69950238,51.71658159,56.76481371,55.75605504,88.34675787,12.27343483,ssp245,95.40616202
2045,7,139.2217357,90.36563353,78.19002249,203.8756184,127.11662,177.704635,198.438355,117.5617977,159.4425683,ssp245,68.36392986
2045,8,100.0080456,130.6141556,46.04190708,7.689340548,43.45171371,119.6072874,203.9752788,118.069819,169.1771944,ssp245,85.55184369
2045,9,33.24057571,73.8105485,29.24771952,23.18114886,74.7321948,9.617195733,250.7865372,58.81148331,50.75184644,ssp245,83.18404533
2045,10,28.27838472,51.0136554,4.779095444,2.730924228,113.4108299,6.629840739,24.81555323,1.878635378,18.02900686,ssp245,11.85803586
2045,11,7.20624738,5.050596545,0.146202262,24.26587882,2.347695795,5.345482581,0,1.044620684,0.424328132,ssp245,0.742719331
2045,12,18.67243174,0.09760646,0.115614932,0,5.068580701,0.64007315,0.027934587,0.227211678,0.046270415,ssp245,0.481584054
2046,1,0.640232394,0.030408449,0.025636397,0.263591503,1.347026935,0.112859353,0.009919816,0.029544254,0,ssp245,2.427282167
2046,2,0.718025454,0.001510268,0.0090654,0.015224288,3.936203244,0,0,0.386653304,0.313475438,ssp245,0.282788974
2046,3,0.176209811,0.038717364,1.266552934,1.883890564,1.989963682,0.445458337,3.186449148,1.352800445,1.231049517,ssp245,5.221113685
2046,4,0.408911899,1.097359566,0.707969444,14.87639244,4.650359145,23.71535834,27.38556452,31.30340815,47.16891269,ssp245,25.02025853
2046,5,14.77570969,13.83592643,8.481521263,92.05152289,8.415358346,11.24706422,26.57253557,19.07088789,28.60490428,ssp245,50.78735756
2046,6,26.81805943,40.83094816,19.83353118,43.84778479,7.454727346,107.8015583,22.37673751,19.42068459,25.97398264,ssp245,193.7341815
2046,7,61.58490274,66.96083393,227.5015121,29.3238542,108.8612514,109.2512007,281.9620954,203.213529,135.4107274,ssp245,234.2059217
2046,8,144.8303897,103.2739739,127.8445177,91.91807874,52.79736851,169.7516205,329.1103684,50.5173145,337.2374606,ssp245,289.3169229
2046,9,42.23071139,25.78271432,68.64971,86.53623868,35.59554619,83.38433888,19.84327962,148.3305504,22.76181172,ssp245,82.50986871
2046,10,8.244938705,3.881119282,1.104281849,2.241948925,11.267402,1.585831928,1.65533885,0,3.229611655,ssp245,55.30213013
2046,11,0.021032004,7.214931916,0.02889811,0,0.093352427,0.695924714,0.259529981,3.427591571,0,ssp245,0.388496737
2046,12,5.124404269,0.500059835,0.307332151,4.625733562,0.192219845,7.81E-06,1.868194271,8.240391375,1.225455,ssp245,4.120133677
2047,1,2.09E-04,0.06285523,0.105534913,0.012266121,0.182455912,0.053726571,0.00539311,0.157074547,0.0427989,ssp245,4.802641632
2047,2,0.82484531,1.275860798,0,1.11E-04,0.052726191,0,4.0447351,0.225863346,3.426665287,ssp245,1.812413434
2047,3,1.995458659,0.733611471,0.011191913,14.72116974,0.02068977,3.372092888,0.032400033,0.047072272,4.968558769,ssp245,3.302367197
2047,4,3.366018927,11.6150173,5.597764954,7.281938754,15.04785948,0.2352478,18.50398256,0.003654313,0.493376559,ssp245,31.74910121
2047,5,2.439744803,22.75976158,6.816688361,31.8004997,3.574300041,6.942140676,23.59218497,1.254460828,5.990601092,ssp245,46.95296486
2047,6,49.51054858,61.74461639,13.04223782,17.86803617,128.2542733,34.97111634,36.21347472,20.19904172,5.901774953,ssp245,60.07591196
2047,7,181.0324028,169.194201,94.50405072,74.97305294,33.94974448,430.5183116,383.6688835,190.8024884,126.571415,ssp245,167.6888782
2047,8,304.1353075,175.1653723,62.97744704,134.8357483,246.2711805,245.9550038,174.5674062,200.3857674,181.9245703,ssp245,82.98026917
2047,9,78.44008756,36.29403108,74.41635333,59.7952,35.58314279,82.67559402,77.40478108,45.97665695,92.83143286,ssp245,144.2573669
2047,10,13.93024023,6.082372223,22.74514243,3.128122711,8.769919597,3.886737049,54.3330814,48.66442975,14.46517011,ssp245,22.74658995
2047,11,11.25820709,0.957559543,7.033556021,2.681596615,3.768072519,0.824727366,9.80E-04,1.748332677,0.98345323,ssp245,33.54485343
2047,12,0.178710729,0,0.089827121,0.870306223,0.005274536,2.06E-06,0.01324068,18.16522156,0.271356983,ssp245,1.892370853
2048,1,0.01188855,0.259636902,0.009216251,58.4191046,0.959197413,0.987267428,0.226305149,0.8021681,13.2861363,ssp245,0.461960403
2048,2,0.222087573,0.8332711,0.023422688,0.002848416,0.327594543,0,0.00607489,0.220563847,0.131189731,ssp245,1.433851168
2048,3,0,0.002658527,2.507214172,0.006071894,0.015254983,2.814788497,18.65816257,1.213526829,0.238387548,ssp245,6.987223585
2048,4,5.709151909,1.246612526,6.16797936,24.18374395,19.12967867,14.04069855,1.710813549,14.93678251,8.819187417,ssp245,6.077587048
2048,5,3.51575351,60.82634765,21.05361275,5.793887246,17.95367111,10.68106162,41.73498469,41.37465797,7.902489088,ssp245,42.80852892
2048,6,64.61296097,160.9497735,151.4172463,42.9523149,46.80791678,45.36416657,5.050960054,65.81399529,33.38137924,ssp245,64.0834495
2048,7,108.5824874,286.0491365,46.43994298,122.5959439,154.2728908,178.4281801,185.4119081,89.22330987,74.43352458,ssp245,111.1494321
2048,8,104.4855059,291.1520998,90.554312,50.88417592,134.6258328,222.2516773,67.09468599,261.0514164,323.9064717,ssp245,102.7343355
2048,9,99.72755934,108.1496935,42.18835008,74.33320765,39.19625096,14.80732864,35.40479371,91.806703,24.62912914,ssp245,65.30611152
2048,10,9.81879498,3.316993608,1.72567191,16.73621315,0,3.164618247,53.67310657,3.771668135,32.60048412,ssp245,15.34453899
2048,11,8.558471146,0.815467114,8.857334811,24.39527419,4.946594794,0.503631562,9.79733559,1.885894837,2.310506542,ssp245,1.016833956
2048,12,8.578785679,1.769708155,0.010761034,0.301962763,2.267440253,0.933648002,0.809539403,0.248909939,0.52612971,ssp245,1.787181737
2049,1,0.100677789,0.001467029,0.169163853,0.169007337,5.69E-04,0.267335201,0.103188179,0.618889907,0.036990775,ssp245,1.27959932
2049,2,0.001931685,0.042534922,0,0.282189136,4.348303546,0,0.515880757,0.050896379,0.005083545,ssp245,0.143944063
2049,3,3.111713457,0.659680556,4.240308203,3.37051985,3.917117584,0.314326304,3.544731895,0.5555397,0.097720716,ssp245,0.068530016
2049,4,16.12706736,7.531954922,5.164318885,38.60668088,11.08374119,10.96875581,5.203238907,14.23775169,3.454447392,ssp245,6.745584435
2049,5,20.053526,2.468761589,32.99131244,1.38329387,4.019810018,48.77039245,4.270842879,12.79564878,8.515859089,ssp245,11.1940485
2049,6,47.96695103,78.64951486,4.524903505,78.68995247,43.96191913,62.10386378,24.82989234,28.80276031,27.15440718,ssp245,120.9307561
2049,7,129.1510075,285.5845257,46.3799178,223.3821848,118.4632948,258.0616032,94.89220474,46.58296117,39.44058669,ssp245,93.43766934
2049,8,357.8368046,234.4883534,79.84532274,302.6951972,67.33073648,118.2260055,297.3047439,217.5950769,179.2267388,ssp245,229.8302521
2049,9,30.75094335,162.2100925,46.27039508,81.4495538,54.85253345,57.5651728,86.68133344,93.73377531,49.33691517,ssp245,112.912655
2049,10,1.078034385,6.759720023,2.052553018,0.923309606,1.176350918,1.450309153,3.74746966,10.25520505,12.13296427,ssp245,3.541720466
2049,11,5.14268068,17.16096587,2.250359243,0.133667365,0.249482562,1.317256792,0.19502752,1.516506858,53.65479632,ssp245,0
2049,12,0.011290466,8.470469976,0.35328303,0.18988123,1.75014135,5.264359149,0,0.002208193,5.025069582,ssp245,3.799054621
2050,1,0.047399215,1.468898053,0.0375632,0.076553916,0.30085588,0.40812688,0.564980453,0.259393101,0.910161647,ssp245,22.7491707
2050,2,0,0.721540249,0,0.121060412,0.018465795,0.031847505,0,4.01E-04,0.031642968,ssp245,1.160607197
2050,3,0,9.263474023,0.423428199,1.403631267,0.514742167,0.663348616,1.404635616,3.027475191,0.07893239,ssp245,1.82414366
2050,4,0.010931337,7.724691991,11.05089783,5.491128857,27.27925855,22.12361448,2.273848118,21.58091262,0.132882569,ssp245,7.53664363
2050,5,5.265404394,51.60838376,5.090995539,8.887863512,20.05979311,7.94334435,6.152667303,33.28774449,15.93002897,ssp245,17.01886917
2050,6,95.52093855,23.0526868,18.3292229,88.40807178,52.95831772,99.8862773,69.69761165,65.54729831,18.34432208,ssp245,45.75071405
2050,7,350.2985354,245.6175083,45.44745062,363.1259367,111.4538071,244.6540691,110.036586,100.0849723,144.266639,ssp245,119.8787925
2050,8,83.28027364,248.2705611,120.4786822,172.2119988,125.7404716,131.0673025,138.847131,75.66918256,305.2599309,ssp245,129.2955109
2050,9,91.26481056,93.37695065,39.53028394,32.35499309,266.990989,29.88575314,34.86676845,100.8158417,37.77121726,ssp245,154.8081776
2050,10,4.342764026,87.6253147,1.857377383,2.586600165,4.00E-04,2.841461249,6.997831889,5.306290672,5.251680436,ssp245,42.27198821
2050,11,9.082191671,2.747009478,6.621690838,5.304472246,1.248087896,1.75147966,0.033138989,0.090478492,27.7614704,ssp245,0.050815732
2050,12,3.122296234,0.992262707,0.502436928,0.864429856,0.351141357,1.52E-05,0.254695836,0.963670596,3.374081283,ssp245,7.669300356
2051,1,1.068013191,1.23796279,0.184388311,0.304652702,0.129770658,0.157714768,0.001746219,0.242254866,0.020175088,ssp245,3.608983226
2051,2,0,0.611212712,0,0.01708835,0.06740514,0.265794779,0.220436712,2.83E-06,0.023175581,ssp245,17.70361761
2051,3,0.135912627,0.099924984,1.379396747,0.112563846,5.316852221,1.171501536,2.243385967,3.040453221,5.662149575,ssp245,12.04330133
2051,4,2.534260462,2.726594691,2.278686837,4.528832721,7.366828775,9.644238759,26.54365484,28.78830017,27.39958005,ssp245,10.33986787
2051,5,10.09311604,4.291484133,18.82451268,15.1206232,9.030979285,20.63390017,3.597981145,9.462897604,13.49667047,ssp245,21.77749777
2051,6,52.0211764,31.58076307,69.37325044,100.6128873,51.40826157,165.4905256,59.80937723,63.57158918,3.379298009,ssp245,146.5998374
2051,7,95.74368438,286.0232491,127.7683851,76.64136334,153.3716988,112.4993866,224.5115873,327.8391483,145.2686749,ssp245,159.2584109
2051,8,272.2178623,296.3895635,131.539863,288.3296181,63.72678923,196.4481482,290.5167927,63.66610708,289.8131384,ssp245,214.300929
2051,9,144.948315,91.91060697,51.57042067,34.34564984,58.41921708,98.68518507,71.51479912,100.0463345,25.8999392,ssp245,21.52071176
2051,10,7.377086313,2.053617777,1.564208625,0.007878204,12.80096254,1.541797224,1.90E-04,1.65842877,9.239498492,ssp245,6.808675367
2051,11,3.923429993,0.746702124,0.025191168,0.036136139,1.32321248,0.033602258,1.05E-04,4.21208221,4.457253225,ssp245,44.51114905
2051,12,3.502424802,0.006626095,0.012821938,0.022915349,0.592702049,1.44E-04,34.05052783,0.030704215,1.303294993,ssp245,5.021503478
2052,1,0.772260712,0.001149048,0.007692721,0.086821721,0.336663006,9.50E-07,0,7.11E-05,0,ssp245,0.310802694
2052,2,1.28E-04,0.060650485,0.004165134,0.283167179,1.992123626,0,0,0.008285203,3.49E-04,ssp245,0.408418554
2052,3,1.192087416,0.208640452,4.990381617,12.77214266,1.451615954,0.849778656,0.55429148,0.456197574,0.289139794,ssp245,1.136007481
2052,4,5.889507822,4.452604266,3.818702276,19.18834051,16.64627816,1.064627386,23.34845865,1.955043825,30.41795444,ssp245,21.37712332
2052,5,19.36780617,1.924064267,20.04678504,6.11945064,8.932170919,3.760386555,11.68180923,10.09204715,14.13587845,ssp245,16.26232257
2052,6,103.8628551,183.8350672,38.00324272,32.41939326,40.37391503,29.36183888,75.89127121,46.49166196,30.46140422,ssp245,65.50213964
2052,7,109.4932395,379.6840465,143.0399864,114.5429599,71.729288,83.67754087,71.7926353,29.86610954,19.43810148,ssp245,176.7651502
2052,8,105.1073546,356.8192984,56.0843658,497.1033703,116.321249,405.232189,176.8218298,110.6558377,161.7768093,ssp245,241.3717123
2052,9,36.52791214,151.5190318,18.21100411,15.35967931,19.41334769,166.6387244,28.93737828,55.49833959,57.30360884,ssp245,77.1470528
2052,10,1.817501257,3.228371647,27.84715248,0,6.394300577,26.57203369,9.480459542,3.092811048,12.88389352,ssp245,0.991920824
2052,11,3.277364655,0.17718548,0.758244971,0,0.876444774,0.120276255,0.003907919,2.99910563,11.38688479,ssp245,0.014675998
2052,12,0.662938693,0.88220181,6.42E-05,0.041513903,0.04381638,1.39E-05,0.011107897,1.587671008,0.014217756,ssp245,1.987896483
2053,1,0.052705027,0.001522865,2.76E-05,0.726198257,2.788629691,0.009653325,0.480600287,0.020852784,0.004513875,ssp245,1.491243633
2053,2,4.33E-05,0.149536814,0,0.065429854,0.016548857,0.018051541,0.006050876,0.318314361,0,ssp245,0.428744114
2053,3,3.069528392,0.278817742,0,14.17959485,0.11356055,1.430107707,3.017953106,4.178637099,0.942363607,ssp245,0.0082304
2053,4,0.009564233,27.12571826,5.692955173,11.19682818,11.49384005,3.67594451,6.423157225,7.422209503,0.50597327,ssp245,13.28277095
2053,5,35.73048636,65.4939785,15.16128558,21.35778216,32.87752855,5.141764307,2.474205013,27.34727286,4.454228723,ssp245,16.58694147
2053,6,86.09785448,10.77468145,27.49765704,31.94440253,142.7716723,109.3295598,30.43250444,82.23115021,21.10843153,ssp245,19.93430244
2053,7,146.0004091,349.526332,117.3061461,98.04392666,66.71316091,289.0662696,107.9522639,18.30700895,109.7221268,ssp245,184.0043291
2053,8,87.5582324,238.7101606,57.33215319,274.4759978,82.67854164,524.6637542,128.2035067,230.9470762,224.2823831,ssp245,151.3998791
2053,9,61.10132088,99.66983562,59.84825852,58.26494222,42.92507755,71.97789998,16.96435866,30.81535268,74.39544629,ssp245,13.85332809
2053,10,37.46184524,42.59863314,2.241921855,0.129066861,2.250168949,0.724396794,76.91689564,24.00654777,0.64603878,ssp245,10.56252679
2053,11,7.003275004,53.87867774,15.10949457,0,0.008134323,1.84E-05,2.489329814,17.81808536,0.56076858,ssp245,1.301025647
2053,12,0.958732145,3.737082842,2.604801866,0.3437403,0.11440636,7.65E-05,2.158645843,0.371363547,0.438956649,ssp245,2.7347421
2054,1,0.23161366,0.102111332,2.98E-04,0.035332991,0.292537649,0.028977979,0.002165988,0.016954365,1.725034362,ssp245,0.019556961
2054,2,0.049701565,0.647841071,0,0.914138777,0.14635247,0.002091521,1.608471154,0.019545612,1.68E-04,ssp245,0.004291907
2054,3,0.095240386,0.103727114,6.46443812,4.197327504,2.782305299,3.38314273,0.099469668,14.42348114,0.003172399,ssp245,9.21E-06
2054,4,6.082882022,4.236005743,3.853342989,0.053948154,14.94551891,9.282975963,9.066866769,7.984430582,0.824211473,ssp245,0.0910823
2054,5,47.38324258,35.95961013,11.26988836,19.47209653,50.18511725,1.234417217,80.93371142,19.84893254,3.533482113,ssp245,0.386164004
2054,6,39.00638677,135.8282946,41.20846848,6.857097172,47.07536198,133.6498725,28.71813688,58.90891222,20.00256132,ssp245,148.4578929
2054,7,292.316227,218.4524092,107.7327823,161.9833481,51.35421195,273.9037392,107.69891,104.77748,166.0394268,ssp245,104.4227499
2054,8,97.11252651,152.850496,616.7095749,144.4101422,162.3696952,175.9450569,169.1900405,121.1955623,215.7909962,ssp245,225.5033647
2054,9,50.11120913,47.7117808,15.55640891,70.44778503,9.615434884,27.11358607,50.30729144,126.2110905,49.56611793,ssp245,105.951694
2054,10,37.35030543,54.04554157,0.839682023,8.311379849,31.07452357,0.889368162,0.65170736,9.985121915,5.656239501,ssp245,9.517115992
2054,11,1.060419402,4.565644234,0.326909789,7.774613315,2.894220723,1.13E-05,0.099673964,3.214269537,0.929122165,ssp245,4.993353692
2054,12,1.719572907,0.251074939,0.823552557,0.299096076,1.781902919,4.215786686,2.143182152,0.099067299,3.682609868,ssp245,5.509584594
2055,1,0.4764782,0.148104599,0.093782781,15.39947864,0.0228556,6.28E-05,0,0.073035791,0.206501358,ssp245,0.234963772
2055,2,0.358408693,0.099221249,0.221686844,0,0.703850748,0.005811311,0.477116821,0.052003685,0.020647443,ssp245,0.155381776
2055,3,0.016826356,1.395240175,2.066973518,0.002854719,0.036981285,0.284225397,0.790291113,0.313299387,1.057170285,ssp245,5.326806484
2055,4,4.81160515,6.45630408,0.486680657,24.11393479,0.699185737,9.219747578,21.66734105,11.14367279,0.4789103,ssp245,12.78657537
2055,5,14.09685253,6.380663761,47.16556311,10.295328,20.42907891,24.09770132,39.18104262,5.22337895,13.3014182,ssp245,63.30773512
2055,6,63.84623919,7.127912922,25.27391789,13.86879251,65.16439945,82.4274998,92.59290937,22.90301833,55.19833581,ssp245,54.84572383
2055,7,246.7076686,319.4492758,101.3455409,142.7076066,144.5607576,150.3254557,156.6666313,79.25942858,57.47636338,ssp245,104.8723856
2055,8,178.3385362,154.6337431,77.69393158,259.8591448,58.14193249,78.97637697,110.8380954,66.32859978,242.5907276,ssp245,76.15739377
2055,9,36.64724774,276.5362676,42.82403808,35.19161444,50.7986786,69.25934643,79.54198379,121.0234313,36.85248567,ssp245,41.93030866
2055,10,5.147602904,12.27380162,14.58107563,7.716042238,0.729396727,25.99629217,8.519191528,8.892847733,36.65954239,ssp245,25.7530122
2055,11,0.524484931,1.724731233,53.18932956,7.805210388,8.145092192,0.044422432,0.074547707,0.194447523,0.144176234,ssp245,2.063732835
2055,12,0.804462528,1.42290297,1.23024401,0.274479839,0.341403699,0.142936542,0.156451384,21.63612044,5.218969478,ssp245,0.480270303
2056,1,0.047033169,0,0.277472432,0.402947356,21.14456408,2.41E-05,0.430528322,0.109674475,0.002333402,ssp245,4.825907741
2056,2,0.315320528,0,0.010176726,0.015900429,1.314515316,0.001955376,1.825703264,2.67534193,0.172319358,ssp245,39.09336459
2056,3,4.844659502,0.082941785,2.688140251,3.844828993,2.254140806,1.835083156,4.244124629,0.147563855,1.050147555,ssp245,11.36818507
2056,4,16.74539355,10.5428405,6.542779065,13.43252939,2.626508199,4.968309128,24.0180291,55.17798375,0.785432308,ssp245,26.28868158
2056,5,11.66800471,25.90149976,17.16635666,52.30522623,38.63101221,30.74617928,63.09141253,56.95863978,17.52514933,ssp245,72.31272919
2056,6,95.33649443,142.7783564,44.16031949,24.48506785,15.08418708,88.81918694,3.164000794,149.1991178,32.5224756,ssp245,142.6727118
2056,7,131.8743102,236.9237146,82.78908091,114.5582827,57.11864457,178.4932396,304.4060697,140.0201693,173.0529594,ssp245,242.5910944
2056,8,172.5003075,178.588127,52.72132807,158.325673,61.34492048,236.5729164,91.13521417,82.40235478,241.0752407,ssp245,206.0098385
2056,9,38.5647763,15.19366202,35.5075028,31.24659847,51.22569369,10.21591709,9.407716012,79.29604633,141.9155587,ssp245,81.30374371
2056,10,9.126190908,7.821112914,4.80876013,5.840079789,24.89469333,5.564451439,2.783162999,4.421072382,5.087351283,ssp245,6.379079254
2056,11,2.05054952,0.051094076,0.633172501,11.49989187,33.20733656,0.359451074,8.419829185,14.83711742,6.001907023,ssp245,0.066352489
2056,12,2.304956082,0.533004996,0.16895843,3.100756696,11.90498595,0,0.416414437,7.076070555,17.70533021,ssp245,0.974071845
2057,1,4.178573954,0.12582351,0.066556873,0.330801458,1.595639324,0.308655395,0.160566917,0.04524773,1.381553231,ssp245,0.628199274
2057,2,0.23678234,0.023094357,0,2.81808397,0.36660663,0.029528028,0.1050458,0.05118957,0.02096469,ssp245,0.372228146
2057,3,3.563949939,0.41220482,0.020448786,3.22945736,4.704222575,1.654020631,2.365581453,1.377731527,5.546946809,ssp245,1.371002379
2057,4,14.24043123,14.2878265,7.029156295,18.5650861,21.48952338,8.138535597,4.73436421,14.42022071,29.79688751,ssp245,1.481481833
2057,5,16.44203847,19.90167577,4.919000465,25.42451974,10.45759705,1.465462838,36.50636012,50.20260316,28.94937016,ssp245,4.45870967
2057,6,35.87253412,53.13145953,29.06537298,15.86581409,23.06222628,70.62157303,67.14247934,55.76898084,57.44691289,ssp245,102.8152271
2057,7,110.7733511,249.2793194,140.7282557,74.20408238,258.0386391,164.0178057,308.6964079,154.7131355,219.4482795,ssp245,195.6824769
2057,8,168.3381079,290.4982875,174.5871681,33.04824765,43.50301764,168.7178505,118.5358947,114.0457013,77.69801492,ssp245,156.6183821
2057,9,109.667846,181.6071298,25.94254137,11.0019722,87.50485488,69.76896946,44.76936098,85.16227094,52.54614573,ssp245,65.28316914
2057,10,20.31869079,25.49043176,0.560980322,9.820291597,32.99548493,7.804772611,1.167873836,0,1.144305864,ssp245,17.24287036
2057,11,0.156959547,39.1796859,1.446452881,2.751477835,0,3.72E-05,2.609579467,1.982237251,0.090583252,ssp245,1.814843355
2057,12,15.88289251,0.232926807,0.394012214,6.380135298,3.85E-04,0.116833883,0,0.577576744,0.971070365,ssp245,0.036041415
2058,1,1.551139646,1.539805863,0.179624475,0.01599104,0.085920914,0.020846581,2.388715974,0.026790138,0.05035106,ssp245,0.003126564
2058,2,0.00407333,0.048118201,0,0.020188078,0.019869896,0.109009386,0.009229176,5.75E-04,0.008354754,ssp245,0.013846719
2058,3,1.415468698,0.198733562,3.979304009,0.004624147,1.552140402,1.340514196,3.644336404,0.210932859,5.816498233,ssp245,0.001651691
2058,4,10.3622287,0.548306437,3.750827603,1.315474623,29.70933502,18.25502851,1.493395628,5.008717614,7.750740909,ssp245,13.56563553
2058,5,2.834275093,17.40328124,2.117158074,4.439867728,52.55826526,9.061956695,40.55602157,2.306293543,4.065984998,ssp245,5.799351309
2058,6,68.22899073,25.37817362,43.57022046,8.93809701,23.49435746,65.39652357,66.98445361,20.05726332,9.402299085,ssp245,56.74713038
2058,7,139.5873786,282.7152647,45.33076271,195.9860085,120.6213569,227.1486499,452.7050245,45.75764635,75.33814482,ssp245,75.36946177
2058,8,267.2569194,276.5205056,113.5821252,316.818629,325.4763441,108.4316183,434.9917084,200.2700177,169.9067738,ssp245,175.4147561
2058,9,66.39360497,48.77192444,20.39229174,37.44739259,48.95242227,100.8988202,105.3353813,92.46534813,70.1137198,ssp245,30.0145341
2058,10,76.83931817,43.01601904,9.029941636,0.054857647,0,0.54657649,50.50306085,25.84648501,15.88621564,ssp245,2.407363111
2058,11,11.78164318,3.703634942,2.306315069,0,30.11744751,2.833239885,0.954324091,3.418503025,0.351757614,ssp245,0.592999197
2058,12,2.014336869,0.009080163,0.796599345,0.177185147,0.294844312,0.539858561,3.703659245,0.239385299,12.73251182,ssp245,0.059654337
2059,1,0.093163206,0,0.162091222,0.002017713,11.0080636,0.012552552,2.901932105,0.312252929,0.057363644,ssp245,0.395988124
2059,2,0.235769909,0.016141346,0.149659242,3.18E-05,0.83830485,0.096486606,4.940722427,0.843659091,0.022402023,ssp245,0.001999812
2059,3,2.823188906,0.26089014,0.585910566,5.075309925,1.943712648,2.630782724,3.590712,11.18664698,0.088800807,ssp245,0.018040543
2059,4,37.88511855,12.48387479,7.937355009,5.948146022,12.28628157,8.640784632,17.18891539,10.66654563,2.667400391,ssp245,17.70601705
2059,5,10.86663582,10.16728464,10.57717996,0.65853405,11.27797676,20.13953833,10.11681317,37.93128244,4.81704696,ssp245,69.94529919
2059,6,121.9110665,30.2343942,22.05691246,22.10225952,62.31432183,32.1142395,37.17063716,65.05744999,9.953057619,ssp245,26.38333941
2059,7,162.2889268,109.7111264,139.9489395,67.44695247,115.9400618,258.248417,172.7170829,69.39112611,242.1674625,ssp245,108.6127481
2059,8,114.3679419,246.6706842,123.5645054,136.7240039,84.80706453,198.4397258,137.9749581,154.857964,328.7783223,ssp245,147.4600293
2059,9,101.3844936,38.68322467,30.73643698,64.29849855,29.22238401,30.56383924,45.68214314,29.77011182,82.87434277,ssp245,91.44456786
2059,10,13.35197743,11.17102846,1.909445851,0.837195163,26.42851344,4.017036241,2.120683618,24.36142892,17.43593398,ssp245,3.102551282
2059,11,0.838762896,6.809157998,20.11547815,0.263735377,1.08235352,13.68252507,8.58E-04,0.939759998,1.039309162,ssp245,0.04659552
2059,12,0.322864948,2.03735401,1.090159244,0.335659287,0.559266714,20.77572089,0.08575897,0.619612754,0.136882802,ssp245,0.636366311
2060,1,0.095813234,0.120408079,0.004287352,0.059387772,0.004506401,0.018862809,0.128906333,0.109891659,0.150377115,ssp245,0.790266266
2060,2,2.551577121,0.040558762,0,0.028705305,0.05327163,0.007873961,0.629977167,0.222976447,0.010357081,ssp245,3.30273806
2060,3,2.906555149,5.316707158,0.192533384,1.541941085,1.278685796,6.970839593,14.6643669,0.279944392,0.435553159,ssp245,7.167296581
2060,4,27.15090222,8.52041483,0,33.0421819,13.69713111,3.605786833,25.10491308,11.43243679,5.58712439,ssp245,12.56440595
2060,5,17.22160421,22.6901316,7.522854418,15.23037199,16.95193549,15.76870354,9.641194131,15.59072643,0.977204709,ssp245,38.66169956
2060,6,9.487618171,41.95845478,28.5985644,25.55303064,76.97265781,317.9096438,91.99710309,58.41190671,37.70923666,ssp245,32.2746238
2060,7,173.1688583,104.2166075,196.7039314,39.39836452,67.92634475,110.9786735,109.0020707,86.4570349,134.8109781,ssp245,135.9786107
2060,8,170.8176285,246.4072736,83.89892199,196.6495602,134.7961004,347.0924361,134.6822706,228.1061791,259.7776221,ssp245,230.0538728
2060,9,62.25216722,47.70104145,36.415631,47.90562703,21.12903198,238.1356004,21.55402117,49.52417464,65.04003673,ssp245,110.2620837
2060,10,11.0118016,0.120629165,2.468033978,10.56879844,2.044146936,11.77370192,13.8665706,8.972305012,29.36376398,ssp245,188.7975959
2060,11,2.485854316,1.55812657,8.533593807,0.79933665,9.257763652,2.77335967,4.413585254,0.072225424,0.469043782,ssp245,47.06241083
2060,12,2.357576645,0.063147424,1.23E-04,0.027086195,0.528697515,0.118709229,0.003071911,1.659377077,3.696709123,ssp245,0.793490883
2061,1,1.383593643,0.001312767,0.125345164,0.098415271,1.493425472,0.135055103,2.709663028,0.794793381,0.194217148,ssp245,13.48558271
2061,2,0.021013326,0.870111252,3.09E-05,0.007254522,0.496422895,0.007147417,0.151083055,1.15E-04,0.010857126,ssp245,0.023789658
2061,3,1.436364446,0.06071808,0.013602398,0.945978028,0.987435913,0,18.26475358,1.742794468,0.005232,ssp245,3.423103533
2061,4,3.557343182,2.817626672,4.289783681,30.18451478,13.57240521,2.154334772,3.415742543,36.73466726,0.183502713,ssp245,0.742416867
2061,5,18.48743063,36.03001822,6.310734474,34.77824711,38.40772226,2.201787559,1.235500907,30.38623917,1.991245131,ssp245,4.596824526
2061,6,56.09761575,6.325988052,62.2415179,58.22400492,13.53285933,28.17763236,37.5444053,72.6474089,44.53061341,ssp245,5.321881945
2061,7,130.2996146,248.0457729,64.4208691,22.18603799,16.70963467,293.9650523,272.7761791,4.656693519,33.74728668,ssp245,110.4284793
2061,8,131.6225223,127.4830929,194.0425442,95.848282,187.9335932,314.9540421,184.1435587,172.6672791,14.0972845,ssp245,245.1857062
2061,9,87.56340599,189.1850406,65.94070394,53.12523967,54.69374873,96.27536468,65.1944958,103.8015228,70.77965715,ssp245,132.3287696
2061,10,5.027452727,6.042833124,1.099874998,1.525175534,0.652590226,1.42960461,6.492317268,0.359708352,19.65087096,ssp245,19.9351811
2061,11,0.456691027,0.677605597,0.361465221,5.25E-04,20.83174722,0.743323157,0.892944828,5.996086261,3.04820782,ssp245,0.472954977
2061,12,0.771124398,2.746758229,0.202532005,0.291739159,0.040809896,2.581170158,0,0.375161497,2.849675483,ssp245,1.566847532
2062,1,1.619368779,1.304992107,0.092069358,0.022744196,0.044089608,1.314610998,0.02647506,0.079565596,2.731137099,ssp245,0.521712226
2062,2,0.016304441,0.219646086,0,0.001254456,0.057469502,0.011081365,5.03E-08,0.75583633,0.572685078,ssp245,0.028748248
2062,3,3.432756081,1.463357814,1.551140799,6.403523848,4.982328535,0.348587724,0,4.998679779,5.967717727,ssp245,3.47E-05
2062,4,3.313670138,27.97448266,2.520551597,4.37577192,5.103674403,11.35113282,6.272477837,25.46137795,1.805465858,ssp245,34.38334506
2062,5,6.067863307,20.59833242,6.915176895,9.984633229,15.16193129,19.65166415,11.0875837,90.48494805,10.15079286,ssp245,31.28823115
2062,6,20.77118934,5.316063047,20.37780918,84.19147378,86.39659331,38.81636749,112.6466147,28.02772486,15.96015296,ssp245,59.56330335
2062,7,190.2204731,120.8448294,138.5826321,283.7360474,124.3705562,252.2685007,270.003524,231.4955981,89.82990901,ssp245,253.2276451
2062,8,96.10381191,449.4825583,138.2101087,406.4269664,112.6945795,186.7741372,257.6902,105.4515376,201.4242035,ssp245,164.7901799
2062,9,40.67713477,48.63098904,32.26381095,40.34579875,54.81718139,15.58599941,67.06443586,40.89037592,108.1779171,ssp245,151.6779814
2062,10,9.957634117,6.918298662,7.079597373,0.559748201,0.146207655,0.575330731,5.902297415,10.32653829,13.06244025,ssp245,14.22367269
2062,11,0.393711106,79.54251234,25.54976293,0,2.863787181,0.177624826,0.004903996,6.05793167,4.927395452,ssp245,1.512244235
2062,12,0.037480122,0.018262955,6.837972169,0.02641857,1.216654617,0.048016441,2.32E-04,6.360776218,17.67923047,ssp245,0.401076904
2063,1,0,0.066703127,0.182387598,0.02705722,79.62003596,0.089421565,0,0.546772087,2.59E-05,ssp245,0.009558185
2063,2,0,0.171906905,0.071362035,0.213686924,0.08339651,0,0,0.030126477,0.018109793,ssp245,0.221710958
2063,3,1.99417206,3.33821708,0.462350043,1.475893854,0.209809189,3.63677651,0,3.886459299,0.061821871,ssp245,16.78277904
2063,4,4.259977917,8.618246575,5.975891829,28.66858707,0.1572421,4.530949455,3.226027879,2.287173267,0,ssp245,9.362252903
2063,5,16.05860044,23.03192854,28.08401922,1.513653365,70.37356772,0.749780359,3.376530299,36.89878448,27.56799934,ssp245,8.499082275
2063,6,33.07774902,108.2704949,106.0801664,22.64459753,21.99063971,21.49972941,32.10622157,32.70960778,33.94930075,ssp245,48.69405888
2063,7,148.1927882,173.6093062,107.5958237,105.8332746,90.3345442,145.1489529,314.9496262,47.95581912,180.0239452,ssp245,192.6057397
2063,8,112.1810141,263.6948433,219.6589073,271.93229,32.36432708,186.2075589,238.5788883,50.91044637,243.5601861,ssp245,141.0054579
2063,9,157.3767905,110.8427927,120.3812208,98.68957453,18.51216821,42.17424852,20.96229398,27.71596311,26.49016211,ssp245,71.36254663
2063,10,40.63579647,0.771318363,1.183872493,4.987695673,34.80735482,0.608815577,16.84167052,80.1210601,55.21972109,ssp245,11.45753026
2063,11,0.575432216,45.85693892,0.368993148,6.751767929,20.63131528,3.015630769,6.764317072,12.15092732,1.507408855,ssp245,37.7495862
2063,12,0.128796646,0.19581398,0.215403352,0.71944347,0.001432874,1.79E-05,0,0.455129411,0.307579124,ssp245,10.14673088
2064,1,0.474038297,0.014890784,0.017536602,0.001858376,0.956848196,0.006908,5.27E-04,0.471750496,0.823059789,ssp245,0.047510414
2064,2,0.303419174,0.260825639,0,8.81E-05,0.422054005,0.24736774,0.007056565,0.002556635,0.073707621,ssp245,5.923247702
2064,3,0.471235403,0.146820932,2.562409426,0.160631773,0.452919338,4.050322711,0.202917943,0.679331499,0.964497089,ssp245,1.906749155
2064,4,26.63053238,10.6837194,5.204643067,3.208111645,3.480886294,0.917404058,15.60399437,5.20949923,33.23232862,ssp245,28.56882623
2064,5,66.36986611,16.57194899,13.09785234,7.794492494,9.662290688,75.77573591,52.87260925,18.08286588,10.64395925,ssp245,21.02445557
2064,6,45.46383864,11.30509932,63.96090154,19.15287737,16.58526921,10.79354528,35.72223129,75.02438882,33.17748231,ssp245,23.31512521
2064,7,270.3330864,65.31947723,146.5560691,259.0373697,103.2707282,178.7032306,98.01576557,44.09656046,146.4460888,ssp245,56.91569242
2064,8,267.7695412,253.7528351,164.1464093,150.6233486,198.956327,121.3362384,337.7320722,107.2243355,293.8915749,ssp245,216.7125278
2064,9,18.32615207,74.7193523,32.66470544,86.59382297,33.65727453,36.01145745,15.64523988,41.89681021,111.6126637,ssp245,62.15339957
2064,10,9.937095245,18.82062804,6.341604974,1.200561615,11.51629026,2.807338506,0.040024981,1.636674845,17.7692185,ssp245,3.688492624
2064,11,1.973027896,17.53637687,6.430938602,6.933448845,0.948290629,0.084472275,0.513694784,1.958783765,0.078584716,ssp245,0.460179032
2064,12,0.115106911,6.488582418,4.9597772,0.02761207,3.655657842,1.83E-05,1.542487088,5.2147411,3.559022529,ssp245,1.713297196
2065,1,1.646593285,0.00834486,0.151437339,0.047867851,1.059343887,0.079939526,0.053233072,0.38637082,0.691007333,ssp245,0.034315402
2065,2,0,0.1431572,0.113893867,0,0.015214366,0,1.48E-06,0.029805363,0.002532289,ssp245,0.012300119
2065,3,0.80685373,0.26147437,0.274457255,3.74221294,0.240037137,4.847413393,1.497437003,3.359624208,3.198734062,ssp245,0.037385529
2065,4,16.39877741,10.16448647,5.645349368,4.509535789,11.2101119,3.27742666,0.430913493,22.10400482,3.656783803,ssp245,10.08522254
2065,5,2.301214654,72.20402017,16.63060764,16.24144106,47.76410875,20.56462698,13.48961267,46.55555859,12.73762939,ssp245,2.827227983
2065,6,73.82659996,25.23689632,46.36156562,72.55019695,5.868768801,140.2064132,44.43647006,74.97150732,13.72600865,ssp245,84.91882499
2065,7,130.0633052,136.0742049,228.5399154,107.7319262,63.26204682,272.6033188,222.8886973,53.21748956,105.9244181,ssp245,77.13954835
2065,8,134.3481698,181.313155,140.6509359,142.1069336,281.049221,100.2233212,205.7668485,237.8313371,404.3821074,ssp245,126.9660013
2065,9,21.58863277,128.4151684,35.15381404,3.846579114,14.72179412,66.67717962,216.7528971,71.14948251,26.14953699,ssp245,100.3965067
2065,10,12.05989562,136.8781766,1.368112987,1.382357881,1.22796796,7.464776284,31.47038682,16.43739031,27.07277252,ssp245,6.48438997
2065,11,3.812236419,2.116854839,3.888198165,0.565768269,1.447731871,0.484651962,0.637967365,15.69672922,17.60603581,ssp245,0.01677571
2065,12,0.166408773,0,0.765214006,0.02363457,1.147073198,0,0.173462176,0.220192274,0,ssp245,9.4203796
2066,1,0.701101054,0.02223428,0.20672901,0.37328468,0.018571261,1.07E-05,0.487403134,0.189246977,0.018848461,ssp245,0.274748527
2066,2,1.083141042,0.243932278,0.149430294,2.803328014,0.007352059,0,1.639862953,5.81E-05,3.14E-04,ssp245,0.630866146
2066,3,21.52719731,4.442378562,17.80162805,0,7.080678449,0.137040169,0.02256487,2.480858656,0.651702006,ssp245,2.800336167
2066,4,3.719716492,7.182571622,10.50788375,1.863070486,8.830425516,0.14691654,5.712010862,10.05563837,0.038610151,ssp245,0.891886924
2066,5,12.4446041,13.85927379,43.93306187,10.73854713,3.067589238,0.361591422,64.94878485,33.55729992,1.720571913,ssp245,18.34397375
2066,6,43.86232935,127.6313406,78.13978067,37.53549539,101.9621138,14.03668861,49.04886113,23.57255859,15.6978041,ssp245,69.17713953
2066,7,244.0210392,436.9644931,72.44945788,180.5049291,48.55454071,337.0265485,202.3276235,313.754975,26.99028938,ssp245,135.5962517
2066,8,277.4569762,175.1744313,427.5968567,261.5376199,74.25568356,276.9232043,181.4124173,251.6896527,237.4089637,ssp245,118.5417971
2066,9,84.45828542,95.55977582,78.5707777,72.1551335,65.42691896,76.54602856,51.11705714,58.38324682,116.9735505,ssp245,25.06875992
2066,10,95.1781685,15.54989641,42.71964287,4.329366682,7.682197795,0.015718044,10.76212757,0.533020003,13.98688274,ssp245,31.88102525
2066,11,4.426342722,0.940402558,8.620156071,24.95820039,30.43865098,0.306977721,1.181513186,0.029658724,7.403774927,ssp245,26.55947895
2066,12,0.660865643,1.24929483,0.287847768,1.552614329,0.994407169,2.702529986,2.998986883,13.62987852,5.530951909,ssp245,0.615499261
2067,1,0.004364334,0,0.031618899,0.101103325,0.23474504,1.85E-05,4.885857037,0.909797824,0.017236882,ssp245,0.046365756
2067,2,1.752523441,0.090948612,0,0.474686963,0.147669991,0,0.175794641,1.48E-04,0.083507776,ssp245,1.10E-04
2067,3,3.781639252,0.085101225,0,7.031427324,0.057791434,0.813786094,0.766105443,1.21241288,0.028133058,ssp245,0
2067,4,0.463925008,2.330760751,6.713950374,7.494994007,0.011804658,10.00170601,7.668104362,2.773315287,1.901828868,ssp245,18.56221328
2067,5,9.399067281,13.76285706,24.80418638,26.70000318,5.646540244,4.033413326,1.652806581,18.0001426,6.380905041,ssp245,27.31225468
2067,6,52.45530868,135.485769,27.81923558,8.245493409,24.48826613,50.09545501,25.44880856,50.28237178,27.38550794,ssp245,32.54675413
2067,7,105.1348051,276.673698,76.86943812,158.7967849,156.1748419,168.9863223,161.7297871,141.2313004,149.3200885,ssp245,149.900941
2067,8,514.3632312,165.132456,121.2726212,129.2809327,325.2970298,198.8166393,154.3798635,139.1847008,199.8092921,ssp245,146.3130254
2067,9,100.4554157,82.21430332,76.57563509,69.31014341,33.74923628,58.26689617,42.03973207,55.89515992,97.27930406,ssp245,85.67036994
2067,10,16.15655909,0.294227452,3.648161679,1.573037588,1.743376029,0.063159203,1.643802768,37.51559818,10.49278574,ssp245,0.353670853
2067,11,1.58152202,0.001576293,0.435232668,0.049088202,29.88663869,0.082248472,25.06449998,26.18995417,7.334332174,ssp245,1.288000415
2067,12,0.358865525,0.006488348,0.039571926,1.503207536,2.567972355,1.82600506,0,1.468089594,18.40242723,ssp245,0.688807182
2068,1,9.92E-04,0.004628185,0.401550662,0.010434117,0.975164613,1.01E-05,0.058765747,0.007802732,0.150575495,ssp245,1.308657254
2068,2,0.423102246,0.374395268,0,0.238232818,0,0,0.479763566,0.155721007,0.017471336,ssp245,6.677078664
2068,3,4.675603163,2.17997741,0.979162647,0.612561378,2.934132636,1.223797647,15.60515918,4.562788988,0.082809114,ssp245,18.41140705
2068,4,4.308068415,18.91984623,19.28065617,6.983115406,0.612332282,2.62608689,30.83710682,16.01168824,2.022975395,ssp245,3.076983234
2068,5,18.00680723,6.944452637,3.359105155,20.66548121,9.743094048,91.12853535,3.669194994,40.30658288,22.46043371,ssp245,37.52823172
2068,6,157.756115,39.54657506,33.02899046,43.08013082,28.31094374,60.99996121,20.40086326,136.6823255,3.404105032,ssp245,106.4204893
2068,7,56.49254298,117.6006954,133.0002719,241.0387967,33.71748499,230.5799626,392.1723904,99.51138442,197.3024397,ssp245,122.4515907
2068,8,60.17267199,183.6842218,90.23965998,392.8639733,40.120913,232.5303702,98.37964897,209.1594903,277.5923345,ssp245,394.6145746
2068,9,85.651496,126.3915356,56.17484671,37.63230975,25.11751306,49.87868092,5.871517314,56.92139092,96.29674962,ssp245,200.5181857
2068,10,23.50005651,3.084825411,0.306007684,1.666177863,17.31180733,32.17204692,17.50812112,5.110115044,5.106873167,ssp245,116.1642459
2068,11,10.179038,0.009557997,0.332020905,12.76199437,3.536545425,0.169115417,0.001294625,1.08979062,3.246367231,ssp245,2.703184112
2068,12,11.57401825,0,0.115733423,0.143346978,7.300026811,0.970395407,0.490320276,2.15E-04,0.060392283,ssp245,0.233537567
2069,1,110.9032345,13.35359797,0.003334425,0.02849015,1.345298052,0.047283544,0.043574917,3.798038938,0.260632889,ssp245,0.842679047
2069,2,1.301383287,0.046222178,0.075620568,0.03481437,0.097992762,0.12080613,0.008231761,0.125510752,0,ssp245,0.030508559
2069,3,0.471784935,5.737116747,1.650417592,0.301880064,1.21895135,0.003524392,2.137838185,0.023214499,0.049238883,ssp245,0
2069,4,6.55941504,23.4303191,7.306504714,4.927452335,4.185299975,0.626287248,11.86189382,0.720185778,10.31949451,ssp245,3.097801142
2069,5,11.76375424,48.03912146,14.42921835,4.858556934,21.11293392,2.100456871,9.941212238,31.56711658,6.122862608,ssp245,13.05676171
2069,6,34.95312381,25.91526011,41.75540115,11.61900772,19.05302493,98.8760595,40.61361912,48.91654311,44.67436616,ssp245,69.31123641
2069,7,258.8828111,124.8718208,61.06981573,82.47297971,54.91303666,142.0778078,84.56166518,70.33797657,260.9285467,ssp245,270.9653441
2069,8,71.89241102,189.6638339,93.66489623,122.6689385,39.52995059,254.0774962,107.2127209,96.55119987,185.2817983,ssp245,248.8026155
2069,9,45.53646404,15.63275087,44.05802282,128.9918463,94.57723683,80.46263991,58.38053073,69.53621464,107.861262,ssp245,122.5660487
2069,10,1.46E-06,0.021271934,20.64057697,6.807268073,5.131243181,19.36976339,0.021106581,8.02703662,15.25524988,ssp245,1.147842318
2069,11,0.482755376,0.15037119,46.08012743,1.361759031,0.788683507,3.38E-05,3.746721791,9.284180716,3.126813839,ssp245,0.782883904
2069,12,0.786909689,5.48E-04,0.473079657,0.441082879,0.146700848,0.472961083,0.022518582,4.528692924,0.954636991,ssp245,0.005808231
2070,1,0.017316123,0.163892148,0.104640711,0.235347294,0.079625771,0.014933697,1.97241264,0.00119161,0.359297535,ssp245,0.002087715
2070,2,1.75E-05,0.001685191,0.00317133,0.020061052,0,0.023654134,0.090833354,0.041463305,0.087065689,ssp245,0.041803823
2070,3,0.905025608,0.397195694,2.984689807,4.444952462,7.682488246,1.660388447,2.605843249,0.640122327,0,ssp245,0.020535221
2070,4,0.003258238,19.17842293,7.20551053,7.691844913,11.58272288,3.436386384,7.324355636,4.329970836,16.8899302,ssp245,0.001200831
2070,5,11.04480886,21.48849048,2.153103035,2.138459905,18.96197508,5.343965165,3.636796718,23.92942557,8.67886119,ssp245,1.525160943
2070,6,68.18325807,11.61535876,25.09514457,10.07755425,22.92580245,171.2329831,18.46175856,35.95497205,7.091565462,ssp245,80.93555328
2070,7,255.720421,252.5842135,136.4203457,62.16441584,48.94426914,165.0851218,312.9190491,75.52789955,148.4016925,ssp245,97.97165501
2070,8,385.3731858,177.7629628,98.35733096,135.3797902,396.7396339,364.9560529,186.9846681,124.7535669,135.0816801,ssp245,146.7897013
2070,9,83.16049098,79.31504235,45.87953257,79.14928739,41.14196343,27.89061682,94.90207943,52.1705488,36.51855338,ssp245,133.0505331
2070,10,11.10830739,1.595753315,1.205831958,1.84376631,0.328064574,0.849496119,14.97604544,6.842277173,3.347211562,ssp245,11.73430066
2070,11,0.060691783,41.91560254,0.360760106,0.706472992,11.52901538,9.252535016,0.084301726,0.677078951,1.53E-04,ssp245,3.95710511
2070,12,2.293340417,0.005719958,1.02E-04,0.041751722,0.19473278,0.018845364,0.050242407,0.178924933,0.268057267,ssp245,10.03215784
2071,1,0.139181244,0.310943071,0.006220578,0.04431947,2.880011219,1.28E-05,0.359677437,1.351814825,0.039838119,ssp245,0.301926965
2071,2,0.090460937,1.453542813,0,1.091057767,1.269171325,2.72E-05,0.001515758,0,0.002612215,ssp245,0.079315319
2071,3,0.989622647,0.61900837,0,0.690400031,2.256725324,5.904936521,0,2.9817748,14.71627157,ssp245,15.62767212
2071,4,6.561679715,5.387961822,1.181880569,34.45180692,18.04272369,5.727512142,4.527996308,11.53346946,0.438173394,ssp245,23.44652516
2071,5,6.265856757,13.77798823,4.910613071,18.85859828,31.48232687,1.766316997,0.576113106,15.58930251,9.818989251,ssp245,17.22496282
2071,6,67.49158823,55.5123813,58.8499431,19.56658611,54.88138367,56.42050848,20.69356937,17.47243824,24.55908545,ssp245,78.70749569
2071,7,119.7071852,164.0340356,164.7459303,29.90068629,76.83868306,289.3169618,236.47094,22.83824295,172.0293668,ssp245,146.4476065
2071,8,365.8319043,131.6920454,122.0263554,140.9128147,461.2507407,258.0553007,127.6906307,119.657575,270.0565708,ssp245,188.3132925
2071,9,30.14968808,91.51565118,86.90733993,45.02193349,23.89445603,89.23268799,46.81346948,55.6133952,60.61284151,ssp245,28.44171295
2071,10,24.06327567,1.892165364,0.793305049,6.164879538,0.039093416,3.058197399,2.419329664,8.034494211,8.056793412,ssp245,2.791081022
2071,11,2.308389097,0,0.018852603,24.19125469,4.416052319,0.044193324,18.00852942,0.030665342,25.06966335,ssp245,5.085761349
2071,12,4.108093319,0.606958444,0.884728594,9.08E-04,0.089000106,1.760250267,1.642938534,1.245275056,9.648318436,ssp245,3.310545946
2072,1,0.067392995,0.002072324,0.003751105,0.025426859,1.373634247,1.43E-05,0.009309484,1.02E-04,1.14768399,ssp245,1.963020535
2072,2,0.175283907,0.103167767,0.003923903,0,0.342216826,0.008152885,0.0368563,0.015578103,0.09387485,ssp245,2.027895923
2072,3,0.878211835,0.322776,0.496765637,12.35955588,16.92207963,2.258491501,2.493135512,0.694823719,2.146321359,ssp245,4.811525212
2072,4,5.013831804,15.27558028,11.50991906,6.329476378,3.698710633,10.9946707,22.15649907,22.00943626,7.56343408,ssp245,16.14354896
2072,5,10.03453387,17.02489719,63.32161591,0.669313093,1.904970684,29.15894584,121.7550564,49.42024566,1.935518168,ssp245,28.69815149
2072,6,30.00628463,28.36461423,24.62589825,37.17137104,39.79226988,9.00938343,54.94666375,56.15359814,18.74945935,ssp245,19.92090637
2072,7,177.3649246,217.5328025,112.1114331,81.65407699,24.06594619,227.9019466,56.74262049,7.023747591,62.47558161,ssp245,90.00136143
2072,8,98.48773723,331.2303008,102.9569054,103.9959759,155.2790636,205.5706983,77.37471001,27.48479867,278.6977767,ssp245,146.6029428
2072,9,212.8797032,95.41285316,17.32306594,78.88445377,11.45284854,30.49177535,34.82424647,86.23286979,26.90593247,ssp245,218.4396962
2072,10,37.96751766,10.31063811,1.284544998,7.811789355,19.72905112,3.704173769,23.57073631,6.759095483,18.03609738,ssp245,60.61317048
2072,11,3.32022921,1.385484531,0.784956514,0.422925751,0.002933018,0.523412184,18.21614945,2.275958696,10.31650574,ssp245,128.9383094
2072,12,3.629400816,0.600145188,6.16E-04,0.027506477,0.723943551,0.597351864,0.946870609,1.524688907,1.674330936,ssp245,0.088102583
2073,1,0.584777734,0.262024235,0.010051857,0.435988278,1.464047767,2.92E-05,0.007487662,2.598633974,0.02837889,ssp245,0.32033927
2073,2,2.733485056,1.89E-05,0,0.810960287,0,5.22E-04,0.195623151,0.029770484,0,ssp245,8.33E-04
2073,3,11.80515688,6.611149481,3.416192918,0.057769241,19.18226327,2.715717141,0.961399222,0.10645852,2.940403251,ssp245,0.004510352
2073,4,0.075252079,5.662895635,0.908208705,1.150184817,9.161342041,0.956720983,23.36215057,8.381316711,2.270035347,ssp245,1.371500274
2073,5,32.79897379,48.0069445,26.53406924,22.62613396,7.851424044,42.93966336,0.200553315,14.97392693,7.919348433,ssp245,14.22232213
2073,6,9.455557329,72.63384353,78.82947359,28.68497598,51.1742922,25.99814033,15.79328289,97.37700183,27.22128772,ssp245,43.65857085
2073,7,77.42856399,47.549017,178.2544124,102.2415861,92.89509366,297.9550292,149.7977512,208.4682983,179.7640159,ssp245,82.61660695
2073,8,232.3365108,159.0629223,98.85969616,359.5689408,119.9263719,126.5467034,229.6921175,110.8581171,125.4913633,ssp245,113.278869
2073,9,33.14029361,73.80169493,104.7546714,170.8795141,42.93193899,61.16443113,67.59434163,54.07183474,64.7207494,ssp245,42.33532947
2073,10,40.73241193,1.614641911,2.138326376,3.305573676,0.382175941,9.025465922,15.24145533,18.78029463,0.356782097,ssp245,0.022623838
2073,11,37.78175821,0.418655413,3.371102926,0.931521979,49.37309925,0.432070987,0.168062957,0.642566092,23.5538154,ssp245,4.28E-05
2073,12,3.240425997,7.37E-04,3.536574111,0.248787242,2.782191746,0.017678466,1.002388981,10.00936512,0,ssp245,0.072806024
2074,1,2.664462554,1.985899592,0.093464584,0.181627706,0.097622898,1.20E-05,0.004617845,0.597891431,0.009014808,ssp245,0.064388504
2074,2,0.949833268,0.026091739,0,0.070460133,0.084239001,6.07E-04,0.621880281,0.011113237,0.239988319,ssp245,0.090780657
2074,3,1.286174465,13.10390606,0.580757245,17.28039744,0.011794565,1.344274596,3.791924689,0.542427424,0.050245874,ssp245,0.162114998
2074,4,4.546891528,9.732945306,1.658443044,24.37319822,8.289870179,4.856284251,38.88940216,5.206027872,0,ssp245,14.21586974
2074,5,17.7401377,5.05129898,13.41339802,11.59714774,36.09086478,0.432720523,12.78941398,36.43853716,44.16976142,ssp245,23.79186358
2074,6,24.51488495,130.5743957,54.78261576,3.573822752,20.90500073,36.69252322,13.33745343,35.52938003,9.766114502,ssp245,69.00809913
2074,7,99.05012374,76.18932387,192.8102007,265.5583445,36.60570336,269.9831253,146.7367839,50.73186646,340.946835,ssp245,111.9145373
2074,8,180.6337877,174.7065259,84.05697818,411.0889495,128.183843,275.5206263,511.679987,66.70235433,244.5592808,ssp245,221.9747203
2074,9,22.97251282,163.9961642,87.81559763,18.22043667,102.8837712,206.980005,320.0746032,132.234081,61.54863111,ssp245,69.19284843
2074,10,10.98171475,150.3857409,2.206370009,2.917191026,7.52175627,20.74414109,25.25944397,9.237729522,16.25138706,ssp245,24.97254768
2074,11,6.241646739,0.977223679,0.24609947,0.083313462,15.11307928,1.031385942,0.472468408,1.147662041,0.176361555,ssp245,26.36831058
2074,12,5.262130187,1.18782314,0.274226668,2.169092909,4.16421429,0.239137739,0.57145988,0.007412852,0.352096178,ssp245,13.82603927
2075,1,0.843113902,0.247651221,2.41E-04,0.912226154,0.076130595,0.049130896,5.12E-06,1.81E-04,2.675268255,ssp245,12.09577995
2075,2,0,2.86E-04,0,0.173769391,0.013788436,0.012374313,0.78131767,1.14138576,0.042730682,ssp245,4.065086107
2075,3,0.86363959,0.223070564,0.244071047,4.15E-04,6.886390369,7.971306247,0.789582665,0.10250883,0.420988241,ssp245,7.770647478
2075,4,3.779368465,0.350459283,9.83064579,20.04504312,27.38424894,13.24358345,5.1352958,9.004438555,0,ssp245,3.825638393
2075,5,46.71085646,12.66034874,6.798125645,1.164657659,74.13394365,3.040877232,21.02307449,8.319074451,20.05983297,ssp245,39.19185453
2075,6,12.30149245,34.80924043,37.97929619,35.30683426,19.84558497,63.28748389,45.37265175,40.58218575,31.60745798,ssp245,71.68704331
2075,7,30.34798788,227.9910188,56.56493118,39.96001776,103.5012003,186.9366844,120.9183697,111.023756,129.5833472,ssp245,118.2067671
2075,8,158.1440021,208.4069724,140.9329396,147.7851589,158.9591677,279.801126,455.8489403,205.2595092,245.2034677,ssp245,196.8292936
2075,9,65.17206436,44.88084659,16.72821379,81.75648963,54.91516103,61.09335433,151.962162,47.97299997,49.3420973,ssp245,96.02903535
2075,10,4.331255277,1.727130975,2.526379929,16.75977101,6.038922262,4.53510182,6.29E-04,48.33942082,0.089609185,ssp245,2.788644853
2075,11,0.138390672,4.153189375,5.555897619,39.19948664,0.67047691,3.265833873,9.743717231,7.593343284,3.03280549,ssp245,9.152118037
2075,12,1.199832496,0.012637762,0.416063723,0.488527253,4.019197457,0.023726608,10.69817347,10.79672482,0.175958158,ssp245,3.411647377
2076,1,0.610676387,0,0.65678046,0.478708835,0.019827386,0.112717637,0.003284581,0.046653073,0.061003554,ssp245,0.029640299
2076,2,4.036054495,0.002494691,1.85E-04,1.18113929,0.061213209,0.006497833,0.593860872,13.49111337,1.98E-04,ssp245,0.011308473
2076,3,0.245963087,0.011891283,0.277423782,8.553438262,8.288355521,1.559834668,19.92345765,7.251868372,1.743274436,ssp245,0.144287159
2076,4,15.49600377,1.375788322,5.438236659,26.07260893,15.03124693,2.974405075,11.61826354,12.85356806,6.892885954,ssp245,3.214267212
2076,5,14.10673843,16.79215706,4.954605459,41.80451622,25.87879054,18.19130499,13.38087814,19.74698503,22.86336593,ssp245,13.20733447
2076,6,146.4899091,27.52326345,43.78964833,67.27732638,131.7985125,106.7329165,17.24000587,290.1183234,4.501274455,ssp245,74.4954654
2076,7,106.9794925,129.6564391,198.5411671,21.61350348,101.986037,100.542881,254.6379708,100.5890439,184.1689042,ssp245,315.9188086
2076,8,137.5512746,185.7452076,113.3448856,225.2099298,107.9038254,182.237004,170.1456918,261.4782923,198.3869944,ssp245,353.7155628
2076,9,5.453091934,110.901893,41.68396993,105.30985,46.47047663,62.60785093,58.86799518,23.78607775,33.40998822,ssp245,120.2035898
2076,10,0.386184538,7.344793083,3.200415372,28.94026376,0.20853488,14.89925608,11.19750287,0.621081302,20.62925528,ssp245,5.514484932
2076,11,2.825112614,1.928847005,0.142327868,0,19.15472033,0,7.851079336,2.542468743,0.084974681,ssp245,0.449017285
2076,12,7.233502991,0.96769869,4.10E-04,2.628144247,0.025518435,4.299814651,11.32115977,0.482299652,1.120824809,ssp245,0.364749536
2077,1,0.055472294,0.222179564,0.051341313,0.564180018,0.071529855,0.059467912,5.738185962,0.095118038,0.031457272,ssp245,0
2077,2,5.838339362,0.053179426,1.64E-05,1.52250528,13.89227111,0.036748928,0.574106527,0,0.00154572,ssp245,0.010936122
2077,3,5.940378642,1.403863951,2.793425931,2.017429118,1.311576325,0,0.244290348,2.08E-04,0,ssp245,0.64677927
2077,4,1.343656628,10.60175709,2.619316421,32.63119935,9.505635621,0.457066056,3.499845247,1.819198901,31.86634263,ssp245,5.546428959
2077,5,6.540745008,18.21062355,32.204911,18.3915281,2.979510749,12.06072029,24.96799737,6.20307379,18.53248475,ssp245,19.8129483
2077,6,7.645505797,92.14014606,46.73252645,47.63221411,121.0017409,65.89941588,29.8978095,54.58817235,3.590608649,ssp245,10.98252246
2077,7,156.0152005,174.3582461,42.99093875,60.05960152,19.55459174,31.87927825,182.7478634,79.26982341,36.22235272,ssp245,24.63851382
2077,8,121.7624209,183.2789999,150.0512814,256.7387685,76.14469244,200.8769847,248.5334911,269.9160471,148.2904275,ssp245,113.7382243
2077,9,48.44721403,171.7324221,74.35115449,23.18711702,21.64886148,65.78031873,21.28198234,17.62099913,71.53228714,ssp245,112.7355809
2077,10,17.28251745,0.680345527,5.272031523,4.472018205,0.242056566,2.281877285,8.393119357,4.412514055,9.567409885,ssp245,27.38248494
2077,11,0.18526209,0,34.06396028,5.138361639,0.620488829,0.046871817,0.022955253,5.247255932,2.513087239,ssp245,1.516386157
2077,12,2.261205576,0.010088721,0.018155998,0.564452405,6.336740691,7.80E-06,0.066329585,4.427780692,4.02505595,ssp245,0.002671009
2078,1,0.813605565,0.001268705,0.062833605,0.664986158,1.229773677,4.06E-05,0.005356716,0.127599174,1.142120086,ssp245,0.052409898
2078,2,0.340425436,0.558667269,0.001730876,0.624805959,0.759588557,0.03121837,0,0.056914236,0.006700864,ssp245,1.185332804
2078,3,12.29728795,0.071228058,1.869203203,6.77775363,6.651256888,2.025286667,4.403956525,1.723984133,0.426029719,ssp245,0.35452567
2078,4,4.921249388,3.381056319,1.494891286,13.4602082,9.449269098,8.459097161,0.109353729,17.64582845,16.97438139,ssp245,44.58417748
2078,5,25.9139377,5.508955441,16.84159686,40.91033092,10.1496021,5.798333693,2.29585107,18.42672432,0.715583037,ssp245,13.33178633
2078,6,48.87360543,2.636759814,35.32807916,50.47521845,3.666616474,72.2429941,33.92058547,30.29004095,29.98289528,ssp245,89.95045903
2078,7,72.06306046,221.1278937,59.69785629,66.96422138,105.9323825,231.3163907,174.7408699,126.8971009,138.5951596,ssp245,97.32879161
2078,8,206.6022896,261.9888367,127.3509523,294.9770644,114.669687,165.7429918,127.7121072,138.6629234,292.6054728,ssp245,127.972513
2078,9,18.28909751,100.3540371,128.9337093,166.3064281,94.05191045,42.47646534,75.89688465,22.5650392,21.63452406,ssp245,33.40388708
2078,10,19.31931104,24.33278576,2.022868221,0.026250742,22.34480787,1.657835143,0.820776313,3.737917106,11.32978429,ssp245,101.4553172
2078,11,0.23957768,5.236441951,0.046870965,4.361811088,15.70497984,7.126284866,0.035983702,50.19436617,0.939207354,ssp245,54.86711481
2078,12,8.1941553,1.330737464,0.249714148,3.14939886,0.164603099,1.12E-04,0,0.001351918,0.586929683,ssp245,1.907714292
2079,1,7.203098457,0.875061045,3.21E-04,0.374297952,0.032767742,0.776811165,0.179133508,0.347945268,0.074354408,ssp245,0.428089941
2079,2,0.005882377,0.039123402,0,0.095286066,0.021859336,0.003562082,0,0.095821597,0.057703021,ssp245,4.376593624
2079,3,1.655238678,0.437656179,0.621439041,2.621146525,0,0.027311455,2.385943495,3.143346581,0.01495987,ssp245,1.622531502
2079,4,0.238509421,3.581946254,12.88514274,5.232316778,6.989494334,2.68499471,10.40218049,4.751337002,4.828670202,ssp245,41.75966464
2079,5,18.18349294,69.0076641,3.848865901,24.68574565,13.30811087,1.466768094,6.068749533,35.37939373,7.875831743,ssp245,10.88363235
2079,6,105.005073,72.31505286,27.66078285,12.81999551,62.71932218,259.5053703,104.1637345,53.31449455,48.32030049,ssp245,113.0477874
2079,7,194.0585183,371.7141486,158.3294193,69.58080133,56.14468133,216.4047357,366.5506434,63.28424314,109.6335406,ssp245,148.2017423
2079,8,180.9466882,179.1431483,175.8918922,106.0276371,108.1912574,148.1247266,245.5317966,19.99858125,474.4361864,ssp245,139.2107406
2079,9,40.87184673,106.8210592,47.68708799,28.26869098,14.72275208,20.71519868,41.27189757,80.21320148,97.74708484,ssp245,77.07250315
2079,10,15.04512676,2.34496862,3.753926782,25.10268087,7.520234712,0.169578837,0.293669723,0.144137183,11.43555572,ssp245,1.745420269
2079,11,1.740536844,7.793827407,0.313987759,1.516777625,0.10390873,0.523598526,11.89392979,11.85376953,7.593942245,ssp245,5.929311894
2079,12,3.060233607,0.022366316,4.707589629,1.001219735,0.110521822,1.12E-04,2.287389144,0.230172171,2.712955787,ssp245,23.44255157
2080,1,0.726522168,0.586215166,0.017704438,0.204718512,0.642122233,2.25E-05,0.131109676,0.001369629,2.915738707,ssp245,5.174240673
2080,2,0.242226889,0.011251195,0,0.187309599,0.021980757,0,0,0.00238675,8.51E-05,ssp245,0.599372856
2080,3,9.099210339,1.546069734,0.580495279,0.034829024,1.307773847,1.212691142,0.494564702,1.559803124,6.531221096,ssp245,15.74437433
2080,4,4.542863398,14.67495106,9.988181543,1.164208961,13.76293025,12.19629998,4.007424843,32.33655014,0.364717586,ssp245,7.906836902
2080,5,4.976609246,42.93895074,12.93794055,0.00352097,0.219173498,30.3041724,79.86521194,11.32846275,6.073331259,ssp245,14.21195937
2080,6,50.69696241,80.96091185,50.89704833,10.41475616,18.22710654,138.8078484,23.7006949,60.16274864,24.95543597,ssp245,82.96856965
2080,7,191.5061259,110.6263295,54.84754246,153.8298864,112.7080899,72.51291658,90.65747257,115.1424773,133.5965068,ssp245,159.171826
2080,8,406.0229767,246.2527941,84.25228377,419.2091156,267.2381312,235.2504956,327.7952619,39.14695112,229.4523209,ssp245,150.1522384
2080,9,66.82772877,30.06542227,53.35883386,76.59630781,174.2718665,41.79554721,33.04742658,103.8206156,50.9886824,ssp245,47.49490614
2080,10,4.767578976,32.97179421,9.09529904,0.07388951,0.001214063,23.66678447,0.29097925,2.62676423,15.38049109,ssp245,102.0873679
2080,11,3.193411233,13.95242023,4.343736085,1.168741457,5.132231308,3.444735776,0.527214043,3.570768875,0.384935999,ssp245,1.73054904
2080,12,0.110912392,0.482214375,0.008924279,0.898817327,1.148996292,0.429902725,2.25E-04,1.784616957,0.010379939,ssp245,2.034162325
2081,1,0.448375114,5.37682896,0.052557362,0.03701693,0.095358363,2.16E-05,0.099550638,0,0.156953482,ssp245,0.612392956
2081,2,0.908647202,0.693983707,0.010721592,0.102246059,0,0.046903774,0,0.675071504,6.374113336,ssp245,0.002047392
2081,3,4.413905918,0.171124576,2.563069191,3.265544708,6.460382261,2.736008417,0.051157702,2.537827766,1.939116779,ssp245,0.249549813
2081,4,4.506301097,3.156513664,17.13884777,3.427126972,36.25889976,14.49331166,19.04689423,34.07633935,12.05794358,ssp245,0.206425883
2081,5,49.13637041,14.34036707,14.76824333,0.998338847,20.96645456,2.182116025,1.284733756,33.87311052,1.257477255,ssp245,19.8499611
2081,6,24.54463283,43.7432628,53.33796087,28.0833565,19.20863982,127.5700605,41.41710134,122.679806,13.94021128,ssp245,24.06650495
2081,7,255.8935539,200.0856957,158.8419859,282.7744504,117.2445115,121.9052577,80.45819286,219.2381888,273.7376583,ssp245,414.6448913
2081,8,157.1496035,233.793108,249.6139855,358.8953899,245.6903315,264.9824034,233.742046,222.3514427,292.1491309,ssp245,285.4810732
2081,9,60.86912068,174.6638145,118.0901748,83.81269214,98.9696391,27.13729722,16.09671727,44.13919145,52.14172827,ssp245,169.6467724
2081,10,11.95493193,0.12449377,0.716134332,0.173943912,0.555249876,2.540017231,4.139955966,10.6482848,4.000376008,ssp245,14.79467508
2081,11,5.06341932,0.001246007,1.83E-04,0,0.326006564,0.894465472,1.271414277,10.03504029,1.434446592,ssp245,0.010556327
2081,12,0.013920514,0.652531743,0.021395557,0.556320467,1.059287648,0.001375323,2.238688927,6.278723589,0.140831484,ssp245,0.011471001
2082,1,1.99E-04,0.152699211,0.006356507,0.282144711,0.035913843,0.031275457,0.121202699,0.318278157,0.108580295,ssp245,3.86E-05
2082,2,0.506807744,0.066025757,0.167713366,0.019258619,0.041901879,0,0.01876925,0.010812881,0.045335705,ssp245,0
2082,3,0.171570431,1.685333558,0.406548831,1.749706106,11.6125903,0.693466523,0.841306437,0.93754159,0.002841506,ssp245,1.430353443
2082,4,18.83540661,2.344861335,2.899454374,1.760309931,0.536327204,7.002205119,7.530679701,3.129259775,14.90567626,ssp245,4.772765616
2082,5,26.49877222,12.78260127,2.667182973,12.07633994,10.47349617,17.39512428,52.72316739,7.859155793,8.901602283,ssp245,12.70204504
2082,6,55.70791465,20.32029578,42.80491489,24.77751627,59.15820256,12.80520293,17.06397935,114.0140049,45.35142589,ssp245,28.48064779
2082,7,201.9330968,345.4954748,74.96530427,151.9686126,37.82230351,302.8522949,189.3741443,106.8572195,53.23076248,ssp245,115.9799787
2082,8,100.6035621,160.2557525,117.1676613,254.1744938,167.0304597,210.1809788,91.47422068,93.30368272,158.7351127,ssp245,193.2586722
2082,9,83.36326346,173.6774663,45.98831994,13.50922932,11.89008708,46.68157415,63.81109954,49.45598009,22.1565261,ssp245,70.2286091
2082,10,21.88862604,6.609843407,12.5864295,25.63314277,29.26348581,4.000052629,11.09887161,58.8685055,17.32410507,ssp245,12.66829265
2082,11,7.573785808,0.001073299,0.785102054,0.009264923,5.583020707,0.007029485,0.002080578,0.104492154,3.826547974,ssp245,0.859108262
2082,12,0.099760216,1.786700539,5.438685701,2.526551308,1.371026046,2.17E-05,0.371033431,0.377619899,19.25641499,ssp245,0.052115451
2083,1,2.09364994,0.040460096,0.081921415,0.295570448,0.220972714,1.62E-06,0.093791493,0.119797332,0.697511699,ssp245,0.360678575
2083,2,0.013909355,0.010656837,0,0,0.01519084,0.075582784,0.010407512,0.084889397,0,ssp245,1.60E-08
2083,3,0.242378039,1.89E-05,0.80342801,5.763110157,4.563484336,7.054543958,0.537879322,0.111494661,8.927020295,ssp245,0.004065812
2083,4,6.050090099,5.374920031,3.721983499,4.861160241,0.875434276,9.345214085,24.36371928,15.41075659,8.400648794,ssp245,0.911315353
2083,5,16.31622802,0.812993773,6.338661372,15.04514422,18.62779387,12.32563423,8.207362141,53.64519984,20.16194408,ssp245,16.45889724
2083,6,94.60283526,76.2684153,64.1526295,11.83949463,23.94949422,21.91718904,29.07215751,141.1093772,34.84593324,ssp245,82.77795627
2083,7,177.0216001,115.2217033,151.8713239,204.6023396,48.43989797,160.0682419,202.9411689,24.77909161,68.25777807,ssp245,96.09373008
2083,8,122.6401688,178.8368272,129.7234734,139.5870799,237.8921682,301.7109716,250.2908787,53.84248668,176.3367917,ssp245,216.2147222
2083,9,36.06532726,51.33371293,70.94823598,153.9039346,73.79357785,58.04040781,54.14212659,84.16443502,69.09500108,ssp245,64.12776165
2083,10,30.52826146,6.427717482,5.649523448,2.609419901,4.447372235,0.628497771,26.65913731,0.818245984,24.84576034,ssp245,3.318402145
2083,11,2.68E-04,1.075578101,0.382853285,0,6.781254497,14.53415817,0.153080657,3.105403384,25.32131488,ssp245,0.082461366
2083,12,0.128834982,0,0.094096345,0,0.842198401,0.145016837,0.07682219,0.523328754,0.303562226,ssp245,2.122994043
2084,1,0.023431688,8.05E-05,8.47E-05,0.015103782,0.032497411,0.009926558,0,0.062777672,0.250577838,ssp245,0.208499846
2084,2,8.56E-05,0.601771542,0,3.118411075,0.08997923,0,0,0.572542774,0.001111756,ssp245,0.81354811
2084,3,2.802051555,0.372001229,2.538904559,0.780899091,0.417277198,0.355186559,2.325538466,5.752533762,7.21739981,ssp245,2.038689906
2084,4,0.126095158,2.358778626,0.940926312,3.777001253,4.019885041,2.434152869,1.452348722,25.25027054,18.02427741,ssp245,6.514920168
2084,5,26.6406475,8.970351327,22.58563052,56.21250621,39.32785236,21.68527316,3.646146644,18.52427905,9.034237194,ssp245,20.48873408
2084,6,82.12531383,13.67883761,23.12741863,53.65439715,21.84653162,149.9683302,5.141430375,63.055066,25.25420187,ssp245,47.09849962
2084,7,193.9025595,83.01526224,40.4313235,169.4965043,73.58473216,169.3270634,207.3208353,21.80364988,26.58065691,ssp245,167.1326325
2084,8,212.4610378,159.2342682,47.58744472,81.66963852,231.6340689,69.08673422,240.0306665,294.6912458,282.2076134,ssp245,247.1567389
2084,9,81.10182197,70.10221546,55.75017239,67.03133915,27.27860087,39.18342291,79.80324581,41.18164956,77.45231277,ssp245,91.3172012
2084,10,1.337249919,27.31864703,0.633811402,6.440908859,0,3.633310945,0.196111245,2.39926364,0.31410425,ssp245,128.3751505
2084,11,0.377337249,0.305649596,27.86202418,3.084356763,0.712577524,3.338964737,2.348947424,1.724494255,2.71481543,ssp245,0.164057775
2084,12,0.004675887,0.002549747,2.618443348,0.243390845,0.257359205,0.180555537,0.778764574,7.985665843,0.335025383,ssp245,2.524492209
2085,1,1.03597142,1.689138343,0.097427518,0.588685898,0.121945494,0,0.404268332,0.308862432,0.033788643,ssp245,0.407554061
2085,2,4.40E-05,0,0.273104642,0.012835058,0.042639864,0.015605946,0.053104399,3.37E-05,0.008312747,ssp245,0.038477137
2085,3,5.257534516,1.262900125,0.729316028,2.32E-04,2.165866956,1.098305991,6.563566468,0.06644107,0.168641357,ssp245,0.048448588
2085,4,5.042488818,26.43177285,7.464194636,8.768794323,8.204890464,1.523864675,4.51058809,14.09199999,5.838372014,ssp245,0.21334912
2085,5,8.786212429,71.89427701,5.246025187,18.89646413,86.73391701,26.68445112,59.42592679,44.18989833,127.7516024,ssp245,0.364662485
2085,6,68.91314739,1.77664961,54.78162396,98.74822129,1.82723356,67.95394826,51.20896615,12.50313617,10.61612705,ssp245,73.72405954
2085,7,88.36031031,176.2098653,153.4347052,73.11719921,115.2219715,102.8360081,182.7852057,213.9769842,77.64252667,ssp245,138.9154527
2085,8,21.27786218,159.0944245,135.9577832,110.9202121,44.42455216,99.76479819,199.5601479,146.1906752,196.8905494,ssp245,175.1454657
2085,9,28.94288254,54.14805727,30.23693112,67.45383158,47.52576152,53.72060025,63.99485033,35.73009388,41.81904265,ssp245,46.11625472
2085,10,4.564630441,88.0906067,19.50281639,4.028696464,84.76732012,5.871428107,7.666805253,0.297993801,6.74821679,ssp245,1.674537249
2085,11,6.157811572,92.14366724,0.206240493,0.536398287,15.87173521,1.480587344,0.544999868,42.20883253,1.995281947,ssp245,0.071693087
2085,12,0,2.052645958,0.212933374,3.074048636,0.209457926,5.59E-06,0.005788328,7.360464029,5.35866608,ssp245,0
2086,1,0,0.19976416,0.246051412,0.001164238,0.359797594,9.61E-06,0.167041496,0.597469212,0.041989619,ssp245,0.13098177
2086,2,8.12E-07,0.980088259,0,0.078186949,0.267401126,0,0.07957202,0.078771024,0,ssp245,0.649341865
2086,3,0.711343896,8.394123107,0.163234002,0.089636144,0.318815638,1.412453831,1.531236774,5.178173605,2.236497138,ssp245,4.21E-04
2086,4,2.757453745,8.002168762,4.01100706,2.421753149,10.6576345,4.482197339,16.6785086,1.422142438,14.4157879,ssp245,0.028643243
2086,5,13.04552868,38.82268862,4.786789921,5.9297687,12.05008877,37.35749443,4.69121533,59.15075577,51.63582826,ssp245,7.26812369
2086,6,7.893802249,47.27850878,54.64361207,14.76212894,52.76216497,55.67317196,167.2266732,31.02293702,27.25313341,ssp245,38.02965197
2086,7,80.46702387,306.6106016,137.9487351,323.8333434,4.432038008,80.70336876,153.3145014,102.173548,144.7953059,ssp245,85.47073415
2086,8,102.0490567,258.5974436,162.3023179,557.2794077,96.02588809,82.62612365,186.0215017,103.5650796,104.1032232,ssp245,137.4849487
2086,9,50.98083547,84.99004158,56.85853047,252.143629,117.6312294,79.20843242,322.2358361,56.85813998,144.5444649,ssp245,53.39624087
2086,10,3.280501368,3.824959935,2.484793391,110.9967778,0.037734632,11.62783808,7.988792022,23.00130327,1.300118965,ssp245,10.89394033
2086,11,17.33191798,0.59825906,1.905367828,13.81556179,1.532566788,5.194123794,5.067243458,0.157162632,0.796608543,ssp245,8.775026785
2086,12,0.225760595,2.512256876,3.24E-04,1.691256569,1.584725603,3.225943353,0.048667964,5.458502669,1.266889919,ssp245,1.243507317
2087,1,0.185570225,0.35335921,0.061547861,0.001913149,0.648307044,2.43E-05,0.089778921,0.112694528,2.778609308,ssp245,1.106996991
2087,2,1.901768346,0.11604931,0,0,5.48E-04,0.043305596,0,0.073962709,1.039436312,ssp245,0.920434338
2087,3,2.897467526,0.997992109,0,0.641037784,0.030853367,2.170589536,3.269444509,1.538611574,1.396495101,ssp245,19.2071826
2087,4,17.04241736,5.486773274,5.267372878,26.84116237,0.880944089,21.21799014,8.012286902,23.1892814,1.332188134,ssp245,23.21993649
2087,5,36.2811168,9.396330819,5.184610644,40.14939922,11.04398518,1.333572516,48.31319892,28.14933568,4.104517238,ssp245,32.78914833
2087,6,66.27194269,155.9130946,26.44950328,6.935450914,20.54775287,70.70084293,35.35257838,48.02412241,29.86747777,ssp245,37.75973989
2087,7,82.85672067,296.0904228,128.2753407,110.8285842,112.4995259,87.95842257,174.0204602,54.39957559,127.6421158,ssp245,99.83079423
2087,8,36.89259077,353.0773528,93.20188317,64.92702073,594.1781648,122.6829446,140.4312966,165.5860753,164.3157888,ssp245,216.1932054
2087,9,2.75958504,270.3865594,42.70211585,46.60237431,160.8958715,31.49020729,20.25677844,57.18232741,54.61201091,ssp245,98.22742896
2087,10,1.704038747,94.01536057,3.291883914,49.14445979,0.233989604,0.535109066,30.76215509,26.57785848,19.73049494,ssp245,30.03778244
2087,11,2.088396473,13.39177805,2.604048416,6.08888263,0.07305109,2.013811139,2.095427963,15.85364304,7.757673951,ssp245,4.104845948
2087,12,4.099073173,0.001532835,0.843297674,2.211720287,0.934210654,3.02E-06,1.344825385,7.923844177,2.402714554,ssp245,2.75E-05
2088,1,2.323826705,0.009876141,0.023326992,0.630200357,0.680672518,3.55E-06,0.001947359,0.655092338,0.119790149,ssp245,0.001121486
2088,2,1.932070706,0.001593508,0.514530674,0.184848237,1.918591765,0,2.713760219,0.062806584,0.064650141,ssp245,0.313227585
2088,3,3.942504142,1.409255359,0.806162313,0.353254519,2.160318521,3.703171249,0.623065629,0.075741796,0.390590431,ssp245,10.54808944
2088,4,37.43446212,2.274083813,6.024425048,0.514455248,20.76730301,0.769664592,15.71066973,4.982132931,0.249436808,ssp245,28.66797795
2088,5,13.24034495,23.73874287,6.224971392,2.52167486,30.83960072,1.646951682,4.987129845,7.360687071,6.638085878,ssp245,12.69886973
2088,6,60.67108677,151.1039559,107.0115747,18.97761196,41.88912341,81.32657956,95.63447601,60.39884896,12.22079278,ssp245,81.86836232
2088,7,111.8667566,342.7576076,152.7843828,196.3446843,199.3446364,367.5309263,107.1835209,110.6496083,110.19759,ssp245,190.4281577
2088,8,69.14785028,308.0905519,81.53201257,382.3577718,35.65423946,238.9603105,168.0670082,29.67758913,364.6853523,ssp245,113.4616814
2088,9,39.64062281,111.5016132,49.21298843,31.48118141,13.87830142,58.32971618,81.91141578,40.90922597,73.71225388,ssp245,115.000699
2088,10,12.24906779,15.75667878,1.892927014,0.93351905,1.68655405,2.04E-05,1.44965585,18.63962354,6.086575485,ssp245,16.32282402
2088,11,13.30959474,0.784787337,5.549763865,0.759571286,0.83745866,0,1.315858146,24.98189833,27.1777513,ssp245,0.67753284
2088,12,0.338287827,0.014957716,0.74443954,8.13E-04,8.462311649,0.01986571,0.185561851,5.862611735,0.834615411,ssp245,3.358101342
2089,1,0.004213176,0.25648396,0.064497837,1.047015651,3.560871609,1.999984974,0,0.207012907,0.045858863,ssp245,0.055875968
2089,2,0.010354272,0.027206685,2.52E-05,0.016053244,0.016696353,0,0,2.251326546,1.088295848,ssp245,0.085284559
2089,3,1.199910431,2.09348021,1.207216178,1.067928393,0.236222765,1.122903261,1.903323608,6.168284624,3.34E-04,ssp245,5.003857552
2089,4,11.90169521,5.73665532,5.265225232,3.10971167,7.979795231,0.643573075,4.806777567,7.761968699,1.628323612,ssp245,54.32207353
2089,5,6.52090839,11.97718588,4.356431658,12.34725743,18.33550638,7.756281502,10.77840922,10.31316367,1.769759571,ssp245,63.23540134
2089,6,27.70896545,9.15199738,30.62259804,25.70811178,57.7485091,114.6116823,31.01600488,55.26795047,25.12632549,ssp245,74.21154043
2089,7,121.5758245,195.6891043,102.1459721,111.4029011,46.79187436,98.69921852,406.7934347,185.6653097,265.095659,ssp245,182.5420676
2089,8,133.9733353,148.035779,177.1582753,185.7592003,24.0186287,239.8933818,522.8262127,143.0750863,237.6322082,ssp245,162.4060491
2089,9,75.00550551,25.02576895,7.792586639,98.57817994,37.63506632,41.90428322,116.5830288,176.8014428,41.84236005,ssp245,69.42324135
2089,10,12.34547977,2.237251744,18.04623562,5.610946485,4.993800368,2.399771584,0.464450829,265.8206406,11.97820808,ssp245,3.397505337
2089,11,1.998434873,1.076972813,0.721053659,2.360026844,29.17557978,6.177209393,0,91.75923153,0.467650659,ssp245,10.78388408
2089,12,0.807402098,2.944437015,0.553717018,0.062333277,2.630206429,1.93E-05,0.067516255,3.864182581,0.046639374,ssp245,8.096515892
2090,1,0.053032255,0.66260073,0.18177987,0.065611055,0.422278177,0.002216775,0.244501916,2.921867318,8.926219621,ssp245,4.778508683
2090,2,0.513910875,0,0.053148411,0.066739211,0.051663388,0.001558312,0,0,0.011762753,ssp245,1.047771289
2090,3,5.243422148,1.174719747,0.356862158,2.061180928,0.06782133,10.45650114,0.024383464,4.514950967,1.695938588,ssp245,11.46700133
2090,4,10.1073476,0.470776296,9.097937204,2.465507306,0.001439289,4.353716929,5.800625194,6.249749193,5.995189249,ssp245,33.59934328
2090,5,14.66311962,11.45377654,31.14950944,1.020470266,23.37764688,1.07003457,25.28518967,28.54649437,2.839705835,ssp245,34.28686182
2090,6,51.37609323,194.5239467,21.76580149,34.2014734,2.277161482,54.00322515,177.9871833,49.14314157,34.8551558,ssp245,38.04536793
2090,7,169.114947,236.0825967,217.0238232,110.0573877,60.62941916,52.83411483,109.2383528,89.18153025,118.5999045,ssp245,272.0740433
2090,8,473.2298482,221.9741629,72.99389212,54.38887426,257.4646699,169.6870954,193.3646777,105.1241915,250.8207685,ssp245,240.5906559
2090,9,11.39352596,81.75369968,32.24270441,109.4616314,42.88883627,113.0045276,38.64612595,47.56078206,8.835231602,ssp245,78.8468329
2090,10,7.201630218,26.62199462,12.87194377,24.26148325,8.59E-04,3.911615785,2.659066584,17.02826959,26.59593723,ssp245,12.0717785
2090,11,7.761171746,1.662085263,4.481505024,6.515728783,0,0.149380115,0.177754792,5.795672561,0,ssp245,1.269135689
2090,12,3.992558083,0.008919398,0.364408311,1.487854377,1.910574031,1.30E-04,0.019177302,3.060820036,0.103877235,ssp245,2.849141038
2091,1,1.544903974,0.293109788,0.010296639,25.80131877,0.042993704,0.257725353,0.002925513,0.233528371,0.158735668,ssp245,0.052534549
2091,2,1.578825755,0.261786471,0.001563696,0,0.331239825,0,4.46E-05,0.010695877,0,ssp245,2.98E-04
2091,3,0.300279701,0.171828522,1.464259603,5.402007001,0.042058848,1.667412352,0.483073965,4.759558765,0.719109456,ssp245,0.001543104
2091,4,5.302673813,5.283238016,11.31705978,5.379364624,20.23420431,2.698596318,12.48110113,13.48308232,35.86903995,ssp245,6.41650991
2091,5,2.417319461,17.43365188,7.48776541,33.09493134,14.68872061,35.29733456,27.36481199,55.58375287,24.46482328,ssp245,14.18639915
2091,6,50.42630589,57.35908496,71.59917029,25.98183293,1.095938161,81.63053718,85.97380134,76.83095041,3.743378102,ssp245,65.06792034
2091,7,110.2504009,180.7548915,101.3588739,139.1406822,37.18913401,224.0052856,144.6706344,73.28091415,130.5232779,ssp245,172.1585588
2091,8,101.4315649,64.61578409,148.9774393,117.6383196,102.1329693,53.18004896,274.3284168,218.0314537,214.9508862,ssp245,189.5502107
2091,9,69.86485502,61.43449998,76.8897828,33.39770464,31.42269793,115.604295,118.8878742,100.3807512,41.11898802,ssp245,168.5432245
2091,10,108.7047584,0.908633071,6.317718704,79.2522992,0.019247726,1.082844787,0.162501248,11.04030829,8.089037973,ssp245,10.42161835
2091,11,0.26838629,0,9.168731602,31.75083315,0.027126898,0.562183843,3.195760572,4.537851296,35.51097416,ssp245,0.308744374
2091,12,9.702410689,0,0.067032477,0.191986856,0.483878463,3.41309481,0.075501804,1.619081507,0.440629104,ssp245,7.199102638
2092,1,0.385145245,0,0.002377631,9.20E-04,0.029589698,0,1.35516357,73.90034005,1.332200638,ssp245,0.024735102
2092,2,0.14645536,0.012449838,0,0.051992973,0.020011717,0,1.622717912,0.041278313,0.823658784,ssp245,0.184017133
2092,3,11.73952389,1.233464578,2.675770628,12.69400913,0.489859777,5.794248811,0.165872493,0,0,ssp245,1.420076808
2092,4,3.343440622,14.73629152,3.183837463,19.73764449,0.031218028,4.516913004,9.961871228,0.372815692,0.403099927,ssp245,8.798193542
2092,5,38.05376781,21.87327938,5.83733095,10.19442029,3.524134157,10.18403118,8.566495186,7.333213284,7.60042976,ssp245,1.805792637
2092,6,41.73245127,27.43980805,82.10686991,24.43750751,53.14229696,54.22484974,58.38333353,32.33683895,15.95555872,ssp245,58.51520081
2092,7,105.8217933,216.6782588,194.2449822,350.0509636,82.71820682,295.0214626,237.4762936,135.9360975,25.93282765,ssp245,187.5474023
2092,8,246.056215,205.7112003,65.43506681,477.2844545,46.74136866,413.6440818,121.0004441,130.407178,102.8643922,ssp245,135.2676516
2092,9,30.89385549,40.44073051,124.9407492,65.81716216,50.26129511,14.08639255,88.42616559,57.122923,60.03573177,ssp245,184.3146572
2092,10,1.200327084,6.458943092,2.197239595,5.18306412,0.153628215,22.44725493,32.64902173,0.005245716,1.529757529,ssp245,37.39511795
2092,11,0.689291791,8.963472747,9.812575667,0.003351508,0.400640825,4.483081012,4.780446504,5.731283814,6.734022495,ssp245,14.78840785
2092,12,0.009101597,1.42E-07,0.294125033,0.044723293,4.18881249,5.01E-05,3.582095206,0.011196666,0.661753636,ssp245,9.311470759
2093,1,5.08E-05,0.408557541,0.004453387,0.082210922,0.250304865,0.025839399,0.001854348,0.010015542,1.31914751,ssp245,11.27891678
2093,2,0.144236025,0.201677549,4.32E-05,0.066672054,0.113419812,0.452114128,8.437423496,0.012937516,1.604748829,ssp245,0.828765254
2093,3,1.112195854,0.963157843,2.575860996,0.123023253,0.272181347,6.5124294,6.617206434,0.199220194,5.662532988,ssp245,2.05737476
2093,4,16.67531238,6.257900747,3.414707093,3.875808906,0.423015081,1.27981524,2.695603734,17.90455976,51.18504774,ssp245,21.55081081
2093,5,25.69842429,2.367382676,40.00605761,26.1504182,34.85903219,10.93605184,54.89046436,20.9941852,5.921705639,ssp245,28.88774328
2093,6,58.41174705,81.00174475,80.58474964,7.107547269,36.20813321,45.37298137,49.49630594,112.8116488,27.52205319,ssp245,53.92736612
2093,7,95.09889048,191.7549211,143.8813062,162.6508788,237.783385,121.5657098,106.5956643,233.7719606,152.7875347,ssp245,150.8276313
2093,8,68.90747533,281.9474365,123.6537931,424.8071753,146.487557,113.5648729,309.2747201,225.2365832,192.7820112,ssp245,204.2372425
2093,9,52.25752386,121.0017826,79.83984783,29.3535686,7.085414819,78.74299733,134.440296,58.60307286,31.66307887,ssp245,75.90763137
2093,10,10.01854189,4.527993633,6.611748849,5.016586412,0.186457867,5.04671379,33.98830717,72.86813932,8.536500427,ssp245,12.90730631
2093,11,25.2681012,0.27918248,0.43225821,0,0.636556749,6.29364738,2.29E-04,3.328465651,4.105077164,ssp245,1.419703574
2093,12,12.48834965,0.714522432,1.058971034,2.412584594,0.352308357,0.661489465,1.982140565,4.848172073,0.694988828,ssp245,0.954959628
2094,1,1.14651815,0,0.087138321,1.780906349,0.046100224,0.072042072,0.006287446,0,0,ssp245,0.720245054
2094,2,0.366664632,0.298189188,0,0.010439627,0.271149261,0.027251375,0.001003643,0.451801149,0,ssp245,0
2094,3,1.30505133,0.589151344,0.42711764,0.075334174,4.58E-04,0.020546868,3.278526717,1.570383703,0.702638233,ssp245,10.38654397
2094,4,13.82620672,10.02692717,2.276851587,4.495504798,11.77196883,0.96802283,11.82691405,24.81584868,2.489152464,ssp245,0.203749572
2094,5,71.54081373,8.136682433,6.430728597,24.32309572,17.31964209,2.362830987,6.233598585,33.80824116,9.302810114,ssp245,4.099211615
2094,6,52.75894772,98.27116868,18.94567733,30.19449588,15.45369545,43.09703665,118.5384837,144.9952124,55.16231029,ssp245,15.36787036
2094,7,163.9097881,345.4375399,97.74349759,82.52790651,73.49314551,94.59592153,223.8918667,102.7322246,208.9388706,ssp245,54.30146892
2094,8,162.1594786,234.6834239,149.6311552,44.10049452,120.6679899,257.4592856,262.6988332,385.7991862,463.0234309,ssp245,116.4654384
2094,9,53.65582336,222.4333697,7.916453357,35.03190656,14.36405199,88.00877489,80.74806443,54.19292716,270.9652576,ssp245,62.40059505
2094,10,4.039575824,110.8140693,4.914416737,6.899946278,24.48767183,4.549131524,2.63123516,3.561892724,11.05095534,ssp245,1.70287549
2094,11,26.70191149,0.355816853,6.794865595,11.26746313,47.05839505,0.73885736,0.004228502,4.804645776,0.133684014,ssp245,7.96E-04
2094,12,16.43415535,2.472997663,0.441567048,2.861528786,1.971716046,1.51E-04,0.297525842,0.108017474,2.022563477,ssp245,0.004421301
2095,1,0.627521822,0.03674975,0.212090947,5.577605952,0.473568793,3.06E-05,0.009912309,0.147420722,0.148286617,ssp245,0.046239081
2095,2,4.714510993,1.91E-06,0,0.127783727,6.79448891,0.055579933,1.208267187,0,0.007009616,ssp245,0.018442045
2095,3,2.679893559,2.393383885,0.319324415,12.58606977,17.09741812,0.922890996,5.690781352,4.284844572,2.430364246,ssp245,0.059478555
2095,4,6.014316415,1.102148633,1.524918716,19.1619602,0.33169241,4.552297539,4.724727729,14.06013893,5.693632983,ssp245,1.526915353
2095,5,15.07781176,51.47713072,10.46783056,24.0416074,38.74347474,15.08561969,12.94697715,10.00145129,2.042489214,ssp245,8.995564399
2095,6,58.69494396,59.87929593,47.53036746,10.44141322,10.55573127,83.36118087,65.72343595,92.73171947,24.20382738,ssp245,60.50437801
2095,7,488.446002,163.7466249,70.57759284,59.92935569,34.21245999,109.242385,140.2813561,167.7256783,126.6457914,ssp245,223.3204717
2095,8,420.0094884,150.9884448,58.43349564,228.6758764,50.45012562,236.8483699,286.491053,169.295443,235.192693,ssp245,168.3188442
2095,9,51.42414318,24.80425261,30.63119394,29.43133865,27.96585046,54.57212428,85.08513972,86.80681347,95.8243345,ssp245,92.97801367
2095,10,11.19049521,125.7671082,5.059630665,6.272887381,0.067398076,0.739657733,0.827086695,41.02778228,11.29191621,ssp245,10.59226081
2095,11,8.175199892,43.66848194,6.65E-04,0.174521165,3.744159649,0.061906124,2.315740297,10.72997368,10.98275852,ssp245,1.154050943
2095,12,0.001257796,13.94420231,0.190247657,0,5.816341264,2.245869962,0.166965648,0,1.61859103,ssp245,15.74302994
2096,1,0.327852627,5.594404432,0.093966318,0.268764517,1.294315354,0.022942437,0,0.014012376,1.72E-04,ssp245,0.310130014
2096,2,0,1.689062931,0.178961314,1.04300179,0.007063276,6.92E-05,2.69E-06,0.063534851,0,ssp245,1.409044387
2096,3,0.027063129,0.645154361,5.717909775,0.003110884,0.509107239,0.678298993,2.046838856,9.135437492,3.135857978,ssp245,6.618216026
2096,4,4.521564052,5.666134377,21.1904274,0.057465338,37.06200292,2.893548773,4.732777789,9.95003236,0.725059691,ssp245,0.588864611
2096,5,1.467029203,46.67322037,55.38554499,54.6789265,54.85640339,1.122938703,5.793920587,28.30276007,14.0422416,ssp245,22.27143359
2096,6,50.41679787,200.7410187,9.278654865,43.45448653,7.117612958,9.781698351,56.03751718,35.69479022,7.097973383,ssp245,75.71520996
2096,7,531.0960021,182.4831063,219.4854846,111.2720846,185.2327783,117.4717429,175.6232129,249.3283963,158.2285636,ssp245,186.1675585
2096,8,141.0158006,352.7098425,83.60931592,89.86027954,338.3660674,241.336853,224.6924604,137.5089224,292.6779555,ssp245,236.0262362
2096,9,94.35038939,175.4594839,34.46424428,84.07281402,24.64166109,104.0402869,68.02679996,61.26378179,72.5151541,ssp245,49.42974586
2096,10,30.82705272,48.62392629,13.46247314,0.027105505,1.083877012,0.189536926,0.46341681,6.874505448,7.132601486,ssp245,6.740547895
2096,11,1.05E-04,1.377831354,0.29120071,0.048801453,2.550297534,2.395221824,0.211465466,0.378460662,2.646213014,ssp245,11.16765606
2096,12,1.887336837,0,0.002211077,2.665414461,0.42089409,0.033312582,3.440416919,0.0479049,4.731010588,ssp245,1.159110418
2097,1,1.788313955,0.008491622,0.003052913,0.015754782,81.0212998,1.02E-05,0.002667179,0.018376504,0.041304594,ssp245,5.299977262
2097,2,0.231676419,0.353369792,0,0.06818319,0.309478006,0,0.049600668,0.044321778,0.039449396,ssp245,4.956031279
2097,3,1.821809888,1.082966439,0.457855997,0.762166121,0.488108046,0,9.488629706,4.241188459,0.059184759,ssp245,46.34332141
2097,4,10.41365008,11.3623576,50.49436199,32.13800706,15.67869292,10.91466963,20.32789799,6.165585719,3.698507215,ssp245,8.902314399
2097,5,15.86189976,0.055395756,73.36436486,3.433568812,18.52856324,17.01386958,69.92772529,16.73089788,2.672095103,ssp245,44.31054351
2097,6,77.43132731,23.32665753,24.91200662,72.73119424,34.93131014,25.74452713,13.05419157,162.1816545,40.9487,ssp245,40.42941832
2097,7,77.10129471,193.8589753,179.4679908,93.00233491,76.44378996,142.8093124,209.8341627,52.26654345,126.2675858,ssp245,163.2821724
2097,8,198.9888745,315.7762173,110.0248194,103.982568,62.66067768,316.0786479,155.6481034,183.4707991,356.9332362,ssp245,232.7152054
2097,9,89.13334198,86.24673318,53.14322103,67.06833577,27.28314019,33.76221029,183.1809717,39.60253926,81.43304444,ssp245,34.24890336
2097,10,2.638144536,12.8403822,4.491125232,2.655594371,18.01903608,5.092412694,9.02580488,0.246466441,8.83739854,ssp245,12.72303359
2097,11,0.08801237,4.906385705,2.71E-04,3.698418971,0.695880352,0.374926738,0.033720433,0.348910674,1.888936845,ssp245,55.95260424
2097,12,0.001518139,3.41E-05,0.769788973,0.00116803,1.884599544,1.489651848,2.01E-05,0.279359915,20.6117565,ssp245,9.023265933
2098,1,4.91E-04,0.027123237,0.002737456,0.012501537,0.004054121,1.08E-06,0.602964713,0.357395969,0.023245275,ssp245,1.331344768
2098,2,0.369065579,0.014994304,0,0,0.685349231,0,0.929966782,0.008944425,0.572199226,ssp245,4.117321178
2098,3,3.585861857,6.860455819,0,1.558502862,10.0605738,1.845576905,1.904206259,1.53735272,0,ssp245,8.651605522
2098,4,18.74661057,10.66618408,1.169897922,6.072002689,30.29512992,11.09656559,1.342749588,5.64861814,1.014444039,ssp245,24.41733753
2098,5,13.59866671,18.81169959,3.267771486,28.61151411,9.946004891,4.635078544,16.13732083,39.18637062,24.70059579,ssp245,19.47943763
2098,6,31.9252741,51.66091571,32.4774149,10.43373819,42.55852049,55.65087237,28.17071681,80.44410358,33.58622462,ssp245,106.9175135
2098,7,110.0135553,362.4625727,148.2074534,41.54588683,55.86709768,121.02566,277.6412566,125.1929478,41.61114849,ssp245,315.349141
2098,8,70.72235054,279.4069557,174.7952354,72.89270848,50.18956642,152.0991102,204.8641557,242.5027985,207.3604729,ssp245,208.2005081
2098,9,37.16769755,77.12231921,46.95348629,39.71580754,150.4341185,12.56282602,56.50934643,82.44928682,57.40323602,ssp245,103.4993476
2098,10,8.795856781,3.894348403,0.8243673,86.86703976,4.888193871,5.67966712,33.039925,89.34299719,9.52593101,ssp245,42.43458659
2098,11,4.355934624,5.713450765,2.605578338,5.19E-06,1.814339868,0.737249331,0.908022788,32.92634189,2.631457034,ssp245,2.150555273
2098,12,0,0.106242907,0.710689552,1.13E-04,1.146098412,0.060580594,0.245579106,3.966567625,0.39999336,ssp245,0.578777875
2099,1,0.122472966,4.239128345,0.0517693,0.138613609,0.027357304,0.132521974,0.028297118,0.747938317,0.013578067,ssp245,0.867951171
2099,2,9.503548679,0.179392448,0,0.003167422,0,0.200040344,0.259967246,0.026654014,0.066555859,ssp245,0.010745236
2099,3,3.146195069,6.463696944,0.64478957,6.747183498,8.30794645,2.167300587,0.334440635,6.907007871,0.059994553,ssp245,0.037649023
2099,4,0.709310491,19.42086521,0.398615479,13.78580893,3.477557182,10.63740536,2.321024864,22.07641522,3.989144815,ssp245,0.365101469
2099,5,16.92226324,42.24347662,23.02724291,18.82296735,24.19977015,61.33640367,51.86831694,4.757506738,2.160385377,ssp245,9.994085989
2099,6,79.87366556,155.8938223,20.27979447,23.82766623,37.45603538,35.8764289,82.22858193,47.49056463,8.861226977,ssp245,91.99698376
2099,7,197.0653316,108.231006,187.0961804,40.18487574,32.19550903,141.835374,181.0162207,197.4875928,143.0913555,ssp245,132.2016761
2099,8,152.5215218,144.1098447,211.1202264,171.8660531,140.3619794,178.0978075,132.5413566,164.4916524,189.8461826,ssp245,192.8424385
2099,9,45.23556102,51.31082733,46.82745942,30.04960053,84.41719573,48.27565171,33.31103353,39.42396086,29.97990097,ssp245,185.9345415
2099,10,8.881466126,8.117901146,2.818818158,0.217457371,3.18E-04,10.58332561,33.24217166,0.440068082,0.695019356,ssp245,30.96280747
2099,11,36.89638609,0,9.218737275,8.16249418,18.88048779,6.76701824,129.0226425,0.715086191,3.276057657,ssp245,0.029905064
2099,12,0.07592688,1.16628029,0.298608019,0.003378693,0.255073971,0.069995511,1.443376645,12.43762708,6.748598729,ssp245,4.602150442
2100,1,0.006919739,0.156457736,0.027382492,1.167227538,2.053972842,0.060261498,0,0.277654055,0.526338249,ssp245,0.23753206
2100,2,8.015627144,0.005616031,0.024674185,0.008099983,0.001300842,9.08E-07,0.154646167,0.076941553,0.002200934,ssp245,0.059407072
2100,3,1.4124326,0.194482807,0.690021099,0.914638844,0.155401176,0.708238669,14.01704941,3.539138629,6.423901694,ssp245,0
2100,4,15.52553038,1.549018078,4.275005041,43.91336618,11.17780653,2.855435414,2.082484215,7.640726566,4.548548864,ssp245,23.83677287
2100,5,52.33130813,9.945108818,4.826630121,6.604946905,46.98809755,19.22844619,8.800272588,21.24496983,13.50452931,ssp245,3.860475997
2100,6,36.71104298,41.51941668,15.592282,24.02252476,26.80203584,156.8202554,95.71715679,53.47895194,35.72650137,ssp245,41.07985356
2100,7,131.8559633,179.9699493,142.9936444,93.19746124,88.80346179,180.3369907,184.323922,111.4870735,18.90702431,ssp245,113.0295313
2100,8,185.6180022,228.8778351,72.33679217,260.8898152,86.447504,595.2005857,165.5804125,255.2204389,180.6571968,ssp245,199.5602709
2100,9,34.87239736,158.5079802,29.88230103,67.93610298,123.0733167,153.832872,79.34725272,8.464317526,121.1221803,ssp245,58.38681678
2100,10,6.654334828,1.682449365,7.020515528,19.70093032,4.754404705,5.788107894,12.99800918,2.700232182,23.58927883,ssp245,31.5473065
2100,11,16.53208969,1.763524618,11.43851227,0.826079894,0.705417754,9.07E-06,0.428296103,0.217818614,10.12408414,ssp245,0.274853171
2100,12,0.498482054,0,20.76464877,4.998779731,3.469467326,0.026819327,0.963179594,3.932865844,8.136280701,ssp245,5.277037352
