Year,Month,BCC-CSM2-MR_mm,EC-Earth3_mm,FGOALS-g3_mm,GFDL-CM4_mm,GFDL-ESM4_mm,MIROC-ES2L_mm,MIROC6_mm,MRI-ESM2-0_mm,NESM3_mm,Scenario,TaiESM1_mm
2015,1,4.259748809,3.765721521,0.210721343,10.5148587,1.806358943,0.275941064,0.953946148,5.427993717,3.202681754,ssp585,0.530813428
2015,2,7.048235265,0.081815621,0.314642668,1.454251849,0,0.145657076,0.029028136,0.113651676,1.57916093,ssp585,11.14309676
2015,3,38.05077819,16.26140313,2.934262117,4.708022375,0.503227183,1.117011998,0.01846565,0.483950617,28.96128868,ssp585,19.15126457
2015,4,40.94716536,10.70007666,10.53210116,21.67922336,13.01443068,4.776078888,6.53021273,19.76417482,14.99056451,ssp585,42.29994106
2015,5,38.69299496,31.3853959,3.407618196,13.55882295,12.96209862,2.097718948,4.084678274,53.61547266,5.938642876,ssp585,23.72858261
2015,6,34.57881015,2.112198157,22.60681137,3.659476736,65.30683895,9.846517521,17.75031435,35.02907651,57.49300346,ssp585,30.14763945
2015,7,111.2640283,180.9973348,99.68245107,62.31364213,172.7018473,104.9865813,234.5194218,63.36802721,231.7383462,ssp585,345.1458083
2015,8,75.78033837,445.2917926,121.1666958,267.0447961,68.01456965,103.9124244,226.7575763,149.3033163,269.4913555,ssp585,103.2891985
2015,9,70.93488518,110.3182505,23.3307279,29.1734757,47.58598202,41.72610511,6.870131738,33.82157887,22.78034766,ssp585,31.63327004
2015,10,9.868552333,3.602026191,0.275564297,1.255087479,0,0.808943404,0.008528981,12.44745368,0.280391167,ssp585,58.00712772
2015,11,35.98800631,11.91913826,4.719137866,20.51266665,0.550759705,3.583608885,0.296696533,3.768855605,7.356474793,ssp585,56.34733393
2015,12,6.949077679,3.052934557,1.268521016,21.78027754,2.94984367,0.163849895,1.120817191,1.864933023,17.06979634,ssp585,90.10264699
2016,1,0.36352658,6.119570234,0.144704763,12.1248176,0.872365906,0.063725669,0.286173481,44.99642249,1.391006253,ssp585,60.8122174
2016,2,0.002708012,0.050187238,2.51E-04,0.491990545,5.162510559,0.025160439,2.85E-04,8.961636676,0.095388104,ssp585,39.87284378
2016,3,10.89033671,8.523264629,9.185811227,2.584901126,0.944067551,4.094343649,0.070359045,4.750876115,0.212959798,ssp585,8.59829599
2016,4,61.88792759,7.223586036,23.56044889,65.59455139,22.60950157,3.206034239,1.716392763,35.84120334,3.257011117,ssp585,74.66484649
2016,5,23.89117491,14.17782921,11.56132396,8.500033337,18.21302404,15.73430631,26.93527869,32.96361472,5.94071252,ssp585,41.47335764
2016,6,21.36244206,13.19637935,26.4843956,5.307266907,10.45670339,33.22910536,51.05662784,41.08603193,55.84180086,ssp585,35.56569662
2016,7,108.2416266,194.8933508,111.2509464,161.6440587,93.67257798,138.7736171,81.82757312,73.7622676,34.63716222,ssp585,107.7176439
2016,8,164.6559463,366.0144198,174.8635744,69.59465513,66.42077105,140.4051209,95.66612316,93.70150386,410.6251065,ssp585,210.2176489
2016,9,33.12309812,59.60520169,29.25336992,36.05347489,20.29469421,86.25786959,15.46185354,57.2611174,41.90634961,ssp585,24.50595507
2016,10,0.331147753,1.145142789,0.729374588,0.361361261,3.743835471,0.917948974,0.00830652,0.044711944,10.39324378,ssp585,2.101865165
2016,11,20.10549096,1.63247651,29.94734951,34.64910039,33.57306829,1.89183336,4.243443345,0.156662267,0.04026045,ssp585,2.646493189
2016,12,27.12738689,2.518715426,3.088643346,9.843494383,11.11235025,4.981986248,14.96555553,16.07383308,0.922677029,ssp585,3.218398805
2017,1,0.729974708,17.6650889,0.143341739,14.07610359,9.046433541,0.391163606,21.41471216,0.409848929,0.105522395,ssp585,1.163700678
2017,2,0.254799884,0.066847995,0,3.085542541,9.077988898,0.559441993,1.17888684,0.47692478,0.182242446,ssp585,0.004340462
2017,3,39.37738763,8.214424314,0.72456708,2.03034443,5.925385956,28.79993563,0.202760857,3.974966754,0.132246279,ssp585,0.034744846
2017,4,21.94147676,34.87318727,44.4300876,10.12710351,2.564530887,3.162055963,2.906132411,25.11756342,3.379730903,ssp585,0.668890279
2017,5,31.96599613,8.309364876,7.471826875,45.23753749,1.937130759,0.70387276,18.58013918,28.69149564,15.08401839,ssp585,0.169751516
2017,6,120.2943761,89.43233168,19.74051366,23.90764451,11.11476132,23.27734136,6.543351707,69.58693059,29.81430811,ssp585,34.9674656
2017,7,178.0537091,182.1680248,119.4124962,82.73385872,66.92604407,49.83212624,102.7466689,70.74397127,23.76665042,ssp585,131.6850625
2017,8,14.32791351,65.75779733,169.9561254,183.326009,148.0348867,265.399766,181.1054054,206.6318669,279.3583529,ssp585,270.0884108
2017,9,117.8065967,36.51528302,15.23105137,0.382791482,56.95607614,57.24090343,43.45907731,42.42606201,26.92471131,ssp585,147.4786073
2017,10,4.42678686,3.715083586,0.264140584,0.299029569,1.355223791,0.166112328,0.144664548,60.21176865,17.09808662,ssp585,0.226402325
2017,11,10.10798165,23.73432552,14.71217905,3.832039653,8.17E-04,10.95774399,0.017091128,4.764367594,35.50488115,ssp585,0.890443366
2017,12,0.926117889,0.886592805,101.4406984,20.28072474,0.109305054,2.696909307,2.317172279,10.7520687,46.18657799,ssp585,2.828081635
2018,1,1.24344584,1.360233447,0.172745128,3.455276357,6.459695591,2.128116934,0.016066792,5.805324321,32.11275453,ssp585,7.238277043
2018,2,0.097909235,0.001594315,0,5.251580486,0.016414579,0.091300982,8.46E-07,31.54625792,0.856585787,ssp585,12.84540974
2018,3,4.854960046,10.66959176,6.307148864,11.11431527,5.912592179,4.489494951,8.334115137,14.75833258,4.915748266,ssp585,5.325511999
2018,4,11.18415618,70.03416523,8.805285101,20.68435118,16.4601755,28.53379146,6.922561286,17.77380438,12.67539416,ssp585,0.21159395
2018,5,26.09383579,39.70051546,12.87577285,2.419343034,1.672665623,11.40372849,1.767507971,176.8432379,9.993224443,ssp585,30.25755328
2018,6,44.73142393,15.5390777,54.51024582,43.6263282,31.05704873,12.54808112,26.06679717,40.18497696,22.06007883,ssp585,7.951395407
2018,7,240.2224822,38.17541544,50.24417389,122.2937059,104.2609884,255.6928848,180.1331497,266.9283703,14.45916819,ssp585,141.1672401
2018,8,111.1072899,216.8492434,80.59833879,97.68641716,298.3528743,193.3400644,50.83132723,128.9421243,319.2227581,ssp585,53.8657442
2018,9,23.69329846,38.21986663,7.661457196,29.54651787,20.37036843,45.81554981,2.687855557,11.10058926,62.50587059,ssp585,15.20782159
2018,10,1.678236545,69.80047977,0.103839032,3.109843875,0.011951889,4.364066871,1.704158132,0.003569929,0.328308539,ssp585,7.004092978
2018,11,2.885826008,43.98897156,8.895102963,0.466814165,3.985354895,0.448667685,5.762957876,24.41757734,0.116306987,ssp585,4.85E-04
2018,12,4.077933146,0.561470717,16.90896246,9.060232768,2.937158858,5.953675831,0.162225295,19.37815434,6.856980344,ssp585,0.004361701
2019,1,8.404532128,6.59193415,3.693071117,2.20747926,36.78185835,8.332222992,0.354411616,1.474338813,26.02782629,ssp585,19.40980776
2019,2,39.25375341,0.541200676,0.086447118,3.585658947,0.138226808,0.333044518,3.061242643,5.79919328,8.167382648,ssp585,0.173440739
2019,3,2.801558092,4.896491671,0.247065084,0.032655415,4.116494144,7.623954096,4.818695085,2.257616408,34.65865749,ssp585,0.018982587
2019,4,1.110323598,72.40669029,8.917834819,5.085431722,6.828885391,54.61576521,6.431060345,11.28023661,65.49745586,ssp585,9.906929717
2019,5,4.999031174,7.750557683,16.32303435,0.712693407,109.0478298,22.79300478,15.42683834,3.00826371,4.609514372,ssp585,1.432647925
2019,6,15.99753724,62.97690891,22.46062373,49.4633222,95.24155767,80.07770677,45.6747786,69.21966387,36.94468128,ssp585,72.91387266
2019,7,346.322208,112.2204055,145.9505077,35.58643872,119.0021577,257.6151587,112.3677459,70.83525243,211.8305877,ssp585,154.7036815
2019,8,299.7631083,236.2062748,465.8542129,214.5176703,52.95933288,217.3712569,157.3081766,379.4891066,269.8720987,ssp585,210.8815117
2019,9,64.41942503,10.56397336,49.06959224,12.72620892,13.79751345,73.91576783,11.72555704,50.20719787,61.67733343,ssp585,15.23747235
2019,10,0.135961904,0.00449032,0.028488396,0.175601271,0.015089151,0.711054734,0.065373474,0.715837828,35.58974441,ssp585,15.35759032
2019,11,1.019915178,3.06E-04,3.26937734,12.0207842,18.89974307,1.444562103,0.049356667,0.020041159,8.945090838,ssp585,45.66997807
2019,12,0.03817724,22.23878643,1.155121141,0.329529489,3.524566762,20.47205521,2.77828138,3.073597218,8.267296226,ssp585,12.08187044
2020,1,0.136235025,8.701794094,1.822804579,1.076161487,1.889546887,28.37028516,1.018685608,2.485807849,0.389506484,ssp585,91.48148255
2020,2,0.005106161,11.01158145,0,0.495858801,0,0.257175309,0.008587286,3.55269281,1.156512789,ssp585,4.973788038
2020,3,4.516638843,0.943602476,1.469152899,1.734020077,0.364380805,11.2317497,1.78484863,6.279587223,75.35863419,ssp585,0.161770669
2020,4,13.17260956,53.50825245,2.968260754,3.140181558,8.148131736,31.84145314,8.377458942,35.38832774,1.677225431,ssp585,8.672316203
2020,5,19.87917647,32.63712487,14.01108114,50.88439896,26.55536812,21.58932639,16.45161998,29.48136757,5.531898716,ssp585,21.01667851
2020,6,32.8534574,45.19699059,8.801242918,24.15242408,14.96865093,65.10388833,28.36026203,77.67884029,9.430528166,ssp585,12.78350201
2020,7,270.145147,91.05730536,153.2698003,294.588202,78.90017334,204.8464956,174.0671991,201.5637079,152.3490993,ssp585,122.9805822
2020,8,158.7743795,271.5983411,54.68497083,118.593027,162.8350914,136.7989169,58.73508182,171.3621303,251.1637419,ssp585,151.7853428
2020,9,4.937496561,99.40321301,29.5332365,10.18509836,39.32083575,8.449637699,6.207022708,60.44425242,26.70863134,ssp585,10.87956887
2020,10,6.247546507,23.69643906,0.825832647,0,2.207233385,0.67668758,6.171412945,14.47020292,5.046758682,ssp585,2.30E-04
2020,11,26.59854629,84.30073318,18.94629329,0,10.49236536,0.579236307,0.499062329,12.13331874,0.836637721,ssp585,2.234999804
2020,12,14.20982134,2.102384162,47.38363726,0.03025911,12.45964027,0.974839669,27.04982078,21.90956401,9.283765061,ssp585,4.055318266
2021,1,5.137858989,1.508021858,2.881763509,0.770106484,0.123546758,3.883016279,0.769798089,37.25900523,0.007641653,ssp585,0.003788165
2021,2,0.02814654,0.034753951,0,0.775131997,6.977214622,2.239033759,3.9248025,1.121173497,0.447976681,ssp585,1.552338667
2021,3,2.19371536,1.591242944,4.616013199,55.29874903,10.6590997,0.544094248,0.06476094,4.569824815,0.128948408,ssp585,1.042665644
2021,4,13.42383354,16.34761071,7.874723424,44.0607923,13.51149255,2.949358759,15.91150648,14.80648876,8.022807979,ssp585,19.0421435
2021,5,40.42836095,1.106775128,5.35930226,30.38430553,147.012535,24.44150956,59.31116319,4.105589996,91.84672996,ssp585,8.774145715
2021,6,1.85707354,17.53021714,41.82322298,5.700133578,4.134873856,13.91424523,45.4460493,56.12767366,15.74921333,ssp585,12.35881376
2021,7,35.87881387,44.27905561,160.5000806,71.38110175,214.7858956,120.9298191,169.4166252,202.9468587,220.3885204,ssp585,142.5833199
2021,8,14.3170651,119.4159842,146.2760308,34.49361959,150.1299238,115.524811,156.0281965,56.81513863,119.2202426,ssp585,156.04462
2021,9,11.36636414,15.84357182,25.70071797,37.83101479,10.17822171,49.53803491,70.49290396,20.05773469,24.71538094,ssp585,59.6976215
2021,10,44.89050854,41.09447818,0.982709312,21.56626649,0.954493295,0.174220358,0.035133553,0.285140093,18.40350394,ssp585,11.84557515
2021,11,103.2637335,10.49353395,0.39995648,2.690436853,10.89294167,6.648638657,26.70330839,14.78980398,3.288453873,ssp585,1.973919652
2021,12,4.921903601,24.49216669,5.87202562,6.359493427,20.46775474,0.08474135,0.572915506,16.17018772,0.052536805,ssp585,2.531776444
2022,1,5.456451397,4.176713418,1.713014276,14.54509296,5.471845799,0.130937753,0.25767049,1.481286192,0.420989949,ssp585,4.416801356
2022,2,2.79E-05,6.805785281,0,2.390077319,1.931638004,0.034959654,21.37252552,2.132873537,1.908706988,ssp585,0.093046791
2022,3,31.28996933,1.282594626,2.686638179,13.88729424,6.325023865,3.720589497,29.30221074,6.725391724,0.361592481,ssp585,0.488168428
2022,4,88.55541107,20.03973707,29.36345213,2.291279726,66.23866469,5.5085095,45.7355908,22.74356465,62.20215484,ssp585,12.0730014
2022,5,50.34397721,82.47377484,3.137654131,56.36517373,2.247309235,10.69252686,9.497194865,4.710110689,24.70662462,ssp585,2.528353098
2022,6,71.31847077,35.10392247,23.66491093,72.53925861,32.24628989,35.69856811,65.92337468,38.97403896,8.651943122,ssp585,13.90905884
2022,7,317.3633076,250.7979379,553.1554947,12.99941287,69.59505761,208.3051943,164.3769388,46.37173279,176.0888558,ssp585,157.1561379
2022,8,111.3989988,432.2588373,152.5235141,108.5520687,30.49802442,86.65917444,282.2858053,97.35469868,298.4576399,ssp585,288.3318082
2022,9,49.04705818,37.44030134,31.67747524,6.230038823,8.835628343,70.63035367,37.70565946,43.1827789,88.24617291,ssp585,49.63789187
2022,10,0.792490735,0.038255997,0.30812706,0.533924032,17.0285769,0,0.603863817,0.850528521,14.05243975,ssp585,5.211758727
2022,11,0.284056203,0.073693042,4.700148722,0.821259549,2.469467574,0.229455489,0.023253723,5.662327359,0.683923621,ssp585,55.89689841
2022,12,3.827657261,25.450084,0.850008068,2.401852473,1.192264982,0.096562057,0.234808085,3.4766813,1.364618308,ssp585,46.53828681
2023,1,1.447325401,1.749024421,1.130193179,5.426455782,7.126338369,2.743100348,1.006062755,5.391072204,2.884900099,ssp585,8.203019155
2023,2,7.733935533,1.003454761,0,0.208733263,34.92216684,0,0.354169917,4.160275201,0.186040024,ssp585,0.190742429
2023,3,13.68289458,0.246137116,0.439518577,15.64264966,4.826064468,5.710866467,9.01167052,6.723242057,13.28721298,ssp585,42.40166993
2023,4,8.946508746,0,24.75459405,24.23557372,35.42923819,3.891035679,13.59303738,20.13770134,0.489947813,ssp585,5.897130704
2023,5,8.210810572,48.41970717,1.834573289,35.47918427,13.13967321,62.48395478,36.28070742,33.46726179,2.376431716,ssp585,0.893096785
2023,6,30.41429229,10.34943229,21.19835348,46.3440485,102.6582705,19.96973316,17.47016647,154.9743895,26.48592641,ssp585,29.55632978
2023,7,117.1760585,323.6704229,113.1925454,144.678006,66.20154227,161.0514341,33.99304319,103.4928515,151.2675783,ssp585,161.4958142
2023,8,83.29732497,193.5117157,114.7159186,120.3663651,206.4977264,220.7942225,158.5788242,115.0771293,317.2922943,ssp585,219.2764276
2023,9,106.1934625,33.1713788,30.47168423,56.08843434,86.96289396,34.02103693,16.29616127,5.89913984,63.70875335,ssp585,52.19367239
2023,10,0.952854114,0.274793183,3.844925595,0.475720193,5.034944915,0.056496536,1.21385023,2.29E-06,0.0617783,ssp585,0.2227779
2023,11,11.30203719,3.555994884,3.84324143,12.8339264,22.89972803,0.803490459,25.62762969,32.15450186,0.586567611,ssp585,0.038568189
2023,12,1.281982089,7.851169688,0.915538961,0.38682627,2.841039372,0.112476815,0.208748261,0.075847364,5.419354671,ssp585,0.341021628
2024,1,2.359830064,1.559469652,8.807875485,2.887554302,3.090555001,12.58874684,1.15603218,2.697778897,0.16420119,ssp585,41.28423633
2024,2,2.212477194,0.854053393,0.067668606,0.269248921,1.547499396,0,44.02608603,1.71163244,9.78570866,ssp585,1.799018116
2024,3,1.178007566,0.331707497,8.55575839,1.425753658,0,1.123680953,8.565456394,12.67327183,4.367405338,ssp585,3.545560474
2024,4,2.315289028,2.488756343,23.15457883,2.596306017,28.70330464,13.21971444,25.63072601,28.74673716,9.427295176,ssp585,13.85047621
2024,5,1.296724713,4.717636435,59.5416234,15.44602552,1.097908066,2.723033209,73.33946092,58.34143891,9.957075488,ssp585,12.06764811
2024,6,18.18236338,11.35468445,12.28653305,27.76175797,7.59063143,131.5295955,66.7601634,237.536628,23.22149119,ssp585,104.2158143
2024,7,72.19293655,137.5660931,127.86355,240.6152904,94.8290323,138.3803122,136.6509785,28.89780468,41.15848361,ssp585,69.4231681
2024,8,58.28860721,219.3558325,205.9388446,235.4392561,113.5199838,125.6155733,103.2613014,39.58149054,247.3261605,ssp585,197.458436
2024,9,18.83232529,15.65463775,29.37522651,26.56289748,38.59936339,115.7613379,11.29804349,12.42515034,24.89445703,ssp585,37.77506201
2024,10,14.95084167,22.04425019,0.072397699,1.640693401,0.254714075,0.109442942,1.942640004,1.036249565,0.284181552,ssp585,18.5947457
2024,11,27.27567041,52.62744669,0.376644457,7.197621288,37.70307137,0.089153441,0.075134032,2.075468732,1.842762479,ssp585,56.37688359
2024,12,1.308339848,10.04462545,3.167732859,0.027361984,8.141845382,0.053683395,11.82573345,50.9211677,0.048571246,ssp585,0.004541455
2025,1,7.147467499,7.348789496,0.019892745,7.024973559,11.63311222,0.018413426,18.39326709,20.7155948,42.09478241,ssp585,0.811534661
2025,2,0.353065501,1.493976577,0,0.117736232,1.962686619,0,1.036458986,0.282645587,0.738094654,ssp585,3.692715232
2025,3,0.842562362,2.441295401,3.974283633,7.049228406,0.134598806,0.145838815,0.03005171,24.73402651,6.840083499,ssp585,0.112876499
2025,4,9.212772789,17.40285452,11.09109991,44.38959649,3.39E-05,10.0189569,32.1843593,30.76082437,1.877407629,ssp585,2.284176295
2025,5,22.01747496,72.07418347,0.531952088,10.93367347,26.44745835,24.48773883,49.59458933,41.98085554,0.70207093,ssp585,6.804912105
2025,6,2.484710312,7.508976274,66.25349652,6.754021066,61.88393287,67.61978813,35.27986181,53.13339326,104.0233383,ssp585,14.21230465
2025,7,153.6278922,149.339213,198.0221792,174.5240487,53.32311079,67.46901899,166.2538575,63.38570158,185.7853795,ssp585,261.2094412
2025,8,136.7409786,162.6702374,144.2500209,55.72824583,115.9087396,129.2092435,88.31503581,166.8999196,312.1886671,ssp585,293.7054476
2025,9,35.9869712,55.5461176,54.34057764,59.31682754,84.86043485,38.17961256,6.973374535,65.13415318,51.70691768,ssp585,36.14861429
2025,10,0.382081734,56.64766099,0.131502449,5.601517656,9.075787868,2.099396015,7.145416136,0.033414902,7.730819197,ssp585,5.161587669
2025,11,0.296727303,37.12775803,20.49533759,0.581421142,47.0052322,8.988717709,33.91871781,0.013031479,54.91717708,ssp585,0.226010174
2025,12,0,2.225531234,5.254485504,0.10383686,6.807125581,0.109228868,5.812191223,1.021350537,13.04725336,ssp585,0.004881015
2026,1,0.008709901,7.946061586,0.26366873,6.912088498,2.933848644,0.017830147,10.25617002,3.230006891,0.178424854,ssp585,0.133174141
2026,2,3.278125453,1.073709294,0.035591168,17.98431966,4.64E-05,0.790994032,0.097115129,1.12E-04,0.544936076,ssp585,0.033393057
2026,3,7.923780703,0.410013105,0.326974577,0.562038686,0,11.57630365,3.297225955,0.437326737,5.946292885,ssp585,0.018434401
2026,4,15.10044709,30.67201401,24.80181716,7.404500699,20.19371103,74.62979255,19.28198172,14.68437644,6.98901079,ssp585,12.11239942
2026,5,14.14163144,13.25818073,30.66401659,12.1097172,38.88887088,4.645244652,8.964461924,4.666966436,5.828902009,ssp585,0.439577703
2026,6,81.14526303,15.94118058,55.96026947,17.46730442,70.19371033,4.559111009,38.06336027,93.10478765,27.22931115,ssp585,75.2946874
2026,7,257.7005502,110.6665143,381.0887209,101.150336,65.5260721,75.63076403,264.3125757,77.45351852,128.2231928,ssp585,92.38265015
2026,8,28.18230622,375.0679234,229.0327473,108.1591381,118.1684418,207.3629109,121.3203603,94.97271608,113.8215523,ssp585,200.626563
2026,9,32.44597757,52.84929104,56.79507858,31.74245576,6.907282491,98.09322443,113.7394379,28.22128852,13.20079347,ssp585,30.56432879
2026,10,6.104565773,2.453627099,0.011607412,0.573767876,0.021099514,0.491674889,1.142055719,3.875270988,22.37159276,ssp585,6.841940094
2026,11,9.767422745,1.665236264,0.730448206,12.90556279,0.568465023,0.03512654,0.42752266,0.306124487,3.993241936,ssp585,9.22046858
2026,12,0.015203376,0.421295196,9.881186856,2.442913394,0.458704793,0.172580103,0.317766465,0.00469849,3.104242442,ssp585,7.173915864
2027,1,6.57E-04,11.41377886,2.009550564,18.68152366,11.59064485,2.910390253,15.14006871,9.973869619,0,ssp585,3.123102087
2027,2,0,25.7298986,0.416490387,10.19727491,0.190882992,1.605344662,2.73E-04,5.034198045,0.681871732,ssp585,6.870173864
2027,3,0,0.771291351,38.0600373,1.195378429,0,0.829355371,0.59209057,24.99026227,21.28995422,ssp585,0.374284768
2027,4,22.46585524,2.985784411,4.474634639,46.34225979,4.276511823,12.51639056,2.859315543,5.590706421,15.03023536,ssp585,32.61513177
2027,5,5.389360875,47.01290808,6.342430314,5.886674433,0.262738874,13.09216694,113.6085298,15.57735874,16.21605783,ssp585,1.277565998
2027,6,29.71778468,3.341650531,32.94357757,23.54159909,54.96395243,21.69435199,10.02885962,12.24963728,6.03051157,ssp585,10.38168588
2027,7,77.51313942,208.2343396,145.5415721,75.46184543,40.16862566,161.2960884,117.3215316,135.9216054,174.6151257,ssp585,46.82402545
2027,8,27.77068117,312.2904751,89.62721727,432.8973047,159.183801,180.1361631,129.3444197,51.7411889,333.0917513,ssp585,95.83928597
2027,9,40.66298334,67.63665064,34.42107682,34.73953643,17.70463298,17.21097271,19.32277084,11.35461427,12.29168315,ssp585,88.13920619
2027,10,1.050968044,22.37138081,2.683776474,1.412629844,0.141444689,0.031601775,1.441969377,0.008372739,14.26175166,ssp585,4.74E-04
2027,11,0.018837644,1.463981532,3.064430126,1.266099553,2.10720984,5.255162868,0.199234631,2.574356513,13.65848071,ssp585,1.483984356
2027,12,3.82476342,65.10544644,35.20652533,1.636741769,0.145996321,1.641969297,0.172054378,6.375717268,7.899770634,ssp585,7.920714972
2028,1,0.927902152,0.421620113,10.84962399,0.003098957,0.547066508,13.31701983,0.028699532,14.6114683,48.33447006,ssp585,28.19401558
2028,2,0.239400905,4.635921765,0.004654596,3.203757259,0.095020916,0.091069539,0.063074921,10.46610874,0.015393483,ssp585,4.062000235
2028,3,50.55119129,1.153432363,0.452887582,0.568449143,2.716025929,9.526091471,0.146355805,14.28727437,0.702218895,ssp585,19.51006539
2028,4,6.74023663,3.230926298,3.615043712,32.1040546,12.78984772,16.13273784,13.98994526,7.648194454,12.22732618,ssp585,2.506294622
2028,5,19.05807953,15.25084194,5.965518558,0.386510521,25.01738684,41.94820109,78.50470638,3.952312119,24.28682931,ssp585,8.531814151
2028,6,70.5857587,20.79819645,20.70136522,5.393008463,53.83414278,28.58366045,19.12214892,142.2165017,18.9220106,ssp585,44.75862869
2028,7,107.3776057,121.357278,143.9048058,82.44659238,131.9830377,37.09723051,163.1209869,64.78352597,198.9123486,ssp585,78.98228307
2028,8,73.62585363,93.60986186,280.0277123,83.65640954,89.30414174,362.728422,117.6420247,217.2851709,370.5768775,ssp585,153.4251862
2028,9,9.721281378,105.1953204,65.77903117,113.2546551,8.292111269,45.15330759,56.12189751,4.512633186,54.67372675,ssp585,22.56068386
2028,10,28.44869518,16.29319833,0.177295288,44.14190066,18.64496875,0.136906821,2.308275382,0.039611276,4.773104923,ssp585,0.10114852
2028,11,0.025959384,2.692107598,0.130956377,19.60273771,17.22771876,0.430272519,0.939384157,2.422037954,13.26269976,ssp585,0.093265231
2028,12,15.03754618,0.092157951,0.281745232,25.96475276,5.952854365,0.077378695,0.597483282,3.604240133,9.585438864,ssp585,0.367101188
2029,1,2.574738785,2.337936456,0.059586559,3.075315781,0.150091143,0.015493639,29.25191664,0.77170035,0.153876702,ssp585,0.471126054
2029,2,12.61004526,3.382706668,0,0.01046066,0.269291297,0.019614999,3.541523681,2.157418148,0.039224739,ssp585,0.082960117
2029,3,0.00231745,1.863738071,3.68617821,0.891279164,8.507466967,2.525741921,7.859422872,0.512094043,0.95901204,ssp585,0.230672824
2029,4,16.08203439,5.278645812,1.906727422,11.55758246,32.05512959,4.580332467,6.742799781,10.09072919,19.64852449,ssp585,0.001851066
2029,5,2.043060529,37.53073309,22.31463468,32.21471445,100.274959,13.49208725,33.35259566,2.296262251,2.377861984,ssp585,22.85079675
2029,6,32.28704724,33.68299752,80.45152373,35.52573852,53.56329397,68.99790822,48.68521973,12.10937523,40.95938604,ssp585,37.0576561
2029,7,151.4459962,146.3045819,320.7607409,17.88959906,76.1542037,98.9820983,187.5227725,153.2505693,61.07719518,ssp585,193.7589499
2029,8,158.6842449,442.2866988,135.7476709,116.3981654,228.8219401,194.9236406,154.3674479,62.44108418,156.6145192,ssp585,242.0448399
2029,9,16.07279855,102.8158576,17.95571223,8.43236671,10.36708721,27.37755593,5.065473105,32.20520484,15.53770993,ssp585,39.25465917
2029,10,0.021611234,39.67848557,0.08654483,4.92E-04,0.419953026,0.62170737,18.41443084,1.260327887,5.562039464,ssp585,3.17272927
2029,11,0.283451424,0.003052218,0.253467613,4.809462307,6.015125091,0.204746271,6.15586821,13.97676511,54.85049484,ssp585,0.522122588
2029,12,6.012620971,3.690335958,1.653417978,0.017967592,1.677401507,0.119138705,19.85591039,37.30208021,10.84708193,ssp585,0.406744542
2030,1,15.17965051,1.338999974,0.769963226,19.76743214,34.15927001,0.214958328,0.034634981,70.72157487,8.713373225,ssp585,0.022917662
2030,2,14.58168523,0.370844965,0.159122793,14.19858517,0.013762977,0,0.117017563,1.36204086,0.003699328,ssp585,0.934270387
2030,3,11.89770048,0.003543291,1.991919273,16.31833198,1.374560085,19.3084607,5.486603502,33.52211521,0.53200808,ssp585,0.495127501
2030,4,9.217377047,34.22591307,1.041448952,14.05016691,34.40947838,0.019137314,7.150288606,27.13812429,43.29698617,ssp585,1.51433611
2030,5,26.99676901,33.26308528,10.62449208,67.21929962,29.09748033,37.8887674,58.70825048,8.498739075,39.61165363,ssp585,3.285124676
2030,6,93.26985213,7.361117346,33.17911469,28.85625519,16.95675304,45.70460086,6.645694798,4.970834764,32.39347012,ssp585,11.84139524
2030,7,192.868176,382.4492444,183.6573989,94.37905941,125.7990542,141.0344472,368.0638978,82.57970418,113.322188,ssp585,131.2657259
2030,8,61.59935535,142.7423769,159.7889811,382.0407045,92.00402771,109.7243164,257.2696505,533.1946487,401.5196888,ssp585,132.3024146
2030,9,46.56996444,54.40788456,10.44669974,24.099133,19.48641904,33.12319443,194.7227278,47.95551697,29.999096,ssp585,22.78069329
2030,10,21.29737655,8.680999426,4.416663569,0.00529567,11.02140817,0.368382521,1.636500589,0.029454924,11.79390654,ssp585,2.29E-04
2030,11,2.655072476,5.281034219,16.98428486,0.239938443,5.659768913,0.104911407,0,18.6108349,5.430125386,ssp585,13.65473695
2030,12,2.619706485,4.420009672,18.5556275,14.83027901,7.052196184,0.057831953,0.001174071,43.86178604,6.187549005,ssp585,2.43E-04
2031,1,6.00E-04,0.11770646,5.783458678,33.89070526,11.44905529,12.03762367,0.006020235,0.071401249,5.124161583,ssp585,0.009270619
2031,2,2.225163296,0.001679321,0.268437038,0.184719168,0.99752838,0.838682121,4.41E-04,0.859813394,1.085921675,ssp585,0.115738491
2031,3,6.387434376,19.27362801,1.807726422,3.091202087,0,17.39735904,0.215142316,4.012238973,1.734188337,ssp585,0.060036377
2031,4,10.62849672,5.112838511,6.138966358,27.11688834,10.96475481,68.04066475,2.977620423,48.12246669,3.405308944,ssp585,11.08133258
2031,5,39.54294875,16.89261712,18.46221009,10.49800887,20.69514472,12.1206614,0.749244444,7.747672417,29.49508269,ssp585,1.626578638
2031,6,38.3704927,46.86053975,38.35659804,149.8082665,38.57136285,6.197044669,44.53062589,23.44981965,31.95735173,ssp585,80.36302179
2031,7,23.12893672,276.262394,94.16812696,288.5384426,89.41368187,78.31922471,442.0300269,155.5718908,11.75671319,ssp585,194.1664967
2031,8,78.07715725,153.3279099,69.66945574,95.24304354,105.8296905,220.5557841,148.7078835,69.69353169,93.05392804,ssp585,237.5708124
2031,9,68.37038716,45.36655454,22.48036412,67.93319414,14.16568535,71.43904293,52.72696457,11.98211513,14.32176001,ssp585,30.50485058
2031,10,74.38692924,1.820218465,1.059735896,19.02317038,34.34881145,0.777297795,1.140625863,42.46043226,2.214277663,ssp585,0.434720329
2031,11,19.22385786,2.585566719,2.077150089,0.015899456,0.935046744,0.010342257,0,23.20888278,3.045300719,ssp585,3.56543048
2031,12,23.09528509,12.44767958,1.569364042,26.51908745,24.78249636,0.165930864,0.471565937,2.48752198,11.78028324,ssp585,14.757978
2032,1,11.80001386,11.64114863,3.221149235,1.318790052,8.750240425,2.519568087,0.00839245,20.79498724,11.16209953,ssp585,6.113497083
2032,2,0.579660655,10.79410378,0,1.219724855,1.928317012,0,0.001358391,0.379972295,0.01120193,ssp585,22.69119566
2032,3,35.08854078,9.008125254,0,0.043864251,0.042953251,1.405673056,3.549626613,3.130933943,0,ssp585,0.049088417
2032,4,2.598823206,25.90495464,29.90387576,29.08025899,8.668164592,43.4002474,28.86155915,8.144759597,0.900432394,ssp585,1.907032777
2032,5,2.156527237,26.70979498,10.67842312,22.48239908,105.7642612,3.97659692,125.5660418,75.00514061,8.553143911,ssp585,18.87410595
2032,6,19.68590321,19.74197801,42.78964664,34.66058022,64.54727693,42.41768841,17.04101801,15.10583783,14.72472938,ssp585,34.42239549
2032,7,59.2363784,99.07644141,156.2689549,58.6078389,145.4162125,175.2740088,216.1241004,80.79802207,180.4895709,ssp585,115.1003774
2032,8,186.4139945,262.2611304,148.9691417,231.5563127,422.2338473,229.3187994,386.4045269,130.6868584,445.7405476,ssp585,136.7407612
2032,9,33.92056487,43.81113252,5.980796646,44.97439838,43.47313245,4.434874741,183.2248675,53.61705387,65.22944019,ssp585,11.92853466
2032,10,1.268244328,0.453643198,0.105990798,2.839569713,0.013817,0.248970525,18.06122688,2.301359851,10.78120088,ssp585,1.238843045
2032,11,1.912168962,2.643413148,0.534726155,11.92198164,14.91235295,0.109423222,0.048887498,71.41736529,0.266994814,ssp585,12.08053868
2032,12,9.991213311,2.851099559,0.346647537,1.339776913,3.695663996,35.67382926,10.95905247,1.483857961,19.15549523,ssp585,43.79391746
2033,1,1.935573906,0.087458212,0.836528678,136.3240445,378.0242863,0.054243556,0.354586897,20.51231848,10.5834436,ssp585,6.55951321
2033,2,3.89E-04,3.76873707,0,3.538438025,0.123089794,0.032569536,1.755754081,1.098283707,0.115489576,ssp585,6.471628289
2033,3,9.659017474,8.473465484,0.206109368,2.741763267,6.52E-06,4.319715367,16.21131699,6.447100764,0.07583086,ssp585,77.0088177
2033,4,30.28037038,0.694518862,2.404249257,4.257675529,8.020686003,29.20076909,6.270268605,10.9341127,33.72424279,ssp585,78.96385222
2033,5,3.42057933,9.759865549,8.745365233,24.34596888,132.6552622,27.85481194,40.93615334,0.49794705,0.597100057,ssp585,39.96778846
2033,6,43.57548004,40.15598238,56.68532689,26.51931683,13.70011769,88.03232488,7.229454304,41.64757859,22.20280899,ssp585,16.33342116
2033,7,337.9291662,152.3738193,270.5983711,167.9471661,55.07522338,136.134408,189.899573,172.4093644,92.91957651,ssp585,94.70690354
2033,8,377.362736,247.1458741,349.0752843,93.17961754,328.9995825,251.0084652,399.1553954,384.6304264,231.4779254,ssp585,72.36417237
2033,9,56.36156216,24.45567794,73.39926241,37.84084716,39.51895309,30.66838751,61.34778263,26.44488835,14.73596083,ssp585,41.819135
2033,10,3.75089561,92.80896676,0.085743629,0.001505437,1.57E-04,1.025510006,0.629816903,0.06869789,0.061298089,ssp585,0.433498809
2033,11,20.66778742,0.556953313,0.693221603,0.098281206,0,0.278383181,3.223939132,0.54853772,9.235755465,ssp585,14.72890131
2033,12,66.95876168,2.838913495,0.365923165,0.286813604,5.120507783,15.36019889,0.065781876,3.624706854,1.796501217,ssp585,16.86494626
2034,1,23.34952683,29.94692413,0.233715167,1.136147392,1.608309862,0.097292331,0.321185306,5.587817419,3.391985412,ssp585,61.75201808
2034,2,38.77408802,0.039706372,0.004473258,3.643618432,0.760164606,0.621932258,4.254971468,0.355299082,1.541329769,ssp585,32.35342092
2034,3,1.229725868,0.006347298,2.217302804,0.884595176,4.23E-06,2.266911152,1.687168576,12.57103075,5.485214902,ssp585,24.69688487
2034,4,38.98591517,6.324094919,8.982340681,22.90344605,12.47968237,45.28294729,10.17444212,5.693838976,1.334374558,ssp585,20.8307826
2034,5,18.19771304,37.13763159,18.34012692,3.171260562,23.66363331,7.30121903,2.289891049,29.46905231,4.67048009,ssp585,15.89813986
2034,6,24.93863181,23.96282106,28.16265206,3.570071146,53.70386772,56.16622706,139.8263823,88.63472916,29.89466963,ssp585,18.46177239
2034,7,60.20291979,72.43750999,154.5680468,138.7522709,310.4297717,172.4750852,99.8652188,5.56991865,103.2513677,ssp585,225.2904622
2034,8,119.2504225,149.0087246,87.46723094,114.4224606,358.1558753,220.7411568,135.1893942,469.2476675,223.9389189,ssp585,210.2725244
2034,9,19.91678825,43.70159934,31.80265959,35.55556371,79.34559699,41.77612312,51.61909761,128.0958416,120.8569622,ssp585,154.5924976
2034,10,8.431320857,0.787689468,0.09458614,4.400529328,18.55197854,0.091876792,5.825962984,0.001885083,23.75505766,ssp585,6.613321313
2034,11,177.4672901,0.014604429,13.51034539,43.05484488,69.37202386,8.321284273,0.00951897,71.24606716,10.49493426,ssp585,30.68290198
2034,12,0,12.4957597,9.0936288,0.722331259,5.07760356,0.245886545,59.36283454,27.18452942,8.069689549,ssp585,0.165455078
2035,1,0.985501485,15.21668123,11.15705688,0.699682537,1.640443549,4.327031177,0.238269988,37.0938498,0.008199618,ssp585,5.100127685
2035,2,39.92897462,7.4935119,0.4725548,0.074198157,0.001433653,0.847174053,0.847937782,0.139424939,2.68E-05,ssp585,0.127737944
2035,3,24.89846413,0.233581515,2.451244613,11.01947729,6.988731661,7.620952755,15.37097144,23.46545927,4.434625625,ssp585,0.001284992
2035,4,8.242189057,0.204404454,15.00789103,8.906836871,65.21740585,0.928040111,22.48910002,27.35129657,10.7432459,ssp585,0.017462029
2035,5,24.03929162,21.79036396,16.25977162,20.29553704,7.219285682,35.59287774,7.212178088,85.34048026,2.005095506,ssp585,29.90398589
2035,6,26.70361297,21.957117,23.51469895,21.18562144,7.074028927,47.17479633,38.16027245,46.32447339,35.8943146,ssp585,14.7405571
2035,7,22.86135137,208.7880635,137.4389837,108.1921226,59.54225683,169.4753667,70.92903224,50.01244402,44.5263981,ssp585,395.8178693
2035,8,40.48773252,133.6502457,122.5791744,147.1065718,53.92094571,153.607065,344.209482,175.0244736,125.8726729,ssp585,139.2024324
2035,9,40.61124255,90.30399981,14.22582584,188.7910609,35.12872979,84.33269721,5.593968171,62.30284847,76.02315115,ssp585,36.00199998
2035,10,5.798282336,39.89734026,0.290913471,1.525650806,0.26718095,3.922319983,25.64089845,2.274270467,31.54228679,ssp585,60.62732231
2035,11,1.261793102,6.529493412,51.46351877,32.46030554,24.71351721,1.059787799,62.7818678,1.256141711,1.859070293,ssp585,17.22903377
2035,12,1.830065638,49.29423079,0.810072355,6.904693483,12.05181484,5.321864917,1.564392329,3.158013318,2.997379477,ssp585,1.141953852
2036,1,8.601473066,5.073308609,10.91748931,1.266722111,4.601187921,0.327966479,3.195546064,20.14909409,8.345755052,ssp585,3.31E-04
2036,2,4.298347518,10.64109323,0.069908024,0.112003356,0.160565264,0,38.35354973,4.874611389,39.9010521,ssp585,0.006956002
2036,3,0.771706114,16.0227992,7.026020858,1.929919881,3.259674072,14.81394613,3.481416129,5.780956641,0.074875908,ssp585,0.001180344
2036,4,3.265859755,6.204882007,3.420142444,56.88594112,60.07838016,6.489508482,14.68629525,11.37884806,66.10574985,ssp585,4.397165205
2036,5,10.61562593,31.70556109,11.00612139,14.13917568,58.16907618,22.96174516,32.29231636,34.08931234,29.35546864,ssp585,9.682820553
2036,6,36.9617791,14.4971544,31.47992492,28.82797098,74.890264,158.015583,39.64464306,13.3659178,7.63781732,ssp585,5.602016055
2036,7,162.539504,109.8744455,109.5111473,174.9486511,234.7939436,169.1978408,219.1736588,27.30432874,95.80220333,ssp585,206.7615578
2036,8,69.05378985,313.4575676,94.22658347,170.1184189,59.42737967,252.5541069,153.2189457,144.0668966,315.5074736,ssp585,229.4700267
2036,9,74.85131219,134.3505195,35.04605075,44.56935134,3.862727463,215.0300734,44.2215346,2.316992571,65.18677331,ssp585,102.7446673
2036,10,15.22614016,0.01196006,0.168482615,1.387005738,4.705362494,1.142482118,4.855902594,0.298823392,46.08239929,ssp585,1.745365789
2036,11,45.65099182,0.212391726,11.23286923,64.11634388,27.86733848,0.055981578,0.001386604,0.36339368,8.028267263,ssp585,6.916523994
2036,12,13.24256938,0.164481516,6.625285046,8.067898356,7.614905327,1.446407456,0,11.91328317,2.339245045,ssp585,0.282755039
2037,1,7.936054199,4.196016526,0.040314461,0.19162261,8.757608775,0.127677294,0.016421775,42.02642328,3.56E-04,ssp585,6.07E-04
2037,2,11.2031562,4.19E-04,0.001359544,9.145821012,0.096484119,0.226838047,12.35187052,4.675318702,0.097482072,ssp585,1.040416829
2037,3,12.84155581,4.217710685,5.501036755,3.85E-06,1.132714272,13.9413001,6.759144614,6.149377876,15.07063822,ssp585,9.041957654
2037,4,14.55438085,0,25.65421412,15.91149302,26.20257268,4.737876554,18.69218538,4.793935777,4.250714336,ssp585,0.001660116
2037,5,53.0062432,5.177780049,6.659680615,30.79725747,18.15828775,54.36523833,8.115714861,31.33869387,25.04303787,ssp585,0.291989783
2037,6,81.57083923,14.62961561,44.66583489,56.46753256,115.2792133,20.79869251,21.02928083,166.3571187,30.63772161,ssp585,32.94814657
2037,7,170.3200198,121.4432716,88.03051765,83.56032401,126.2814834,219.6531855,287.1784272,40.18651219,369.9828063,ssp585,234.7711493
2037,8,213.69365,459.6460462,149.0463757,120.4829566,178.1600503,360.7767613,599.2823337,161.3456519,390.1755393,ssp585,193.7847666
2037,9,42.10486399,143.0432016,36.46528316,32.57727392,40.41704029,52.50971057,54.59732391,48.75358017,33.99128544,ssp585,74.84074128
2037,10,11.57698968,16.88304506,3.752644882,9.651785296,0.092071904,0.57633716,2.08585679,0.559767628,19.9998438,ssp585,27.58185577
2037,11,0.191919581,15.88223324,9.50099466,0.235750793,11.86005885,0.05114451,22.27782808,33.79133189,11.54841661,ssp585,0.849007986
2037,12,0.186682942,0.529469017,10.86532758,1.269152989,3.577986474,37.13372219,9.361725847,116.6244129,35.01533058,ssp585,1.63064529
2038,1,3.791626177,2.587839124,3.935888695,4.68795186,6.412221307,4.095892262,4.03E-06,18.15420661,2.050047283,ssp585,0.262354947
2038,2,4.88149124,0.285976872,0,39.32041937,3.80E-04,0.031805804,0.579252881,1.220724677,17.18308957,ssp585,0.439942354
2038,3,0.910823169,3.660203596,6.095298292,12.43897516,1.307299919,6.833340117,0.004571209,24.61329157,43.99846583,ssp585,0.538603126
2038,4,0.444041947,4.347964446,23.83727092,50.19857247,30.45973352,13.17957316,8.115941892,42.0539497,2.800428377,ssp585,0.873683478
2038,5,36.5891173,2.023229005,0.696928451,40.31162502,164.1039504,44.33628421,10.95173292,82.73981108,14.81946064,ssp585,5.171591096
2038,6,40.77451824,8.66215812,13.73013434,92.60237437,6.778439024,46.00625051,9.083120293,120.7146656,18.05572456,ssp585,31.12447497
2038,7,130.472139,244.3200893,98.92772211,108.4601897,28.09943442,350.8328818,175.6557086,251.1968681,192.4659819,ssp585,283.4744851
2038,8,130.0292275,512.4782947,262.6528205,82.92750051,243.8067105,305.0677874,58.01280742,243.1879566,202.9932777,ssp585,214.660266
2038,9,22.18385943,135.1764568,28.3738552,43.0772799,82.45233312,72.93309107,8.333883841,20.60299046,32.98264041,ssp585,81.50800573
2038,10,0.09202155,22.98707525,0.485661935,22.07093398,6.105664076,0.32411693,0.0640269,0.029316655,8.611425193,ssp585,2.330957156
2038,11,24.66131739,1.93117147,2.231774679,30.87823401,27.24138788,7.697304758,7.372747177,64.50848248,1.8067152,ssp585,14.59221602
2038,12,11.90893232,4.712640314,13.94057149,13.61318832,11.33637717,0.014949348,0.042044567,27.95922632,2.500249976,ssp585,35.2482407
2039,1,4.186218075,14.34864895,6.603400209,44.31117598,34.30088064,0.551651601,2.03E-05,11.06804289,8.711704933,ssp585,15.06002009
2039,2,6.86610358,2.703183889,2.76E-04,0.018131742,1.558581818,0,0.124363599,5.294200301,0.62531894,ssp585,13.34605829
2039,3,0.228263675,2.704062406,0.144524335,1.955583292,2.438908139,3.657649113,2.650680803,3.3594037,0.485330553,ssp585,10.43224517
2039,4,6.971612603,37.48579941,1.734592839,10.540853,12.03214703,38.52563005,15.56061132,8.49121108,12.68312966,ssp585,112.7366998
2039,5,3.198019388,16.28945247,26.14733961,99.02807073,18.61091771,69.05362827,44.37923675,30.90229153,3.258023234,ssp585,7.92324596
2039,6,42.36897539,5.325435013,11.08922487,28.61381574,5.877709653,12.09927952,12.079376,160.2104881,15.58820893,ssp585,26.31590874
2039,7,240.1873399,105.7101392,119.5237606,28.85887087,185.1103319,195.9100629,146.2235988,180.2002611,22.85324622,ssp585,153.1377162
2039,8,132.2722706,298.499384,316.262275,538.915737,96.87515642,82.97824161,159.3135396,193.013792,190.8891721,ssp585,123.8713208
2039,9,28.29972125,54.97847001,97.85446466,8.045513826,10.91499685,15.02155914,38.69703687,6.202012498,18.6792091,ssp585,13.59565839
2039,10,5.020175006,16.88502373,0.666039046,50.29779134,46.78526006,0.856471767,36.56994962,0.028373479,10.29633751,ssp585,0.020701741
2039,11,1.815645341,3.00084604,2.707743733,0.072278324,27.20265784,0.050157898,14.79736981,12.35039768,12.36728558,ssp585,7.582831417
2039,12,2.272084614,3.376882158,0.485549012,5.2608075,14.09529842,5.847394948,47.19415208,0.436256006,68.03149686,ssp585,8.363605452
2040,1,9.546119134,7.44159574,0.510242143,1.024993899,7.451108668,14.72957875,15.62977347,6.623119351,17.69969223,ssp585,8.590848859
2040,2,0.219207958,0.002219762,0.015168463,3.987220553,0.867820477,0,3.823754835,13.60156108,0.280576949,ssp585,1.27098842
2040,3,27.16024083,1.021820376,3.01540119,3.01398746,76.848667,4.990605617,23.19873442,0.233016713,3.082088298,ssp585,23.93939284
2040,4,3.084113,17.36455516,2.175333471,85.54543068,13.0563979,31.48591255,39.26531662,7.375043009,6.022818957,ssp585,19.61420174
2040,5,3.905375961,73.340054,0.369988799,0.486114329,51.4153351,17.85126915,28.90003851,60.29632163,3.675949163,ssp585,13.31840539
2040,6,45.87198048,63.61326712,55.57347772,2.741065723,9.189761097,194.1937521,31.43817331,89.0733196,6.629463704,ssp585,10.54717018
2040,7,104.4752125,204.9310018,234.4322686,241.9366575,40.65460736,119.6140887,158.6763542,65.92166747,489.0200122,ssp585,46.64708637
2040,8,105.2367839,135.156177,113.0819666,113.4463775,80.99078481,93.74939711,144.4925324,262.9534949,535.8790408,ssp585,153.9264597
2040,9,21.97065834,50.01452438,46.57416882,97.53170004,13.44494966,18.61322576,13.02426805,34.54389581,74.41609647,ssp585,50.74107235
2040,10,1.799441549,70.89899864,0.148120837,0.386396733,5.005110788,1.042196072,47.10406016,24.40283658,7.25154655,ssp585,0.111081812
2040,11,6.679336372,27.21874559,0.187676235,0.006531657,24.16388017,94.64177239,8.461432192,13.48818199,21.43082422,ssp585,1.48021135
2040,12,39.78248591,6.473886801,0.583906759,1.338236441,2.02448783,1.767661345,1.03306045,1.520350272,11.25817131,ssp585,5.539571795
2041,1,5.355872506,23.15020774,0.756177196,0.219853953,0.11622766,0.878406452,0.002313769,8.433521168,9.407985014,ssp585,41.41580978
2041,2,29.73219893,38.38220215,0,2.19727091,14.5457487,0.21429951,0.007506712,7.52989893,12.02677344,ssp585,55.75171217
2041,3,38.9837417,21.62639987,0,21.75743696,0.989595473,6.745363961,3.477045763,8.15652659,18.91818511,ssp585,49.00988192
2041,4,1.045250414,15.52647609,3.35652501,54.73580692,6.097744467,4.832696231,10.55544025,12.80228928,8.933273646,ssp585,33.7168269
2041,5,24.37944133,30.93246446,2.08531987,59.52676438,2.081027366,1.89863092,16.94785475,87.45638706,66.01256115,ssp585,11.00171874
2041,6,19.97682352,65.32978541,33.36983337,47.87037376,14.9994862,62.21564774,28.32780251,32.93678741,14.83255012,ssp585,13.65686886
2041,7,54.92100199,126.294364,79.72326471,40.96092316,113.1360922,289.8307221,331.7061596,119.4124481,239.3637395,ssp585,145.2713627
2041,8,127.648897,406.3183831,100.4953379,66.30471569,216.8076016,374.2349655,489.4431328,33.2516887,218.2927381,ssp585,289.1949603
2041,9,30.50833136,209.202682,53.48622186,45.72287976,24.68710408,29.27780727,81.35762717,11.6415504,59.47945308,ssp585,128.9620014
2041,10,3.46215751,1.500245265,0.592369816,37.87001836,1.250793132,0.050044835,0.008793308,0.636491281,6.524254385,ssp585,0.070736762
2041,11,23.92784109,6.661899874,5.323128722,17.116676,1.783971758,47.70658808,0.036344206,0.070059583,35.50727224,ssp585,18.02032697
2041,12,16.3784628,1.309798818,38.18357959,30.57467908,0.293924153,40.94193911,0.279561168,29.74910006,9.761205741,ssp585,43.90368422
2042,1,11.7144588,0.528878944,11.55089952,16.92070519,0.277569972,13.39596355,0.007138747,8.868073886,12.95521461,ssp585,27.90108775
2042,2,20.81746918,0.101454957,0,0.422411424,3.56E-04,0,0.245926649,10.415774,0.186380642,ssp585,9.295758355
2042,3,0.106352733,0.596136134,0.337505747,0.322987295,4.712450119,0,3.10E-04,1.692050265,3.15492156,ssp585,0.267351941
2042,4,20.23502722,1.47E-04,8.051802629,3.867889774,0.598165704,2.381241128,54.87420521,33.11532689,33.14783247,ssp585,0.007486005
2042,5,53.72534918,0.428747026,6.865293421,21.24892989,9.034839051,28.31445033,50.61615134,55.6729527,13.8285029,ssp585,0.014112185
2042,6,15.1010907,153.4736376,40.21526128,11.79922476,14.95867549,24.81459085,14.45411611,59.63632065,13.90187168,ssp585,31.55049669
2042,7,36.65363067,480.9082678,166.5939147,57.4541166,90.45125875,243.2868482,122.9036435,29.05242443,8.391536309,ssp585,4.402790306
2042,8,56.07768866,366.5492568,116.2230741,199.3195623,23.77419628,464.7044544,267.2112718,150.0752214,105.3515609,ssp585,161.9610877
2042,9,26.97718268,25.84864017,85.62305108,47.51484407,36.51298745,269.0901671,23.43626502,41.6017796,47.72673921,ssp585,84.22480008
2042,10,1.659042781,3.050002038,1.698608696,0.981768107,0.037630513,0.127917144,0.037513337,0.209034192,8.991448209,ssp585,7.001031166
2042,11,0.331148571,0.362594393,4.280088679,1.29E-07,32.86595265,0.174247508,6.152868635,18.06866846,13.06581932,ssp585,0.356149047
2042,12,11.22286303,3.668824093,20.21558415,0.37425515,0.578052833,1.855522573,0.131960033,9.527799415,7.29977933,ssp585,0.024203646
2043,1,10.01623915,0,1.237795277,6.196123957,2.972034875,1.193453287,0.375453046,0.237815286,15.73287894,ssp585,0.020087689
2043,2,22.67960266,9.04E-05,0,0.454542148,5.165779236,0.26014775,0.023811386,0.150569808,0.012808187,ssp585,0.002112183
2043,3,6.054078084,6.69454119,6.75782331,0.108682494,0.188076676,3.178812115,0.087952723,0.168047664,0.339514203,ssp585,8.94E-04
2043,4,30.17882096,31.62500407,26.3121266,39.2127366,20.23787991,10.1450299,2.907336759,23.9415174,15.46793907,ssp585,22.74987616
2043,5,39.99576118,40.24850355,5.518073751,76.59630903,15.78173454,34.00064742,14.75567628,61.85056895,30.22240001,ssp585,0.273668165
2043,6,23.42117043,53.47922691,23.09139895,9.42691079,43.18933014,80.01560945,6.679865517,26.8060799,28.96596774,ssp585,10.21010924
2043,7,196.482573,161.3132916,445.529569,120.3048809,103.2015132,285.9371069,122.1810443,81.65605058,168.2389731,ssp585,96.37218871
2043,8,394.046528,536.7012736,245.5385975,237.9290615,44.40587396,149.6233538,195.1342626,123.5929392,441.8453746,ssp585,192.7102775
2043,9,103.1458422,89.29480452,21.76238188,26.58642065,10.57775615,19.47294509,24.13866302,112.9241718,58.10532437,ssp585,41.87742053
2043,10,0.038770285,2.010389864,2.365664205,2.266742682,2.286081118,0.226168588,0.526102882,1.95098766,10.60653112,ssp585,4.686119807
2043,11,10.15487832,5.591538263,12.44011351,36.16414513,3.568180758,0.102233671,0.827699514,0.074298679,0.607244268,ssp585,0.234280698
2043,12,8.098716765,2.679221007,1.117489089,5.437310647,9.501197556,18.21664105,9.714375296,13.95824481,9.048290355,ssp585,28.6218048
2044,1,0.487653014,2.443171373,0.903856565,14.2186127,2.437912824,3.494817821,14.92728823,2.779498946,1.630408382,ssp585,0.885908998
2044,2,7.599313233,6.975005149,0.01141128,0.017031014,3.81999892,0.945153331,80.86772741,0.667716919,0.035408799,ssp585,30.28441201
2044,3,0.094310555,0.018099122,1.609238232,0.187018757,2.363300009,11.11795297,3.129102913,0.326710048,0.052267711,ssp585,34.92084798
2044,4,16.271675,7.315206445,17.03614021,0.228823857,14.2319099,11.11263949,27.13462027,18.07332109,0.06204855,ssp585,73.3426523
2044,5,3.365791938,9.278030603,1.973467768,35.52657673,23.5747502,18.90822261,53.61824386,94.71603957,0.513421892,ssp585,3.378651474
2044,6,25.55761678,149.7889519,34.11485071,36.17468946,70.95413345,48.46819236,88.63120952,44.68509037,19.47912206,ssp585,29.57168807
2044,7,217.6844327,169.7143931,161.6929506,52.18930698,69.18822478,216.613682,207.0598815,164.4599816,46.27625522,ssp585,60.24442748
2044,8,217.4093103,565.147724,128.6779477,76.85253694,101.2984238,101.7853564,118.4779971,124.4253594,468.0809972,ssp585,217.9746954
2044,9,88.76931593,50.41971519,13.02739114,42.71475157,2.464693878,106.0841579,117.7493393,10.8739909,51.02447549,ssp585,34.33467932
2044,10,1.322738941,0.925359397,0.736361993,2.347508877,0.121267636,2.668503311,5.139506733,0.050727346,15.68969983,ssp585,25.35845964
2044,11,2.899950444,10.63925001,10.44644773,44.12335398,3.690369667,1.989507446,28.85462079,0.938817674,3.19196244,ssp585,29.18031843
2044,12,31.00336687,6.59E-04,0.609849167,0.946337677,2.428506998,2.620927731,48.25766649,55.4430752,0.789165564,ssp585,32.45623284
2045,1,2.019103187,2.559561214,0.980956133,39.03230779,4.175652414,0.047472018,0.368152402,4.672982975,1.508369108,ssp585,34.50087977
2045,2,6.66E-05,0.008059954,0.011456061,11.92862191,0.234364279,0,4.060512733,0.129128911,2.482414714,ssp585,0.036619144
2045,3,2.238158618,1.89321323,0.222737936,4.043336985,5.800449341,1.693071092,26.76162867,0.230541613,8.876989205,ssp585,2.639207723
2045,4,17.91329666,12.90873915,14.34343206,39.03979881,13.56058848,10.06470178,18.99560143,2.939791594,1.738310218,ssp585,4.826689341
2045,5,29.52660916,1.649228806,7.613041363,9.709989429,37.74120135,10.94277088,30.25427359,4.950667137,10.1200002,ssp585,63.22076061
2045,6,27.60897385,91.33429641,14.2742015,71.7435443,98.61248807,37.22069686,98.50679466,27.10854154,26.03853193,ssp585,40.73933268
2045,7,67.18538227,116.6227755,237.0877958,105.3270116,426.7924482,146.2945947,154.273183,72.89112958,115.0718723,ssp585,193.6605363
2045,8,252.144773,204.4973445,149.6945991,71.09211022,26.8669287,165.9176705,161.5381655,155.1007923,160.0620456,ssp585,227.9236694
2045,9,68.29568816,10.52471098,26.669056,75.65544684,12.98275373,103.9316026,10.73579214,38.45110369,12.82283691,ssp585,37.07387618
2045,10,0.099780454,0.846426889,0.424926543,28.05073462,11.22157694,0.446862394,13.33060766,0.115366936,0.705286723,ssp585,5.186431078
2045,11,10.31946037,1.422601867,1.084037769,0.078599197,3.874338345,3.498171045,25.65614763,22.07238225,13.72792901,ssp585,25.4463174
2045,12,38.48073516,0.506906357,14.9206914,2.643252015,21.30761081,2.060393131,21.38833535,27.16108545,16.207526,ssp585,12.20775142
2046,1,17.52508725,14.45763273,1.576243707,12.4186117,11.11630634,0,1.163883457,0.006002301,1.334808048,ssp585,0
2046,2,28.35364905,1.23E-04,0.110898644,1.776547327,4.15737331,0,0.130197519,0.214200379,0,ssp585,2.336773399
2046,3,1.574653055,10.04353887,3.26841382,34.22420688,1.28E-04,3.771367614,2.274755101,0.416399409,45.54503166,ssp585,0.103742303
2046,4,32.71433176,38.57105457,2.384111157,30.26652038,34.63211574,2.494717733,17.87622066,0.240964666,80.80455667,ssp585,9.621055629
2046,5,17.54527554,51.8343887,4.137119072,32.1920754,43.06178893,15.48421264,34.43801788,4.169935513,90.31582382,ssp585,5.761385203
2046,6,33.72103344,32.49874483,34.46081365,13.41808496,2.446788078,101.0307812,40.82570983,3.089735839,22.58488199,ssp585,27.52627387
2046,7,373.2867415,214.3994452,117.3078776,167.4298069,164.8894606,128.2712525,87.02757932,188.3995217,117.8925747,ssp585,195.0459816
2046,8,90.93846314,168.1855015,133.1573258,163.0281116,45.02973354,561.1818906,303.078742,88.13242594,510.5984453,ssp585,218.3794837
2046,9,135.4543229,61.5321068,29.72085611,41.023589,22.58992849,103.2308224,85.2910139,313.5335149,62.5570112,ssp585,30.64150166
2046,10,17.17954452,52.06608563,0.308432131,1.571077818,3.879784295,1.152041418,5.09E-06,59.54612466,0.287708843,ssp585,35.40326336
2046,11,4.253684089,13.42591453,3.131662496,5.869063352,2.537635384,1.042072453,1.300383856,20.05222548,9.976743412,ssp585,25.23661
2046,12,0.246523129,7.171799656,3.787287561,22.36916496,27.93946911,0.375116472,3.161223561,3.014255501,1.785573546,ssp585,17.74672097
2047,1,5.378292205,11.36083906,0.155084893,0.236670642,3.54946872,0.164450679,5.090281748,33.20737753,6.313564881,ssp585,0.291856698
2047,2,0,0.737826903,0.153746174,0.350549411,1.231964603,0,0.542687078,2.902751745,0.013978428,ssp585,1.742798681
2047,3,3.150852129,2.836178063,0.834925642,1.12166233,0.114351605,0.302093467,0.858162259,2.73E-05,0.121654411,ssp585,0.09179148
2047,4,2.36E-05,21.32272612,2.397901836,62.79262625,7.873271494,2.238126897,12.39218968,26.50496281,5.825997776,ssp585,5.067226832
2047,5,9.863038847,9.636894339,1.012756089,53.42771712,27.04302343,0.204211925,45.66800269,49.64107996,2.181900599,ssp585,0.162167115
2047,6,21.66226684,18.59638655,19.74713372,65.19855159,41.93397452,9.581109978,88.24537087,73.44458495,28.27825191,ssp585,27.89770223
2047,7,157.9912601,307.6057279,63.99283258,179.150639,41.64702712,180.5911774,173.8975607,268.2735138,290.8019349,ssp585,180.4355452
2047,8,330.1658309,536.1943476,120.2469557,314.6626115,132.0358127,318.0883079,428.9547527,203.2366869,176.9643442,ssp585,91.59316846
2047,9,12.45195205,213.0835417,21.30194977,94.56800594,17.65286322,16.08197356,99.6163815,79.40348281,124.5627084,ssp585,5.636999432
2047,10,0.124157806,22.61533181,0.299602819,0,12.78278689,0.26320632,0.112421081,1.60E-04,0.954111892,ssp585,0.569066736
2047,11,0.334978908,75.51869297,16.53186633,0.106005736,72.81747079,0.162280902,17.52488455,4.15881942,2.962020962,ssp585,25.9408203
2047,12,1.008960752,0.179844312,0.168619877,14.36822547,4.068885416,14.56613184,2.590711276,3.608259653,28.37320945,ssp585,12.35209769
2048,1,2.469889277,0.178163722,2.820625132,3.896122822,10.25404432,0.079562946,0.352239972,8.180844588,36.16199791,ssp585,8.893924347
2048,2,0.286244528,2.27829862,0.003002367,1.150570689,0.016832419,0.037625458,0.002240331,3.511725364,0.049712279,ssp585,6.744773401
2048,3,1.519904982,0.369660809,44.03113372,0.372918063,26.29997609,4.001810786,22.70904647,2.088419263,0.433454876,ssp585,2.446882833
2048,4,4.083220641,0.002800844,19.25338061,13.99689862,22.22320451,15.77067982,16.71263404,42.4034112,0.15039111,ssp585,27.99620465
2048,5,17.7234689,2.132770351,1.126230365,2.293521327,23.9500243,14.71464276,29.76268477,13.09820794,5.605659875,ssp585,62.81798518
2048,6,52.28631839,70.93953043,34.69012389,10.43711584,83.11356569,69.49942695,42.69284073,77.50093109,7.306175478,ssp585,70.5903003
2048,7,137.730702,234.8843657,176.320401,103.2615159,87.41106528,393.7173284,194.3403066,208.1764505,251.7471223,ssp585,166.7772948
2048,8,180.8317532,543.2506534,225.4080222,320.57962,68.54654617,317.9573961,65.42060401,116.32227,444.8428796,ssp585,176.0448197
2048,9,24.55290095,139.5308888,39.67169881,69.22697083,14.05101273,110.4536845,32.68647668,26.32995181,31.90796977,ssp585,31.95990928
2048,10,52.32409292,0.626712023,0.035046318,14.00257255,6.822508613,1.089764328,2.075156616,0.019750791,19.04091156,ssp585,0.924886354
2048,11,13.78650353,0.195580735,0.386885877,2.349421173,8.250701616,13.18750874,9.263823626,0.006353096,4.809001159,ssp585,3.016145789
2048,12,0.487132218,8.267600935,0.815695158,1.404895487,3.484259628,0,0.521314755,0.403252423,0.006042925,ssp585,13.68190194
2049,1,1.155331678,4.651242937,0.019233922,1.124825244,1.194371539,0.224484848,0.003943834,0.426068824,0.267586003,ssp585,38.55262929
2049,2,7.136490417,0,0,6.452655387,21.34074285,0,0.934738162,3.54E-06,9.774309854,ssp585,50.57956371
2049,3,7.140642354,0.118842659,0,0.395465925,0.152594205,0.01323223,25.81509889,0.596982582,28.22075701,ssp585,17.0205347
2049,4,6.159750393,11.28402135,65.73084634,15.40120073,9.544602935,10.95777613,47.75420468,18.0236861,38.61706393,ssp585,73.25545222
2049,5,28.98642059,32.11034186,8.462648159,20.09393111,18.5120418,12.93184423,15.96414774,15.81377771,6.51611883,ssp585,81.81690338
2049,6,39.98423796,106.0862214,18.74695749,15.34007306,68.70684394,20.03957246,24.52807843,25.95382099,82.81569486,ssp585,107.0039192
2049,7,108.7877185,524.8290796,67.56626015,77.16208239,211.6813043,231.2927227,246.4496309,96.41469446,110.1975804,ssp585,36.26935311
2049,8,37.05671672,375.424208,73.76611593,38.28795287,362.8507203,187.8434261,104.9036524,124.5543111,96.40679271,ssp585,236.1494067
2049,9,40.20302099,113.6608163,28.62024327,96.15662762,21.23110441,69.79420548,86.06301556,8.908015125,31.12286165,ssp585,69.80826345
2049,10,0.172474056,2.472348821,1.067006424,0.001232716,4.624465855,1.11905124,5.576584699,2.110965264,1.401792268,ssp585,2.844561694
2049,11,39.71939923,4.57500041,4.785825925,0.262385134,40.51890648,1.993594673,0.370352764,34.04174271,11.10773769,ssp585,0.25211853
2049,12,21.46844512,0.03039969,21.15106291,25.29991063,0.348345661,36.88773125,0.665508704,52.3893882,10.23946317,ssp585,0.008856336
2050,1,8.388614842,0.159940623,0.232367635,12.06973738,0.155556767,0.888394806,1.686579636,52.87105278,2.177445408,ssp585,1.545735969
2050,2,22.24879229,1.087144229,0,4.099714965,1.058142387,0,41.66268668,9.875473481,1.726710298,ssp585,0.612084621
2050,3,25.59608088,0.027437793,1.964328438,0.429263395,0.711992545,10.82294433,2.300435874,13.30795257,2.514181479,ssp585,0.013800117
2050,4,2.314323263,2.059467186,14.68280604,17.65457868,9.92E-05,23.58012454,19.56444086,4.788978367,0.029612383,ssp585,10.24435368
2050,5,19.78694339,79.02785873,28.86565027,26.98695639,2.742475597,9.261395562,5.109274216,67.12788971,1.710775244,ssp585,46.58658217
2050,6,41.1844135,82.01738354,93.23580834,37.81097816,35.21612843,45.57483177,81.24259652,86.22362545,20.82849324,ssp585,12.23254242
2050,7,35.41817987,465.7515672,120.7616242,100.1385986,75.36850844,251.3480298,84.26731915,72.5293566,105.2100878,ssp585,217.0187652
2050,8,236.5815537,230.8495121,113.9595424,248.9332091,305.619525,188.1519738,83.15328877,520.231278,602.4980849,ssp585,263.8528838
2050,9,28.53872305,135.8571897,11.38611793,81.59288505,30.2850581,60.03608399,33.41900749,48.81051387,70.03501961,ssp585,146.0484948
2050,10,0.966479796,30.09112434,1.563092882,0.124144563,0.022755633,0.295968133,7.814315898,0.293160791,6.802258141,ssp585,52.37991653
2050,11,35.50843411,122.0258976,5.180805464,4.285718437,0.256884071,6.141588001,6.198142109,0.788606997,0.002219126,ssp585,0.0285544
2050,12,25.56732299,36.1909226,0.380217904,12.76103412,1.380996987,0.265858479,5.678746237,8.358041479,4.022849369,ssp585,2.087215647
2051,1,7.955711486,0.198137355,5.94098086,20.34466913,1.444947108,0.07134637,79.78815002,4.570528244,0.328820133,ssp585,0.019691775
2051,2,7.258158891,13.36977364,2.84E-05,0,0.04168546,0.36182138,31.56952885,0.021320966,0.033982293,ssp585,0.009750452
2051,3,18.19611144,2.183449179,0.017378787,1.055822193,1.29476551,3.685626189,5.939480587,0.287470626,0.036231584,ssp585,9.77E-06
2051,4,18.73158117,26.60008624,8.41237985,30.1526185,2.398977008,56.11714087,10.27253728,0.902675955,5.086789721,ssp585,1.33E-05
2051,5,25.34793573,19.41315577,0.993600324,36.61654901,7.227911529,12.65596759,17.71941201,7.10154109,28.62082192,ssp585,1.547891575
2051,6,20.82641192,6.892068461,82.9862316,4.378419332,25.59026782,51.28206781,13.01980152,19.16990065,49.4730496,ssp585,7.37530386
2051,7,66.26932001,445.3849402,292.9782449,50.03282696,311.4605444,154.8194398,705.1080773,286.1525865,212.3085448,ssp585,133.6001716
2051,8,127.4035406,508.6263605,127.6058978,180.9016644,25.1169196,142.8717369,364.2025597,338.810774,328.1204626,ssp585,49.49911078
2051,9,21.55749394,33.98102134,28.00001212,79.97657423,20.1984603,70.87108845,16.07941243,47.1608269,115.9221764,ssp585,78.38640556
2051,10,1.337880188,38.91383625,0.04092679,60.21180575,60.63973933,0.036502174,0.005933947,1.389157784,2.128386167,ssp585,0.482590287
2051,11,4.62977569,29.18989818,0.155879628,36.54872814,1.425130149,5.00794501,4.226670472,4.365397162,11.55307021,ssp585,14.40613914
2051,12,0.924303638,0.090372233,11.95186843,15.66994675,6.035648485,0.323902249,0.583900436,2.257185536,35.31543563,ssp585,2.236913005
2052,1,4.004777506,9.670959544,1.072493772,1.664147619,3.525859841,0.927006537,6.70E-06,1.860727369,4.46560129,ssp585,0.016678261
2052,2,0.067572033,4.670755722,0.110759755,5.566579344,7.972822925,0.641337984,0,1.172153532,2.407585375,ssp585,0.111729227
2052,3,0.059670799,1.486026215,0.650577265,2.023944382,0.022381367,6.920651202,17.71583201,0.558572093,5.676561002,ssp585,4.79E-06
2052,4,2.108879105,31.49035669,4.506968857,31.67316553,0.217671135,5.958433733,3.212361408,4.846847462,9.769526385,ssp585,17.19678808
2052,5,12.49186973,7.747812229,17.45106545,75.64088714,15.51953577,14.05174376,35.55374499,13.73122845,35.90486782,ssp585,13.55615969
2052,6,162.093941,21.28731168,32.95448988,21.2212195,29.93468173,31.38166804,12.16628664,44.18480292,29.9743112,ssp585,40.46478188
2052,7,111.7099609,184.3779121,187.2155252,156.2793733,27.42645187,322.887306,253.0416467,42.83921104,54.75019767,ssp585,97.80309463
2052,8,209.9114456,260.9742438,231.0676511,177.3439054,357.272671,202.4487156,231.3151661,92.18322433,190.7199529,ssp585,150.6634685
2052,9,6.21325279,136.7506542,9.715963755,27.26278867,9.95040888,15.07122666,192.0941817,21.61321848,16.64663204,ssp585,27.91837629
2052,10,1.571351894,5.896496203,0.055270085,0.904420721,1.95E-04,0.689191773,0.302405503,17.29693148,6.091803924,ssp585,0.050979612
2052,11,2.212929268,2.014195847,1.89834234,13.68869736,0.227733706,0.622980014,0,0.230075132,13.10222708,ssp585,3.891910604
2052,12,1.252620337,0.028199696,4.842687815,7.125317296,5.091305073,3.821744939,11.25302284,20.29028702,1.802291081,ssp585,13.5364433
2053,1,0.05193098,6.721240514,2.42215067,36.15757354,205.8307995,0.009551564,12.75204506,4.454342653,10.45784828,ssp585,9.741401188
2053,2,1.560791235,2.919290259,3.27E-05,0.80936277,6.55E-04,0,0,3.4449912,0.060227579,ssp585,0.987074107
2053,3,15.98301372,1.059870525,18.23350279,27.85799806,7.863632781,1.970692907,2.389478198,47.24598071,0.171959492,ssp585,10.65446965
2053,4,13.20350768,6.551031423,10.86158224,31.26063231,1.563448504,5.88929974,8.028571614,29.23845269,20.3958117,ssp585,4.76356404
2053,5,14.90797902,5.692309042,6.128740602,8.553183179,65.36620627,2.108464058,64.67588044,74.16547735,47.54737453,ssp585,46.49495664
2053,6,62.94302166,32.04250166,13.07967423,15.53093086,12.53773325,19.56351413,91.14017803,66.37306019,3.62697664,ssp585,49.14950507
2053,7,51.3371001,114.9634394,126.1535914,154.6060201,16.41809663,141.6511385,180.348167,231.6367483,17.4777968,ssp585,317.9735509
2053,8,104.9826299,268.5177382,175.5169214,79.10148139,47.48955522,147.7663614,188.6948794,240.1288734,177.0947056,ssp585,114.0706035
2053,9,36.53105053,34.50834932,21.70891432,77.97919725,13.96400445,32.07186085,37.42869729,72.51730747,35.05083207,ssp585,51.81341542
2053,10,4.107590861,0.173194786,3.137772872,3.110956096,0.296143809,0.468613757,0.167618719,0.88525995,5.781705471,ssp585,0.178074813
2053,11,4.402238228,3.473962836,17.00974739,12.29884188,10.3080985,3.193743329,0.021876724,1.26E-04,0.650903948,ssp585,2.008051697
2053,12,22.44882217,22.12773815,18.02688173,2.893196103,18.06614058,0.028140114,20.91748894,18.35919351,2.980286356,ssp585,10.85689761
2054,1,0.197249918,2.756853904,1.024999273,13.6872037,9.590058608,5.15374969,18.473229,2.207163594,1.622961365,ssp585,9.01908241
2054,2,39.19292744,2.008472463,0.073564729,0.969092464,5.73876243,0.555748051,9.38E-04,0.011320917,5.444119305,ssp585,2.229120654
2054,3,0.906243083,5.623546267,3.094163334,1.336433337,0.01910451,1.01026222,15.28527304,1.704434451,1.075183654,ssp585,25.29513817
2054,4,5.246905646,2.17443563,14.33183334,27.37432098,27.38558026,45.76614603,107.3927075,1.653771492,0.768251067,ssp585,9.252931749
2054,5,15.49672712,38.61917677,4.925236751,5.058539032,39.25412169,9.979892581,5.973694923,34.24449066,53.34419608,ssp585,109.4289469
2054,6,32.3044776,149.7137296,46.41346907,7.184253714,9.807686023,100.480375,46.47429409,31.00813198,28.8600491,ssp585,23.14472833
2054,7,56.6980592,426.6377777,44.8924606,56.44107002,20.13214009,193.2955089,168.7135067,112.9864392,77.20925472,ssp585,331.5963907
2054,8,265.2844088,249.1437512,124.1574095,107.5149471,90.2036714,127.3300713,316.2096364,93.80992706,326.5695372,ssp585,139.5393132
2054,9,12.39976567,209.0061699,2.703598764,54.70126929,12.91178751,26.31644994,68.66021631,4.965584802,53.40940499,ssp585,105.4449009
2054,10,2.673573785,14.86874009,0.113552075,0.022584323,3.853801183,0.524674202,2.826710272,14.78834763,14.81132462,ssp585,30.31013116
2054,11,7.770911827,0.022566342,0.263886015,11.09768082,4.584763637,2.53592847,1.063184272,47.53278544,3.348879604,ssp585,1.830738985
2054,12,0.117846468,0.021958902,0.362306113,3.691073384,2.130644325,20.8815345,0.048584335,23.56160342,0.048377965,ssp585,5.068162798
2055,1,0.021100461,0.677729756,0.11342871,19.18005299,3.628856609,2.719084668,19.00081777,6.742674054,1.199774979,ssp585,10.93847542
2055,2,1.412747072,1.634532703,0.00553962,0.56712908,0.091237834,0,106.909558,3.395318204,0.035292891,ssp585,0.733437369
2055,3,5.895670304,5.076424582,2.548063261,11.19855788,0.001433927,0.414870426,21.05438498,2.143837835,0.08584309,ssp585,11.49736164
2055,4,5.602366761,11.47555007,32.94827369,13.84657584,31.41390474,32.0243922,10.38094546,28.62509073,3.638406152,ssp585,63.91297707
2055,5,1.389127702,52.31810027,5.625311539,16.61365132,6.377996337,13.53734321,6.098278653,32.03987029,42.42286003,ssp585,127.9059278
2055,6,33.03789098,30.54243755,33.58356399,28.9045189,18.12362538,25.20552976,28.02126532,131.7152718,5.167015344,ssp585,42.11085062
2055,7,149.2426807,398.8354582,98.50119612,67.81753955,88.63526691,176.8494327,136.8832991,41.00018213,102.231101,ssp585,209.6596498
2055,8,208.3986634,336.051847,165.56276,68.36799515,423.338166,265.6595726,213.2450273,42.43816491,388.4811687,ssp585,423.0229142
2055,9,52.88716153,47.87177944,19.6905812,22.80941021,118.0448034,40.69121122,96.69200416,62.60260282,44.11663195,ssp585,25.25648846
2055,10,0.27263434,8.026092207,1.109801257,0.236663761,2.460006512,0.178761971,9.90E-04,0.047626594,0.087538613,ssp585,6.967373346
2055,11,32.7348452,12.12475113,4.729214057,115.7460049,4.997105743,35.77386138,2.769064811,0.001491179,25.70323049,ssp585,4.370157582
2055,12,25.8455109,18.34160104,3.611638942,4.05706873,0.862057779,0.376040038,4.22E-05,0.514933254,3.001993095,ssp585,2.96625662
2056,1,0.892696587,13.79617379,1.409327462,4.452136313,167.3497474,0.234748948,9.069263182,0.029174516,4.44303904,ssp585,0.475066016
2056,2,0.993192711,11.03407593,0.034677704,0.551369095,0.001206839,0.125610285,2.043975233,0.720822724,0.418497928,ssp585,0.750888867
2056,3,8.160774612,4.941659841,10.88474528,13.85190841,23.83121141,4.759415003,0.552847297,2.481691413,0.015192941,ssp585,0.066875375
2056,4,0.190613143,38.91074223,11.87232425,31.56621731,17.13722013,16.04628202,26.76255896,2.293574418,0.730710667,ssp585,2.144063113
2056,5,4.549116379,19.76104954,3.089626633,110.9972645,28.9411409,35.72727595,132.99524,19.06518572,3.426401608,ssp585,5.287827356
2056,6,50.49293348,171.4254227,31.2597319,63.58104515,9.453800044,32.32896482,34.38471716,30.86613175,13.28733961,ssp585,47.93849812
2056,7,103.3782658,409.2640392,186.3225748,162.8626459,94.4351397,81.26333979,94.23133994,51.42038911,100.2044912,ssp585,234.1610111
2056,8,265.1526071,385.1965882,101.4288104,301.9198777,74.39422734,217.4944485,99.32503517,103.0395116,519.1234936,ssp585,110.7235577
2056,9,31.93804593,60.26700237,9.736860677,33.95607628,18.64250388,45.9565601,20.78917905,38.61496622,67.96305903,ssp585,23.58169839
2056,10,0.39566605,41.23518029,0.260737462,1.879076226,0.083456555,0.003279853,10.4427097,2.955888269,9.292387598,ssp585,1.986306279
2056,11,2.109049949,8.411005198,8.160892999,0.569472991,14.40056164,0.244332228,0.32899832,101.6608487,0.19996532,ssp585,14.2672432
2056,12,1.501192699,15.43363019,4.51397894,0.940192217,11.95518474,0.081329089,1.357363654,17.63948854,7.954088926,ssp585,4.268350379
2057,1,0.254276917,1.714283828,0.027102457,0.249332473,0.18179195,0.012345035,1.0073006,10.43233695,10.71759849,ssp585,12.26151378
2057,2,0.064524919,0.19201121,0,0.161493962,0.007893277,0.396296087,22.30486286,2.733310876,0.008020032,ssp585,0.635219395
2057,3,11.79025178,0.354788485,1.373758417,3.66000425,8.638129313,1.909204466,19.37913561,0.146500098,0.160737757,ssp585,3.614857401
2057,4,10.35076605,32.04846233,7.58139947,46.34938675,9.700267442,3.002945104,22.26567123,8.029516564,6.844690084,ssp585,5.89E-04
2057,5,12.73142223,21.01057468,3.206170649,25.20259963,48.29746772,35.4466824,3.79741726,44.07061089,58.00166149,ssp585,5.331122523
2057,6,22.99260402,34.68602845,46.88690882,12.98983507,30.4490346,44.93138489,42.59595419,41.05070203,21.88570545,ssp585,71.6585866
2057,7,201.0568418,470.8474541,193.6034721,300.4582758,105.6289975,165.4321656,180.7284602,152.3700604,166.0809713,ssp585,224.7401036
2057,8,188.4304369,218.9801324,104.1715251,382.1797623,202.3055062,147.3035551,480.3757921,36.00257875,281.7675371,ssp585,500.7045388
2057,9,281.4128513,63.63571034,12.30635588,106.0588939,45.19640636,0.927170742,67.23638069,108.6711333,73.51237439,ssp585,51.33748104
2057,10,2.679969613,4.839730946,0.838098672,2.587543516,0.001282274,0.703496966,8.945926164,2.255957878,3.192351347,ssp585,0.060975568
2057,11,69.32842951,0.100590608,0.540565539,0.817693467,0.280894704,0.80785913,43.47601454,20.80563725,5.211447257,ssp585,4.692287816
2057,12,1.328254006,2.467176941,4.561351253,0.669897292,4.678998723,2.691752984,0.927147452,16.57467774,0.006559461,ssp585,0.512686385
2058,1,11.1035027,2.155975558,1.503986148,0.085257148,0.490377105,4.426516774,49.30180768,20.53319095,6.283753167,ssp585,0.175995203
2058,2,18.67748695,0.057826688,0,0.517285935,0,0.054572231,7.54E-05,13.50670427,0.031920403,ssp585,0.354679859
2058,3,6.761324017,1.458988307,5.061275978,1.41E-04,0,24.65097573,17.35012687,2.133158428,0.365444485,ssp585,25.29505657
2058,4,42.75707757,1.104026857,8.736687227,2.208434751,2.10924,46.57444782,30.45873489,16.55440933,3.28024866,ssp585,3.090496684
2058,5,75.16234971,4.324007654,9.419363441,1.219393315,31.60232935,31.75668236,10.41302909,5.29449491,1.863226507,ssp585,12.67957691
2058,6,65.96099906,95.17617912,82.49853992,21.32979743,3.688573154,181.2602789,28.29965548,19.71407952,26.85179563,ssp585,42.19839579
2058,7,534.1381754,170.9063118,122.1941398,280.0517985,48.04097665,191.5149631,418.7849329,70.35496961,111.1286021,ssp585,39.60168596
2058,8,297.5429444,361.6440788,72.93803318,166.9716698,62.05166556,193.1609275,297.3557816,86.78223816,138.972232,ssp585,177.1658982
2058,9,7.858369158,46.68917409,40.34225305,240.4622478,31.11027948,53.89479216,6.054837226,41.69927343,19.69011884,ssp585,58.7047558
2058,10,4.037393065,0.188501286,1.840291495,0.045750155,0.519821156,0.760959253,0,10.65590936,0.186594139,ssp585,2.206832461
2058,11,24.09064747,0,3.651592941,3.701494649,0.032582853,6.449865754,3.510570667,0.478064257,3.304574905,ssp585,0.467705373
2058,12,7.249059523,0.665288007,13.03617364,6.689468433,4.439120692,0.86175819,0.043223394,3.064511498,21.99829591,ssp585,11.99719222
2059,1,0.086557018,3.308717256,5.249047181,10.75353602,26.81324703,0.081187464,0.252318941,7.54126839,5.432530072,ssp585,15.26508334
2059,2,25.29692626,15.57400899,0,0.052375656,2.195957715,0.332935334,0.002584723,0.969790341,0.07503118,ssp585,0.196163065
2059,3,6.33755273,2.831609521,0.44428365,0.93281151,10.05027596,0.961478938,0.047791437,7.56709958,21.64984298,ssp585,19.75238534
2059,4,1.281218208,88.27333269,2.064699412,16.83938944,0.914473049,9.341158657,22.0083573,18.60541224,3.732763995,ssp585,39.95000276
2059,5,27.42491444,10.71065163,7.25493663,24.27071075,122.0257223,1.981700871,46.33251486,17.23661554,6.64112301,ssp585,26.32580334
2059,6,27.73421806,9.063024807,35.6310129,0.939139954,4.077623651,95.57814092,25.54729413,31.020226,16.77552109,ssp585,82.41003909
2059,7,102.1319316,156.551854,125.2733249,127.434978,407.8400717,134.8827392,359.5856442,418.3793333,148.1798239,ssp585,81.35189671
2059,8,111.8530593,327.2063599,46.97554303,450.5470096,436.5471367,182.9546589,293.5235336,251.4520042,402.797021,ssp585,177.4262519
2059,9,59.25825094,44.12798238,14.48781443,285.4143289,23.33222619,63.89621625,25.12391575,28.54996244,162.3972573,ssp585,20.64120878
2059,10,11.96622337,40.98377361,0.078963593,17.0859734,0.175150049,0.092753238,2.63E-04,41.91957618,4.91644115,ssp585,26.97611018
2059,11,0.100345836,37.5126906,7.781374778,0.0211162,7.679498328,0.387231788,0.256197435,10.40596982,35.84056522,ssp585,27.29195055
2059,12,30.66647812,40.86932217,8.470553081,2.042439464,63.8705586,0.01877646,3.832083267,25.23251898,1.685594945,ssp585,29.6590926
2060,1,19.05975944,37.3016784,2.735703815,2.708928436,10.09518801,0.005165577,0.212075643,18.3353624,0.196246403,ssp585,0.216561149
2060,2,10.09744114,4.226585654,0.184921279,0.001286486,2.235013619,0.140496964,1.92E-05,14.08044863,0.003323446,ssp585,6.539058654
2060,3,0.001398073,26.1652675,0.034843446,0.353420246,0.346551804,8.81563306,23.95630162,6.887401395,1.170996827,ssp585,0.153172831
2060,4,0.45130953,25.13750274,3.941953636,46.77713649,1.030930655,22.10631795,55.5709441,46.06894762,0.048373952,ssp585,15.13262024
2060,5,29.98894942,7.915544159,0.649626153,18.373577,13.90785927,17.1497418,12.75636787,83.5018201,0.861261875,ssp585,8.309824427
2060,6,22.77815252,11.21534847,73.81491322,15.10284021,21.28692139,78.38364691,47.53051322,77.37222273,20.7120206,ssp585,38.10711588
2060,7,104.8202532,437.5354912,52.30767767,175.2274544,15.70283452,212.5502752,111.1615339,58.90543711,286.438795,ssp585,62.14144916
2060,8,67.29860584,588.0232199,91.4780461,273.7705673,107.2594975,262.6158625,262.390602,62.98695656,615.0733933,ssp585,151.2826556
2060,9,31.60473999,429.1220042,35.15206986,112.4687425,3.87502222,95.62043593,53.96824767,0.378658788,194.744914,ssp585,31.97884778
2060,10,5.400372544,33.31423276,5.142510587,0,2.053417246,0.518613479,0.246920117,0.020981829,2.857251143,ssp585,5.433450706
2060,11,13.88928246,5.80223589,6.572553438,5.650590103,10.61733433,0.094854719,2.226336018,0.048593386,31.45933675,ssp585,14.54123589
2060,12,6.419433,3.729379058,4.496700987,1.780854787,9.536154001,0.020929439,0.340782009,1.542401691,2.881290656,ssp585,11.59257503
2061,1,2.580900257,7.387235976,0.300331113,0.829521656,1.495556439,0.044960674,0.048656685,0.977972864,5.193449087,ssp585,29.82241649
2061,2,4.57897053,9.86E-04,0.028611261,0.009134318,41.26336814,0.157781132,0.344691959,0,0.193212096,ssp585,7.552319661
2061,3,0.093627878,0.953230055,1.553536786,5.397866237,6.240317426,4.166658291,1.795562562,0,0.598227833,ssp585,52.6088489
2061,4,12.70818274,2.63E-04,3.0716052,25.98231011,12.41706773,19.94702897,11.10611297,10.09973153,0,ssp585,17.26563127
2061,5,56.73250519,0.755015995,12.64397094,10.58164063,8.285508754,13.33309876,25.19819753,40.45160179,12.62321046,ssp585,0.98797036
2061,6,57.92966842,13.74159176,35.6159248,38.34197811,3.02587523,29.7557263,78.30178155,24.02239915,37.47711249,ssp585,32.12651261
2061,7,207.9863131,463.092888,26.41630434,126.3779683,48.39345975,229.2977206,213.4545645,14.43700945,218.2855706,ssp585,221.3307264
2061,8,335.6754178,419.1056905,94.78330215,55.18115972,178.4957845,241.1199542,55.61131476,262.1130464,265.0598835,ssp585,244.5630073
2061,9,41.22061388,166.0516641,47.62390215,59.63962631,14.21266862,21.10184018,61.82595006,54.71698418,51.54056107,ssp585,53.08395246
2061,10,12.58191012,1.965472329,0.194268669,0.058670024,1.085487843,1.733988794,0.592143609,3.33E-05,2.653819495,ssp585,14.51048122
2061,11,0.397987809,1.47E-04,0.707960732,56.12721475,0.649106258,2.667622813,0.057656072,3.191550846,7.10E-04,ssp585,47.22939943
2061,12,4.9754841,8.75460545,13.50133572,24.38358096,20.7718035,2.627780732,0.075160874,24.4097845,1.556263485,ssp585,69.58568047
2062,1,0.264543103,0.54059164,3.859962179,8.965675448,65.78495247,0.588934967,0.965606659,14.45475789,3.48698621,ssp585,45.80524862
2062,2,24.64318933,0.47469347,0.098481765,11.17149133,11.85815913,1.364469104,11.05214542,3.173755955,1.151511709,ssp585,4.098193943
2062,3,8.116834779,0.395850275,0,1.204146714,9.002678483,6.073736166,4.866493558,4.30123323,1.595008925,ssp585,28.13650201
2062,4,0.637375658,1.140100357,1.747767973,15.42906002,32.47670902,11.81415198,43.37698264,67.34956354,0.431912773,ssp585,6.462057701
2062,5,9.175309868,0.530441418,6.001639858,36.70248176,30.61961861,5.745256168,27.20729598,22.74647037,4.804997594,ssp585,7.234565945
2062,6,51.52273703,158.8208226,57.25288345,69.80107052,16.46258082,122.4571673,27.29261437,14.09390446,14.67164746,ssp585,2.527210623
2062,7,265.9154262,214.0710088,87.9719221,94.53815773,174.2253781,101.7329784,170.2576422,56.58399275,27.5667749,ssp585,247.6714597
2062,8,57.90552503,694.4622904,213.5639679,215.0869391,190.7105113,30.32737231,138.6942216,141.46831,523.1588948,ssp585,276.01867
2062,9,26.44056335,66.23848765,11.0370335,12.39981754,109.2047847,14.81962317,10.4617993,81.12997372,126.9090246,ssp585,84.15448502
2062,10,0.096524692,3.422623838,0.754101228,0.645188371,0.221543034,0.276546788,1.145755265,14.20646654,2.286545877,ssp585,12.89988676
2062,11,18.56519905,13.1720183,1.118558264,0.071130269,38.4948737,0.103832617,11.81629622,1.164536756,0.171066657,ssp585,0.151683202
2062,12,8.935618985,3.452779553,12.73754812,1.038222665,3.383491758,0.479492939,27.61854605,12.35150412,1.636514652,ssp585,1.60E-04
2063,1,5.161861916,1.668902558,0.61433691,3.490850755,4.070730415,5.938610457,0.99853322,7.501406755,1.033353996,ssp585,4.11E-04
2063,2,0.025447625,4.729374318,0.065353111,0.013472269,1.583827864,0.24661117,2.253369185,21.0474893,0.001209136,ssp585,0.032061303
2063,3,1.275709506,0.597896508,0.239097008,0.051900912,0.574903703,5.552107064,6.86E-04,8.797561102,0.068103782,ssp585,5.32E-06
2063,4,27.95163341,4.367215555,8.074500419,2.909335033,10.02242208,5.40767643,12.86175512,9.744972087,0.223757304,ssp585,0.571095373
2063,5,4.493108999,42.99884914,3.465771336,14.85018849,8.498441284,8.586859703,28.14411648,9.243111967,24.07395273,ssp585,7.543701957
2063,6,69.82550427,25.36536749,10.63357959,15.11112669,24.7791799,54.47217723,14.63271027,24.31947092,16.87561395,ssp585,92.93955028
2063,7,654.8294458,351.122857,112.9399838,46.06116264,67.22962555,87.93490007,203.8054684,24.36649939,63.11189451,ssp585,189.7502586
2063,8,213.8400492,237.4285101,52.85638127,203.9804973,148.5850214,154.156856,182.3268933,311.8249767,498.1571601,ssp585,377.5942401
2063,9,98.90976101,86.57599747,15.99493531,40.92228992,4.510410908,125.0677735,28.76824604,30.03042167,97.78239821,ssp585,89.96978748
2063,10,8.399504616,51.39579965,0.983295177,116.0963839,11.45627656,0.32782327,0.630067113,11.72131244,0.21556868,ssp585,9.458154595
2063,11,0.115028451,12.79339812,3.726908603,1.41E-04,39.97894045,0.665635149,0.147060028,19.95418872,48.74485332,ssp585,23.11700218
2063,12,5.807637108,22.82643595,5.77804579,15.60864329,0.347985399,0.229016507,0.109564382,20.42577485,0.544069887,ssp585,1.444533294
2064,1,0.807371407,6.123310765,3.562316264,17.95866611,0.2340038,6.464568617,0.032153181,6.686401816,1.742152126,ssp585,0.355377307
2064,2,1.672417675,54.69137279,0.048807128,4.420340958,2.230598395,0.147561151,8.968522233,2.822514454,0.024304328,ssp585,0.314431948
2064,3,0,1.979501931,2.462893644,9.946978713,6.88E-04,3.473221924,11.86437965,1.235765997,3.362007856,ssp585,6.328465792
2064,4,4.610186782,36.97826342,43.17131157,23.54085987,20.26229836,0.238819403,3.171730655,6.398967566,0.030947073,ssp585,26.76133754
2064,5,2.869714472,67.46189018,2.172442878,0.6809865,7.57250705,38.8008442,6.475056457,0.310031982,6.452927549,ssp585,3.973547176
2064,6,58.46017431,33.04228697,60.22552668,6.088018252,8.713900938,37.2717977,1.243088308,21.75728979,8.865982963,ssp585,6.485307379
2064,7,348.6952044,344.5487961,216.0096278,234.6173595,40.63314793,79.59859002,196.2862313,174.743247,190.1467143,ssp585,111.8785179
2064,8,50.55421615,383.2502888,78.64679892,421.1011023,82.76627549,132.071355,315.3677009,389.0909976,452.463131,ssp585,90.5764725
2064,9,5.1668311,255.5077699,19.24212148,47.51021839,17.85038959,18.29001541,38.12076474,61.16982567,103.8051359,ssp585,152.9537705
2064,10,5.580617348,54.94371705,0.337627451,2.427466709,45.34160073,1.350419696,5.882776862,0.001079398,2.930007601,ssp585,0.002377335
2064,11,92.81068599,21.68373858,9.60213531,0.5980395,1.946345648,0.144728447,3.11E-05,0.807643139,39.87335343,ssp585,4.41225576
2064,12,2.72163415,3.705116959,1.8852036,0.093132761,0.746937516,20.24305237,0.047119649,11.32703136,7.8346886,ssp585,30.86503636
2065,1,24.47691285,48.75809536,2.070413213,21.87874321,6.173643887,0.499466374,0.413644207,16.13745821,0.029965904,ssp585,1.062656668
2065,2,4.423288657,0.043841717,0.104694836,1.971388897,0.812172845,0,1.068316487,41.51710518,0.460067425,ssp585,4.259190849
2065,3,2.16985862,0.220406024,0.31069174,0,18.06543659,0.500037549,1.198319093,5.191656272,0.266347124,ssp585,3.428483923
2065,4,6.419062954,0.046756017,0.239511928,6.337398654,44.86216906,12.52343928,18.25218076,22.03476561,9.057515173,ssp585,12.8674149
2065,5,4.371199302,49.72967354,2.570586157,0.563012336,17.94708657,40.56497782,3.35396453,40.30615729,12.03915967,ssp585,69.06244138
2065,6,51.87000363,54.72849547,65.89189219,24.87048036,4.87277672,29.38700071,25.25956001,88.85817802,20.88948692,ssp585,29.4834421
2065,7,199.038703,524.1581744,82.85104715,36.14107158,226.2146762,133.5905393,92.42034749,89.84139202,446.5098089,ssp585,164.4591392
2065,8,49.25158563,654.2074007,231.3509921,284.9979946,201.6340471,161.6371662,383.5846532,89.85999581,584.997154,ssp585,106.5903426
2065,9,40.70353352,21.50120188,16.44662544,69.41093751,121.3844502,53.5428445,150.3371234,31.35478361,53.0421296,ssp585,85.5350312
2065,10,17.76785069,0.126861245,0.035887361,8.288628384,2.351804735,2.731730807,1.394920375,0.059714778,1.070186975,ssp585,14.38961129
2065,11,17.36950807,0.035656084,1.179603628,8.097444832,1.747725903,1.85977943,0.010751845,0.041392248,1.732676351,ssp585,8.202808982
2065,12,7.12258679,0.64344296,8.609235267,0.402687635,9.391197795,0.577292866,7.651624236,13.61637705,5.352956305,ssp585,8.41E-05
2066,1,0.222113821,0.224144214,6.054839291,12.43424643,6.744100581,3.77340248,4.134419233,0.931552468,3.430599532,ssp585,0.980307863
2066,2,0.994260819,0.500560246,0.014085622,1.119553931,0.697277092,0.044857287,3.42859632,3.980089257,0.696481862,ssp585,2.309305196
2066,3,0.265907236,1.134698995,0.143868346,1.417623378,5.894973581,0.174808389,44.20798374,19.41084062,0.371642566,ssp585,3.634627667
2066,4,16.01463964,3.726217158,32.59727645,11.39094509,31.03136937,21.17513131,44.59766803,27.47035067,33.38959826,ssp585,10.81420222
2066,5,5.052858205,41.91146401,23.22684741,29.11143451,65.77513127,3.179760064,14.64142018,10.88776156,22.98850398,ssp585,9.689945195
2066,6,5.146741904,226.7970382,27.12147713,9.340086914,57.6483111,56.89436116,82.34269901,12.54547018,18.02561554,ssp585,24.41615378
2066,7,294.1102625,193.5803434,119.2169107,46.44761054,151.2459579,99.5569463,227.4874802,53.97252695,239.9845755,ssp585,73.2381772
2066,8,240.6927759,299.6154113,137.3519656,26.82859265,91.27044894,248.7407823,219.3136624,367.9115163,433.9213164,ssp585,148.5117761
2066,9,84.83433976,21.05509926,23.74342146,141.6814878,4.082549048,179.8494591,118.7895225,42.16724969,94.27166926,ssp585,69.30499941
2066,10,1.419443176,12.31759453,1.551002283,5.13190347,0.086142903,1.784749799,4.717699267,5.62994761,3.896409812,ssp585,20.53163728
2066,11,1.680574232,2.972802486,5.9301134,0.014133452,1.865967776,4.490942635,6.834172278,0.604541562,37.39290224,ssp585,0.236442774
2066,12,3.909158868,7.977569363,0.644643468,1.776643122,2.609223145,0.073313414,2.038999326,3.393311228,11.72589131,ssp585,34.82918774
2067,1,18.95551861,4.167573208,2.460091678,0.08605406,9.512189878,0.171835223,1.060942491,2.517056099,2.438829249,ssp585,0.775267336
2067,2,4.849078418,2.907311234,0.019373757,0.826906544,1.199194612,0,0.089323532,4.735519142,0.626433202,ssp585,6.862711133
2067,3,6.099459994,3.150580889,0.232404203,0.022663918,2.135414875,9.931170069,2.146152507,0.757790338,0.176607023,ssp585,12.37015842
2067,4,21.04386735,5.473221207,21.76919411,11.4879557,42.81323463,17.19942799,37.95301189,16.49750783,51.23682978,ssp585,0.884381805
2067,5,7.381644282,53.26101011,16.52528492,18.94489642,19.23521447,55.44641198,71.72067221,2.25787674,2.599718941,ssp585,8.760821486
2067,6,27.96483776,75.518076,15.90166656,24.00742758,32.34161659,39.79138812,23.31110341,22.63023502,19.16439987,ssp585,15.46578679
2067,7,119.8663306,167.0119509,87.94655004,193.9001588,41.05443106,304.9181271,222.1897975,35.93089143,69.00572165,ssp585,263.0282632
2067,8,54.66944763,386.7555757,204.7638192,32.6237377,406.7230188,401.9820101,112.4090203,135.9642262,393.5442315,ssp585,159.4202037
2067,9,26.44400184,10.85241094,26.84737123,23.73250151,6.425509158,94.14771695,39.61591889,8.597918368,85.49996815,ssp585,26.31630832
2067,10,4.396422115,94.1110026,0.939800047,2.34165982,2.061090182,4.091051008,0.612859662,46.60698159,3.040298138,ssp585,5.691614117
2067,11,57.70190344,6.050282553,0.522871267,9.273464095,2.840730993,1.284060931,2.551179839,39.00511698,99.55093464,ssp585,58.76280297
2067,12,39.40498388,0.820617843,0.195160864,9.295614995,15.43661485,0.640716609,0.020775261,14.2862531,6.682176063,ssp585,45.20503219
2068,1,37.99107274,0.762950424,0.559351094,18.64824391,0.819818128,0,0.009536971,4.0715944,3.837907347,ssp585,34.01184057
2068,2,10.3221515,0.414807439,4.22E-05,0.392917712,3.410146382,0.083794529,16.1424758,8.639140384,1.329701993,ssp585,10.40899036
2068,3,52.60246616,0.133805289,0,1.53E-05,3.348717452,0.112964641,13.36063921,2.94547949,0.035525119,ssp585,33.61964317
2068,4,66.85030704,23.98601256,12.23343725,3.153086387,13.55788812,28.99019918,31.44733592,19.04295861,1.440105006,ssp585,3.854930073
2068,5,14.47857269,38.55530649,6.515611373,19.00152868,14.55005629,0.297727797,8.060429541,50.9929538,7.73270336,ssp585,13.18973286
2068,6,10.92876875,127.4187961,53.69903549,54.50852131,11.00477972,125.3295327,29.06440484,131.5556802,56.55999979,ssp585,8.799268172
2068,7,140.6910191,285.9349756,94.86053496,352.8065559,24.80449857,169.361411,132.9101286,157.7502508,151.9003807,ssp585,120.3022335
2068,8,121.0739145,326.9366374,54.91088245,344.4237756,80.84425112,145.545399,362.211807,138.0650339,567.873187,ssp585,107.4724664
2068,9,8.32722112,178.0292355,15.81224473,78.07269797,9.089481777,96.69597508,18.80722407,102.5734063,153.7243759,ssp585,53.33445884
2068,10,1.002971453,0.350619637,0.890423233,0.046924249,3.437790078,1.424626411,0.054896328,0.207933306,0.005323238,ssp585,8.756072786
2068,11,11.06795203,0.070590675,3.515188862,0.046630727,63.06641606,0.078311903,0.02525903,0.040394269,0.018993961,ssp585,42.79145677
2068,12,0.06945488,0.015845783,9.835988731,5.398050903,17.88848608,0,6.482341399,0.00621377,15.67330874,ssp585,61.41669096
2069,1,0.428276352,1.70E-04,0.030243483,9.675023996,1.391157128,0.063750073,1.722704526,5.111374924,3.68E-05,ssp585,3.278727278
2069,2,0.079300842,2.185161648,0.127307688,0.48226498,7.259987194,0.082226738,6.95301039,0.611704161,0.032485892,ssp585,3.614568585
2069,3,0.043590211,0.240584718,0.732543934,11.74250234,3.779592011,7.08805202,2.70E-04,2.987561258,0.110694894,ssp585,0.187886091
2069,4,18.21606332,13.79549917,5.98079648,7.37E-04,31.88437341,11.3716342,18.65053948,14.34089237,0,ssp585,4.802943782
2069,5,31.01433009,20.71693825,5.035829515,25.85636999,39.46322132,9.972209855,9.674383178,75.94159594,9.003782348,ssp585,3.614289274
2069,6,5.296370261,94.21458039,11.07385355,18.62819651,70.73303875,29.09767965,85.99841644,14.51292503,6.157739387,ssp585,39.56745302
2069,7,130.8114409,386.7166797,160.5288258,382.8324323,22.03560375,54.58737531,192.9628695,77.73621482,640.3911291,ssp585,59.04266367
2069,8,53.19019886,337.4347334,130.3252971,207.9389339,38.8446612,220.5880725,388.4914092,200.1887996,549.2209384,ssp585,272.4152479
2069,9,3.869635801,24.30634534,30.83221213,47.39726517,6.661449067,36.99272826,44.25925316,76.91684556,188.2712498,ssp585,19.42476346
2069,10,0.204175548,3.578897201,7.265788773,0.001642108,0.30489145,0.604902081,2.23294818,0.584353547,20.83997093,ssp585,0.493186056
2069,11,33.42272885,1.844664008,28.46910847,0.264180499,14.74746799,3.440620146,2.971733233,47.97624029,0.638611137,ssp585,0.474063571
2069,12,13.46216304,2.829279413,58.89355632,2.181729871,7.757021639,0.291535014,0.221415634,26.87190384,14.07267715,ssp585,0.035722949
2070,1,28.19986432,2.817462845,0.429633106,3.747636632,10.39387375,31.94243905,0.134076765,5.608394539,52.40414797,ssp585,0.086567086
2070,2,36.1923417,0.072274367,0,29.54832638,15.84393074,0,9.207821294,0.699458967,0.077141414,ssp585,0.625849968
2070,3,0.184108762,0.015163158,1.578713037,0.12149912,0.053738151,1.733279873,23.0257833,0.272571393,2.095887029,ssp585,12.09147835
2070,4,11.06556477,22.77925093,17.05531087,21.97236556,11.08958158,10.5807984,8.795824138,11.43490662,5.187913374,ssp585,82.38496875
2070,5,12.56598368,24.69420227,1.373259867,26.03632789,13.07709917,16.50876172,44.72941911,28.94004348,15.7723417,ssp585,14.27374926
2070,6,19.87546361,61.45379651,40.88694914,6.094964819,222.5710664,28.88275677,5.636362769,66.93488695,10.84807667,ssp585,59.07907074
2070,7,59.56573312,348.1976843,163.3980712,221.4324068,26.52415757,80.10925374,114.3361943,129.6829727,88.29685881,ssp585,84.52954653
2070,8,111.3929418,496.0357226,181.1513213,205.8003515,482.9049635,220.5363427,218.5046847,139.610762,334.6408449,ssp585,66.86695756
2070,9,12.12379553,54.03313194,13.56066904,37.48868211,4.027597927,60.09645306,58.56750585,75.92840115,190.2426083,ssp585,31.97925984
2070,10,9.569318433,96.23608968,0.223494861,0.06303486,1.048115749,2.115933833,0.595184581,5.880100338,10.67460951,ssp585,2.619183197
2070,11,1.979665045,87.87017815,1.935443032,7.752684148,19.940319,0.554248832,0.215487417,14.52331991,20.14908857,ssp585,42.27135694
2070,12,2.592300641,47.03677283,6.842458909,40.82401362,6.39832952,23.61183791,0.340176433,23.99736449,6.158310026,ssp585,76.42089801
2071,1,11.29705345,19.92909907,0.286375594,10.34517102,11.75814717,0,0.221739523,10.29224863,29.74603455,ssp585,27.10603683
2071,2,2.383224874,19.57800518,0,43.76565546,2.054322436,0.300625851,8.56E-07,0.767463284,0.321001925,ssp585,29.60012213
2071,3,3.925963866,8.296169824,3.760070244,0.408000326,0.037106441,0.658358807,26.50524079,11.76670158,0.87271686,ssp585,18.21866405
2071,4,4.730545951,4.400995453,12.29400999,39.53335382,1.154858055,13.58872035,9.645257918,6.631144953,0.388852433,ssp585,71.19421694
2071,5,25.04980127,47.25325482,1.686320292,21.60306524,2.732684499,47.82244135,0.016457024,9.685990506,8.364651071,ssp585,22.68560278
2071,6,20.8391012,44.65447241,11.25723847,1.411827349,7.21047978,34.53234526,78.34908081,107.6544768,15.18844546,ssp585,39.71551112
2071,7,120.5727856,145.5047203,99.45779766,106.0292774,32.31726913,215.8653907,264.4628097,222.4128819,113.5541811,ssp585,257.9877069
2071,8,63.29307399,439.4644338,94.56845755,232.9557262,227.9500627,347.3369905,415.4242417,126.4930514,251.9859098,ssp585,225.6731699
2071,9,33.83557983,187.9435832,26.01874168,62.80732969,253.7224711,75.96356495,137.1193464,49.82406654,31.73476327,ssp585,224.4191329
2071,10,1.878116326,20.27014476,0.098339423,0.094603624,0.17777676,0.810585663,2.400719416,2.116631598,0.260108442,ssp585,36.81967679
2071,11,2.265018847,0.098761603,20.53366719,8.708136965,3.380106612,12.91715609,0.014080571,54.38719505,7.040498143,ssp585,12.96331463
2071,12,0.521823813,9.336636459,16.06260451,28.90390647,2.798211998,0.004554735,47.65524394,6.077834532,22.41202306,ssp585,45.89224986
2072,1,0.26528552,0.95630579,2.183296751,3.008806043,2.893310676,0.011043033,55.16982467,29.55951139,1.140053865,ssp585,32.32136537
2072,2,5.82E-05,0.001497232,0.188643813,1.160551456,0.196671559,0.479110453,0.086697216,0.33283786,0.002279956,ssp585,2.818331412
2072,3,3.772860829,1.052480382,4.979172595,6.450619271,0.420109948,3.415997342,2.611495626,0.8974087,0.743092234,ssp585,0.109291665
2072,4,2.973250738,0.003049802,6.618315953,5.508107142,24.49964353,10.89403887,9.945882836,17.5439721,15.7725821,ssp585,13.79554685
2072,5,67.79580632,76.5715153,1.205091427,43.02166686,5.417123935,30.67852371,23.16680531,23.62671131,22.1852878,ssp585,0.471768179
2072,6,48.93337169,47.30337376,19.99972187,8.014475427,30.54341695,19.69043935,8.529136607,73.49939586,32.87843686,ssp585,44.79441669
2072,7,204.4809336,286.4103341,54.29919648,173.1136474,90.37516418,180.2565046,151.50723,45.01184147,116.5176871,ssp585,117.2503839
2072,8,399.2978137,641.8602998,152.0268987,225.3380675,286.8964841,315.2115529,367.7980961,104.002526,440.6824719,ssp585,168.1069668
2072,9,96.84901925,59.95583801,35.63765084,241.1597401,7.266116834,136.6399214,10.878765,33.32503725,115.5168883,ssp585,177.5271704
2072,10,0.005253644,23.10274118,0.240100563,0.183802052,17.19696983,0.561961778,0.042604132,0.040781823,4.802985336,ssp585,0.579824969
2072,11,68.9988716,1.794607038,9.097591454,0,35.16710383,0.235870717,32.45932356,0.927509079,11.47631995,ssp585,0.258344676
2072,12,47.64396596,8.989744172,1.918046639,1.215057034,8.756147035,0.053268949,0.04743569,1.607258137,34.94469568,ssp585,39.77659705
2073,1,0.116680391,0.571318437,3.430805487,5.813532371,8.235006826,0.590168832,0.021612285,1.06902744,0.771264623,ssp585,0.077240518
2073,2,0.345505114,0.185745194,0.019301741,0.99146855,2.556187652,0.8400234,0.044801154,0.102534907,0.00314436,ssp585,1.72E-04
2073,3,1.301701528,0.950120654,0.043658049,0.018398479,6.469228985,0.414695763,7.576776435,2.249917101,0.719131239,ssp585,0.028414357
2073,4,18.65327896,20.66333868,13.70067326,8.013821735,4.157208285,2.184300696,5.992922226,2.260779561,0.163495788,ssp585,42.60852448
2073,5,54.05603572,79.83914776,2.703923224,6.175988914,17.48775235,7.420215853,12.85787823,7.322903588,14.0892729,ssp585,4.548424883
2073,6,8.103134629,110.5052391,17.68089988,4.373392662,157.2245584,0.418409702,38.03586178,23.04025924,23.73764354,ssp585,50.25824501
2073,7,49.07168238,218.8156092,113.7477361,42.29578301,18.49546269,259.220068,195.9580425,113.039542,234.4904385,ssp585,117.2742857
2073,8,278.4890476,753.0163494,241.5666502,369.2847457,74.87867946,429.3791156,377.1958556,130.0614675,409.0055629,ssp585,95.01594096
2073,9,75.28765112,63.09149211,12.66324578,15.00224551,11.46437868,28.181229,22.4087813,6.203694288,153.839833,ssp585,83.65771563
2073,10,7.38753056,22.22725935,0.543804981,1.096859154,2.419724949,0.28549013,0.817092804,0.618296382,2.951619748,ssp585,1.488943005
2073,11,12.79971147,0.151549338,3.12E-04,0.786611315,1.238663308,1.918470479,6.927581948,0.002842769,14.70797412,ssp585,27.87269261
2073,12,25.96587085,11.55252239,0.05989387,15.4898191,12.65709164,0.039529618,2.023327065,1.341779528,3.604363335,ssp585,19.75509585
2074,1,18.48638455,8.726243826,1.516738276,36.70573974,46.86372364,2.597441275,10.93758544,2.693473492,2.341159739,ssp585,7.114106439
2074,2,0.54471352,0.420956087,0,0.743140223,0.015797891,0.133597466,6.94E-05,0.251015865,0.0113686,ssp585,27.89163567
2074,3,0.018588147,0,2.179769528,0.093459022,3.284271611,13.65293042,5.481105552,13.29959442,5.712317772,ssp585,0.291293024
2074,4,1.337428495,9.918251112,8.349416159,19.04620263,0.701027716,5.163417346,68.89841602,31.17166405,5.959518304,ssp585,55.55715506
2074,5,11.4284682,29.48947143,17.62547747,64.71157547,37.45203686,14.63317597,110.6199688,56.88902311,13.78371947,ssp585,26.18416748
2074,6,30.07026467,116.9759558,26.13682409,1.046720183,11.92411762,58.83213974,55.90310752,73.75115653,10.9087176,ssp585,96.34747392
2074,7,29.84862742,403.6309119,110.4380285,209.0246613,21.03432966,91.70716319,54.9083111,97.97354551,278.506456,ssp585,159.0287143
2074,8,364.3103698,459.5698376,88.11221244,420.7106023,114.4812007,113.1866262,264.4364507,62.30589523,560.2918914,ssp585,207.5515128
2074,9,6.796700994,27.17681363,26.42893256,297.3093804,51.46402654,34.43342196,12.94782865,16.04377129,152.307432,ssp585,22.30545817
2074,10,4.335550224,13.27802135,0.085884254,6.103486184,12.10155794,1.954663637,8.562686413,0.312104234,1.996421668,ssp585,0.002030772
2074,11,43.04215423,3.940872434,0.365370196,0.475750676,29.98629357,8.441252159,2.251541224,0.110441172,8.606126539,ssp585,38.26869064
2074,12,1.117603817,15.50042235,0.902946459,12.1345072,5.309033406,0.333491091,10.06579216,1.470379304,23.59315213,ssp585,27.27586438
2075,1,21.79636381,0.505108686,4.052053702,19.74838204,0.011596477,0.006417901,52.46518015,7.444255627,0.604033328,ssp585,6.642661079
2075,2,9.02211199,1.519124927,1.968083638,0.584978963,2.50E-07,0,0.028352458,1.788847408,2.172069721,ssp585,82.31461484
2075,3,0,15.05629606,16.4098935,20.44093143,1.457058595,4.174114298,22.84957123,9.574479025,3.630466302,ssp585,21.50169384
2075,4,10.58523918,38.26222201,10.17069391,12.89953185,10.30934839,27.96214723,26.45911874,12.27747839,13.53390974,ssp585,0.784144447
2075,5,8.234453711,60.46287391,5.275613406,22.204563,1.613532809,16.12897143,19.96031309,25.5451158,1.143457084,ssp585,9.435434637
2075,6,33.70234323,100.5350089,21.26856537,39.41119588,11.95621732,16.94935499,48.33588104,4.210348257,6.780086322,ssp585,62.01891662
2075,7,310.2679943,94.02019893,109.6899614,60.96049198,110.7392954,170.5658263,227.1972182,9.220054631,74.16942924,ssp585,81.16936626
2075,8,195.7308775,411.6124878,182.3145822,185.8390603,394.6019612,219.267112,124.7199863,66.35751538,482.2996679,ssp585,193.433189
2075,9,54.43962814,48.79488279,33.33717499,99.55059102,22.18781953,149.4118006,28.00114115,11.00166761,105.1699873,ssp585,25.63867323
2075,10,103.221494,1.68904649,4.698120056,0.100398313,4.30E-04,0.126684782,0.276567914,1.882316708,22.18074186,ssp585,0.169346997
2075,11,35.17672028,2.864257583,1.565844869,0.835675878,11.20645583,0.607109179,0.009307378,68.75263947,61.54784569,ssp585,0.408425125
2075,12,24.01813296,0.059626508,9.26665936,2.883599478,0.153460845,0.144951865,0.027811337,17.30164831,31.74117284,ssp585,46.75674111
2076,1,10.91147689,2.239484406,0.858449851,2.236648911,19.01066296,0.013768898,0.417524157,10.50201501,2.761356779,ssp585,22.53782965
2076,2,1.44E-04,6.544040644,1.713354456,0.001953114,0.668603744,0,0.710326128,0.0174216,0.002064373,ssp585,0.313708121
2076,3,6.023440752,0.809799394,8.497193123,17.74206124,0.828652984,25.12285638,0.190244767,1.489362327,32.6724246,ssp585,0.420362957
2076,4,0.052746853,0.32978101,3.746700399,9.685130431,4.398338862,35.02139671,13.24274103,6.499444702,2.372575974,ssp585,7.436598712
2076,5,76.17080883,15.88813811,2.101948257,5.660268686,59.44524946,13.33701644,9.629192708,21.58775188,12.73878353,ssp585,2.927678907
2076,6,106.5346583,52.72337687,30.77066609,14.48977949,2.17318557,19.4784334,13.92293465,24.19405293,31.31190254,ssp585,19.0641314
2076,7,351.0798934,606.3301242,143.4426234,9.192668062,87.96365197,545.372618,384.9290094,41.38080749,22.50334767,ssp585,31.15835561
2076,8,169.5199763,514.9237889,105.9184657,177.7399917,54.3662557,347.8695933,435.1148906,183.716789,559.7656461,ssp585,296.2732189
2076,9,27.29503396,128.8103044,16.53787444,93.49208904,22.51809268,62.77641631,126.3470252,22.61995711,55.80234555,ssp585,93.53694852
2076,10,1.01E-06,18.62244644,0.28262989,72.88433042,2.213051831,1.119334593,0.007839331,0.770159936,13.48434058,ssp585,5.6893225
2076,11,100.7724699,5.590758564,23.11077643,0.003297165,23.12702334,0,0.009628462,0.005156667,6.399334432,ssp585,16.18348564
2076,12,5.562997324,0.209391173,3.694369179,0.263501635,0.694431664,16.52138333,0.039365519,1.608770731,0.602166108,ssp585,20.79919281
2077,1,15.07523963,10.22584317,0.516246572,137.4288087,7.00939862,0.020260981,0.193319334,5.063973437,0.094865136,ssp585,4.294268441
2077,2,0.290512528,1.691181319,0,0.158435109,0.053563858,0.009095668,0.001140431,3.405355335,0.599237893,ssp585,0.384103201
2077,3,4.650193286,0.484202389,0.012166537,0.025591332,10.03994509,0,0.099665491,14.83138819,25.71954875,ssp585,4.905233675
2077,4,7.324482485,0.010251331,10.95115908,6.181879124,1.220121549,17.3533107,6.187942051,5.929761286,9.379825647,ssp585,26.25749927
2077,5,15.11701727,13.85983096,4.643073001,27.66363348,46.36395991,9.062551149,4.962704975,82.96925758,19.05192882,ssp585,79.88676787
2077,6,14.29944311,33.09267808,27.3204994,19.81549737,32.48820106,21.15458213,39.32919595,21.16800998,27.06444359,ssp585,5.304194553
2077,7,86.46088761,689.1430434,137.1751497,246.488014,29.70230651,150.728741,420.4168939,23.68167828,363.3661352,ssp585,243.3206056
2077,8,186.3172009,752.0458606,137.1504804,255.3259831,24.9793561,219.0857626,322.5835716,39.12464027,461.8611515,ssp585,203.6877583
2077,9,26.45811309,154.0518752,21.22484161,174.2806432,42.06783404,46.83354707,13.31914014,56.57128281,63.31923329,ssp585,86.31741359
2077,10,0.769488268,8.073531092,0.135107138,0.24279852,9.54E-04,0.399578577,2.101797549,0.155892386,12.13436983,ssp585,3.357380199
2077,11,0.16533713,9.339439818,4.329805474,7.554158167,2.115094675,8.358417451,1.099472029,12.98321015,0.134798985,ssp585,7.257707211
2077,12,8.271531182,2.958435833,11.73012797,2.736506145,8.730277855,13.27033212,0.131404267,30.42397718,1.217607116,ssp585,52.0681482
2078,1,0.301188449,22.61774941,1.835369221,3.40944081,2.043817143,16.86727339,0.762813734,41.35301534,11.27073118,ssp585,97.42567536
2078,2,0.233290469,0.610219311,0.002978468,8.595942954,0.578605729,0,4.949337722,32.89492104,0.016487852,ssp585,38.26595797
2078,3,1.220804073,0.829745119,2.481979683,7.914584592,3.345282122,2.644356827,0.38797306,6.602995416,4.658023684,ssp585,33.98067335
2078,4,7.491129097,9.448336421,10.40586383,5.03139467,18.1832949,1.313388969,16.98311166,43.62387607,0.253700536,ssp585,10.43824327
2078,5,8.524207531,42.68969376,8.899505903,5.631193101,7.615710354,29.5463306,43.22346173,46.0995233,1.601000509,ssp585,45.755323
2078,6,54.2065051,153.7615899,14.05873114,11.73388374,36.85952299,25.84339555,39.84835435,25.47368683,15.28215052,ssp585,56.46821614
2078,7,43.82772575,141.5812108,104.8679829,21.41455413,29.38877147,130.6653474,28.4397853,59.15934311,453.7105356,ssp585,147.820844
2078,8,62.05033619,335.4023372,94.02997212,189.8935918,33.48530594,223.0712719,179.7073603,215.1351587,286.6303028,ssp585,256.1810319
2078,9,48.76586119,187.6610138,31.50052268,27.04283315,16.55352572,47.69631929,9.937447403,51.76273404,188.6006577,ssp585,159.2675935
2078,10,7.811117017,1.5748026,0.180127839,0.334749595,2.924248231,0.644029284,1.130100902,0.010829323,0.69355997,ssp585,80.71739498
2078,11,28.45026552,0.085416309,7.190744241,42.54964592,78.60389818,0.63942986,0.278912653,15.38488335,15.12521168,ssp585,14.30296046
2078,12,39.58664758,39.0286419,0.496141014,0.519272179,37.8130934,0.091809227,0.010410293,31.72852748,0.054831223,ssp585,1.007335827
2079,1,18.54895115,11.52471234,0.353123089,2.727009018,1.914410006,0.470060241,4.569830559,3.958983403,7.282848179,ssp585,3.998426413
2079,2,38.94904346,7.49E-06,0.004193306,0.468286423,12.86412893,0.934618683,0,4.077668334,1.799348636,ssp585,0.213081981
2079,3,3.61017431,0.449923978,0.242853979,0.043443796,0.513902342,16.4257556,1.225798391,1.268316299,0.028419834,ssp585,4.770156902
2079,4,14.02214606,12.92631649,46.85625216,1.992612323,3.379084998,13.96356418,18.29798852,6.744727879,0.694387426,ssp585,4.82E-06
2079,5,16.9947023,56.21153992,0.628910333,47.60067561,46.31906073,21.60872763,19.63770385,2.099483337,12.40389151,ssp585,12.4048353
2079,6,19.93296903,160.834748,55.66161991,5.186052928,2.210635115,7.651009649,25.84087665,34.47357946,18.55258419,ssp585,8.984307072
2079,7,137.1639232,274.4380169,159.905784,96.82639233,200.914322,236.2745415,223.9414187,214.1051317,202.3408069,ssp585,189.4218644
2079,8,500.9665533,686.2440588,300.7770933,334.4096816,262.7180483,66.76615919,255.0334545,60.01851797,478.6774535,ssp585,198.8383476
2079,9,31.70735883,100.7112061,40.18139793,13.37672648,46.83646157,83.99764011,49.55088884,39.1941012,187.4959449,ssp585,15.09645645
2079,10,21.5219418,5.604392849,0.987725408,0,12.36607762,1.031800379,7.041935031,11.25834345,0.83508021,ssp585,0.330423943
2079,11,0.036516526,14.20980062,10.17378496,0.03131498,2.959162815,0.006586192,7.05406381,1.465167638,3.991097596,ssp585,11.74746058
2079,12,14.47971039,3.256962798,5.413429985,3.734200817,11.58353795,0.340591703,1.557451778,53.05203795,0.248859802,ssp585,24.71988011
2080,1,1.255240406,16.93017844,4.029421951,8.18611317,23.10960437,0.317121631,32.39568058,12.14939656,14.17298917,ssp585,9.745905732
2080,2,16.00960028,3.137517079,0.015710208,0.003243644,1.180493833,0.024643203,23.61184609,7.930085865,0.078426071,ssp585,0.290579632
2080,3,0.143493102,0.516655265,3.957698614,8.39548556,0.009897467,15.0909577,0.590233869,3.036827793,0.20717896,ssp585,9.712694898
2080,4,6.195481848,0,2.53668694,22.0644263,1.455293028,17.63418988,54.7264778,45.54110007,0.921094429,ssp585,42.98162263
2080,5,18.98987435,0.012505938,42.94601724,37.96870253,18.24934373,11.82075927,42.03604701,83.98364036,4.987314642,ssp585,8.304081929
2080,6,45.17042832,78.05545017,64.69047855,3.100564152,33.60161213,33.13911073,51.74258412,40.70681563,14.15324424,ssp585,20.38568321
2080,7,73.41785251,606.0364432,146.0338283,206.6888638,25.15546175,120.7379996,215.872934,40.53168694,359.6100456,ssp585,181.896984
2080,8,323.4207242,620.8901019,124.2346858,357.2206885,207.6559709,271.2626681,165.1431647,136.6932852,443.0796496,ssp585,22.14890149
2080,9,44.18182301,292.2588666,42.81291837,22.42285163,11.22476136,330.1642249,54.68398636,28.89557481,83.42110885,ssp585,81.76168254
2080,10,3.282275308,6.240433572,0.034209721,1.519557393,15.42579154,3.449226671,7.763601921,0.057370427,0.104717057,ssp585,14.44556667
2080,11,55.55517304,0.017340207,11.31339503,1.86441748,53.5451585,0.164834442,28.63207292,0.349656164,18.42010543,ssp585,66.96288623
2080,12,29.31776824,1.465800954,0.07133975,5.99775504,3.353459192,0.02909733,6.998809475,20.53558891,8.44275916,ssp585,80.26652852
2081,1,5.565799812,1.237745578,0.442726197,1.637778177,0.118475199,0.052586269,0.071318084,3.623883405,1.727831259,ssp585,100.9517447
2081,2,2.83E-04,0.593292461,0,0.355239756,1.049946974,0.025655015,3.525738846,5.888787711,0.374478068,ssp585,3.582764588
2081,3,3.096521762,0.072848617,1.421792669,8.179362137,2.074632371,6.59E-04,20.40492168,0.023856328,35.28518226,ssp585,60.14680458
2081,4,5.617469366,0.013791481,15.83536652,11.46132262,15.18729836,18.94814433,15.44371073,4.90862726,2.117063353,ssp585,41.75474638
2081,5,38.86434365,1.969804109,5.447793708,68.65303825,10.59228771,1.221620363,55.91235497,18.44667314,44.50816357,ssp585,51.35027732
2081,6,71.62953319,105.2502231,49.31764433,5.8674435,14.58775819,27.2827944,14.95595663,35.51569997,7.971656393,ssp585,100.9340516
2081,7,55.0554106,430.9885668,184.2866756,51.1646065,16.51367634,143.439675,172.5479205,31.30989812,177.9896624,ssp585,132.3883953
2081,8,87.92273271,378.2384019,181.7777005,154.3052336,223.9377703,429.3368823,43.33292926,87.68143608,454.8167553,ssp585,153.2974812
2081,9,14.97816834,69.7905717,59.92729882,26.96328711,119.9811629,106.7334131,37.91356287,10.76911652,81.85716744,ssp585,120.5922931
2081,10,33.7910608,30.98102577,0.293440112,1.223913628,2.744720172,0.681938011,1.312701301,0.198709882,0.056378663,ssp585,23.1920584
2081,11,4.605861707,9.066190362,0.880849923,2.549498594,6.232605578,2.081792315,1.506951856,71.51225895,18.71681839,ssp585,20.92619368
2081,12,6.73753657,15.02139113,1.902073233,6.266340132,5.768240834,7.50864892,3.91E-04,38.95047502,5.90331558,ssp585,14.78672693
2082,1,1.384661953,18.98216046,0.317729527,0.01616773,27.51440257,4.835542615,0.085407814,53.60444186,5.85064454,ssp585,61.81365504
2082,2,16.37759365,1.616323676,0.244971151,0.24884288,39.88125712,0.054697979,0.043036035,1.616898739,0.13260198,ssp585,5.001214348
2082,3,2.228425451,9.99477023,1.802589854,0.02895487,1.169620318,1.935490073,7.86717479,1.335081307,0.242559656,ssp585,18.69094302
2082,4,3.876410801,45.80293775,12.82144639,8.617658971,9.223008211,13.70196031,47.78472849,39.33504138,0.024471469,ssp585,40.2587674
2082,5,17.19680464,89.22299856,8.158920218,0.300942932,49.051817,23.1755813,217.400827,130.1996371,4.756796496,ssp585,22.68584078
2082,6,23.93559642,50.10658639,69.0261563,60.08838024,6.797187107,87.13514888,28.50582732,38.34108372,12.70700045,ssp585,65.29133148
2082,7,228.7081283,209.5347489,76.17387978,59.95417793,63.92185919,155.1498918,274.5424245,197.3167223,275.3195396,ssp585,50.84164627
2082,8,168.6131988,282.7672274,121.6438338,50.62649516,273.4819809,243.933834,407.0572531,85.04911473,625.7749413,ssp585,273.7412756
2082,9,132.6131235,18.98496434,51.81102161,33.21225042,319.312028,25.45814796,66.99091308,7.64706642,163.1156548,ssp585,72.14292497
2082,10,0.229543014,24.33076245,0.326179408,0,2.278857888,0.589420704,10.40444207,1.093352344,0.070055159,ssp585,8.629671389
2082,11,12.69612057,129.8722613,84.13646106,5.685837787,7.075276597,39.24028116,0.355318668,0.009780949,0.095044606,ssp585,17.75605965
2082,12,75.86070499,28.28443525,7.620674001,12.44688966,10.05790498,0.253019921,0.144111164,35.16725691,0.060689657,ssp585,6.046623152
2083,1,7.042056376,58.68656664,4.247926554,0.933613721,15.15981407,1.097044321,0.0174013,1.094777954,0.230704223,ssp585,0.147814162
2083,2,2.820795504,4.637101302,0.294955776,0.481507427,0.379835066,0.161831305,0.420719331,0.210554346,0.122496518,ssp585,1.214739732
2083,3,22.6943315,0.009106531,0.058623413,8.041104099,6.406119089,0.342674054,0.10971117,5.834038193,0.157275608,ssp585,17.90792829
2083,4,7.339117175,9.021831724,10.54530295,0.311582674,7.802181647,30.692081,24.6887301,13.51376439,5.333175032,ssp585,0.796587501
2083,5,14.53563626,58.37311707,2.711781389,16.98666282,20.32577571,25.45042438,36.10038268,12.12984724,6.107887924,ssp585,2.51092947
2083,6,14.77200743,21.3338747,24.58894617,12.11100053,45.04188714,69.7477485,70.47906009,15.06011158,7.755185569,ssp585,19.63149944
2083,7,92.78076626,392.1789543,115.7869508,316.0982332,169.9322135,129.4109037,199.8386231,28.22983572,311.0539411,ssp585,218.2360294
2083,8,322.1762784,665.2451704,103.7374183,240.4139226,54.66419997,121.0558607,336.2835191,116.7445424,473.6944962,ssp585,59.1035521
2083,9,14.89164177,146.3048703,39.56715127,338.5932205,116.6427209,30.54261679,339.0256229,107.0621776,120.4351966,ssp585,17.34488594
2083,10,15.77747274,12.0708685,0.416183139,67.27231215,2.09478993,1.030667006,0.004170019,0.471289651,0.93734819,ssp585,0.876735974
2083,11,0.680346488,11.90099513,0.393110674,3.313056696,3.090579617,13.08812233,20.61436918,0.049775929,0.099594271,ssp585,0.198333606
2083,12,0.726404591,0.869941478,0.94362943,1.071505444,7.571538091,11.42413333,0.111120166,2.221853171,30.44892979,ssp585,50.10584312
2084,1,3.361227607,4.183563296,0.103932322,0.540231814,6.918283286,0.067123535,19.22411741,3.581010955,0.116290438,ssp585,5.13E-04
2084,2,2.83E-04,0.006988236,0.003908037,0.478531874,2.515507785,0.08231601,2.323450173,2.744546528,1.944878748,ssp585,5.519493014
2084,3,0.098005239,0.174031021,3.728552926,19.15588535,28.73669738,11.76700022,7.139136685,6.004921864,0.201313081,ssp585,0.427671482
2084,4,5.577048602,6.18114094,7.866510087,33.36993703,2.326691706,11.08194674,21.844387,13.20309951,5.809438254,ssp585,0.763642093
2084,5,31.83738417,5.100366365,0.780778305,2.178454113,13.67676692,5.154044465,0.056278797,68.63157921,25.94686486,ssp585,8.517752324
2084,6,6.75356268,75.6528713,66.57863808,45.74099056,13.752477,78.14385272,79.46522497,8.978875045,21.10316555,ssp585,20.48221361
2084,7,255.058393,294.9258444,124.6563806,370.1210011,30.08175312,116.6392773,191.99004,187.9258558,120.0427814,ssp585,58.82895718
2084,8,161.645744,245.3502658,156.7907611,392.8995899,65.91381722,418.1814828,147.5796427,173.9838259,330.024413,ssp585,72.35992677
2084,9,122.2840601,94.87970777,22.28464675,52.45682796,28.67800629,122.523054,19.47563109,28.39965698,135.5740287,ssp585,58.68729682
2084,10,0.52317458,0.058094331,0.067566933,0.324033803,8.90E-05,1.580173437,4.871273897,0.001067253,20.67135663,ssp585,8.227577235
2084,11,18.44597173,0.011825747,1.841558885,0,18.48137067,15.85047826,12.4269856,3.008940831,30.61833364,ssp585,29.30666386
2084,12,11.22991408,0.059491195,0.11688578,7.020836535,4.619327691,19.22553439,0.100073457,2.364381122,3.952706041,ssp585,11.43976808
2085,1,9.465181569,0.729320114,5.294138211,0.009291201,33.29657792,0,1.89754817,5.653017305,2.158506688,ssp585,7.481805569
2085,2,23.27423906,0.032512572,0.124230811,0.017607611,0.103457373,0,0.007173778,0.274388367,0.951770457,ssp585,8.438318343
2085,3,0.957322255,0.011904792,2.2806462,1.575867743,2.652875803,1.088299532,21.19733491,27.0314404,11.86595671,ssp585,14.44514456
2085,4,10.35755074,10.73880775,0.917101466,114.1990811,28.31756683,4.580690095,5.119220704,8.175821524,2.521027242,ssp585,0.518419667
2085,5,60.36394894,0.221637224,1.965373637,1.981591301,65.91656921,3.860243794,74.34543309,4.688174065,2.02462476,ssp585,57.78929177
2085,6,25.61407753,106.4182006,17.40786736,9.419642191,10.43101376,50.344141,57.31813767,35.93696859,35.44935822,ssp585,88.54649803
2085,7,97.88776949,206.4969701,137.5979987,120.8912466,52.427849,308.3047808,273.8542493,100.1851418,71.56679347,ssp585,285.7456186
2085,8,245.7589988,558.6993633,73.01743178,506.6259857,138.2798853,413.8743899,89.83132048,103.6101079,699.4281978,ssp585,166.9458532
2085,9,27.74854848,195.8386224,18.58292063,229.8118435,163.6368168,174.5440146,29.70339814,111.6671428,125.35824,ssp585,40.28338707
2085,10,5.039498676,100.4450676,0.829355256,0.185155228,3.514118031,0.615253427,43.61326605,21.60704481,19.65357402,ssp585,22.386698
2085,11,12.36814448,0.364704986,9.747051529,0.524246722,18.97961678,12.9091915,39.12626979,0.78238554,0.03888834,ssp585,3.79011208
2085,12,36.29737034,14.90058608,6.536839159,0.039981825,0.969624,0.011832628,38.40405871,22.43285697,15.39310444,ssp585,24.73849218
2086,1,9.90103347,0.666111358,23.84009143,11.43075383,3.103648935,0,0.400801894,7.080466581,0.030789,ssp585,31.64606235
2086,2,0.157115116,35.51572127,0.063284306,1.051054819,0.813836893,0.121079971,1.406757817,6.109976108,0.011007648,ssp585,1.899253996
2086,3,29.60762605,0.599063089,0.190609717,1.730621726,16.99562664,3.948218769,0.751586735,1.367830141,35.32823557,ssp585,1.086328225
2086,4,9.413812582,16.90226913,20.6563477,12.66498157,51.23921914,1.678562186,42.36556528,33.57144364,3.486249515,ssp585,0.629382103
2086,5,4.447009226,104.6556705,13.74068324,13.24303465,8.195372359,2.073897405,5.461456604,9.669190846,0.258637099,ssp585,88.28517726
2086,6,16.64836215,35.25728952,32.18038188,14.50634114,7.319059261,188.3787808,101.3912373,40.58732727,7.380861623,ssp585,13.17802071
2086,7,206.7792305,205.4211073,207.0965859,173.6342205,189.7523968,162.7866351,103.6313399,18.15066327,169.3967071,ssp585,134.6919929
2086,8,62.76972161,601.7894759,109.9692598,412.9341963,42.50684189,151.7042976,161.083944,14.39113148,774.3426158,ssp585,243.9523953
2086,9,40.40368471,161.1317844,67.85029843,398.029303,19.41268199,82.66501228,91.63132805,2.596562044,190.3360196,ssp585,12.70475594
2086,10,4.999929695,2.217842456,0.039287154,16.38622832,3.9239882,0.434134497,40.15832901,0.035933926,4.660228726,ssp585,29.5010714
2086,11,0.803514884,12.24591509,7.480657612,0.371437575,8.938313949,11.84537296,7.738762134,0.552022999,1.071021496,ssp585,65.03027322
2086,12,39.50955633,2.985900817,1.012105836,3.466205585,13.18430389,0.132791577,4.729010851,2.671227719,0.276967127,ssp585,9.603976482
2087,1,52.62480823,0.018729482,0.361753888,146.1422479,0.274422754,0.031329932,7.607789486,0.200835787,0.842146818,ssp585,7.10550208
2087,2,7.306397489,1.07E-07,0,4.994750198,0.809848648,0,4.550005541,0.875771546,2.180171434,ssp585,0.912566382
2087,3,12.31407735,0.847723067,0.067760051,0.084327054,1.22399438,18.94185192,1.128260719,0.184349978,0.380446967,ssp585,2.520857647
2087,4,11.27322623,19.70356964,7.855822546,17.28038149,8.400462501,5.60965664,11.54777267,51.47781856,27.81857049,ssp585,0.021851752
2087,5,9.921690751,51.16206169,24.88708095,10.46825175,80.99193166,0.685031986,83.10884163,92.09346158,51.13110422,ssp585,40.99188306
2087,6,40.56338147,120.4399841,35.61271054,4.862485035,9.381490297,35.39784858,54.1616079,80.48354323,30.16322767,ssp585,15.07323146
2087,7,143.7706711,209.3655948,150.5049799,14.61540639,66.45034365,68.78996804,468.2365081,180.8320619,220.1035002,ssp585,98.04875346
2087,8,581.0999385,692.0471621,61.43703949,247.7653053,59.96215301,160.0577615,299.4327187,153.3198529,599.8487994,ssp585,169.5358133
2087,9,5.664307903,232.5251224,14.53918271,98.91359638,6.715321694,33.83206878,48.01641731,3.801778613,231.6836423,ssp585,24.19244079
2087,10,2.16E-04,5.61068021,0.086085242,0.04141273,7.152375729,0.894719572,2.370522004,0.767105474,29.80892684,ssp585,17.22862595
2087,11,0.017253191,0.302154054,12.97245166,5.461993549,27.55862682,1.221486579,0.119296905,25.96779631,39.19036875,ssp585,3.307628463
2087,12,0.292726028,1.95924955,20.99975149,1.807592431,24.38477114,0.33276504,13.41011688,69.35057681,4.139452383,ssp585,4.733938319
2088,1,0,3.941922543,1.351783982,2.428517968,2.36433884,0.031373079,23.79185468,1.819882552,11.22933535,ssp585,12.69417379
2088,2,18.05094012,0.14889518,7.71E-04,6.469949861,8.678490514,0,3.204764477,0.184512166,0.059222772,ssp585,15.04065566
2088,3,23.85453331,0.002710046,2.713333295,1.588413363,2.362904292,2.792441241,3.834654266,17.27420799,3.109817401,ssp585,18.6542013
2088,4,0.225029437,0,13.79011686,14.66501299,2.288954353,25.80193887,76.2695996,9.788194867,2.870463245,ssp585,32.0026397
2088,5,10.40365053,1.676287874,10.47301626,0.129575894,23.70894785,5.16923369,73.67700597,86.49683833,2.88811447,ssp585,19.38197363
2088,6,43.47687398,58.95939486,20.40735039,4.791230551,60.30963098,14.73092416,13.27716142,35.49382384,26.38113623,ssp585,25.01809956
2088,7,239.6351325,390.2951425,145.2035208,438.1590307,143.1482815,248.0316299,90.1802853,32.850474,158.2852923,ssp585,431.5722769
2088,8,47.21494506,544.0314756,184.1642139,432.132143,98.60195593,217.9526924,326.4394527,296.3914736,627.7441765,ssp585,215.4719054
2088,9,14.57365969,288.5977631,50.99207444,90.66395418,17.81795664,48.65628737,124.9343744,91.74199774,215.9068929,ssp585,102.8061384
2088,10,1.415428336,76.93924573,2.844789347,0.053638885,2.172033275,0.316302123,3.935044101,2.944729095,0.118232339,ssp585,38.36092334
2088,11,37.33233344,2.410235212,0.518684914,1.09886566,8.242019449,13.11689681,9.030631664,0.003405553,2.79454616,ssp585,2.378716967
2088,12,19.23848554,0.464244962,2.100240212,6.737356801,15.08855214,15.41706151,4.161147804,5.563628748,1.776486596,ssp585,0.002337422
2089,1,72.1064065,0.136702711,0.650081671,2.892635923,6.776306847,0.526986126,9.509411717,1.153002034,0.00912195,ssp585,59.69642478
2089,2,4.278928377,0.016811393,0,0.726664981,0.040634886,0.107596868,1.723242183,0.017209321,0.038946101,ssp585,14.85429264
2089,3,17.50755945,2.599702665,2.032852359,36.6532393,0.101221549,7.079567201,4.54651392,9.817630078,0.395871594,ssp585,0.504173429
2089,4,0.446216497,7.611299763,27.48906336,8.362378045,13.74056267,10.01042346,16.71909,18.64638145,0.319957136,ssp585,21.62238614
2089,5,40.07509249,7.698756717,1.54278343,4.131629575,100.9157444,26.34056301,24.9295376,10.20126738,0.304821144,ssp585,0.407009571
2089,6,32.89801539,129.2436503,17.59196759,17.84986864,18.94812852,90.22704046,35.97645389,33.15069367,18.68355008,ssp585,5.44420869
2089,7,198.5378274,400.5175938,207.5990077,464.087115,4.259082432,418.4412015,278.9792427,82.85808016,15.69403805,ssp585,150.1969973
2089,8,160.6187231,500.2536592,42.17746573,227.5813301,534.038891,670.1294544,82.72613297,254.9450953,688.7023671,ssp585,116.5585378
2089,9,62.36513171,146.3052099,29.77741254,97.60611584,140.9628056,174.1545244,30.17423171,18.91879332,143.9045213,ssp585,78.60888547
2089,10,43.4718791,1.010153889,3.030628765,0.016841695,0.23762938,2.149814953,24.93229883,0.059700538,0.548001418,ssp585,7.774236544
2089,11,2.797817977,1.73896232,29.38495211,0.138596963,0.239778066,12.03594797,32.9303701,58.37885157,2.867333442,ssp585,45.81305784
2089,12,13.86436592,18.51789749,0.409974471,16.84591107,24.11588283,0.088414835,0.166186122,43.58081099,12.47127281,ssp585,35.59134245
2090,1,0.192407378,1.19025932,7.154873357,82.69872687,53.60634617,0.028657985,37.56458925,106.3777994,1.265840904,ssp585,60.61023529
2090,2,0,0.801320054,0.010137849,2.58516838,1.803837306,2.296353399,0.312200078,13.52792279,0.112944193,ssp585,70.6900624
2090,3,2.984247383,0.157341473,0.19328756,1.034553853,11.09908996,10.58618128,4.930281713,6.23567708,4.171700958,ssp585,10.99954705
2090,4,0.624256024,15.08372224,12.25585843,8.24535173,0.8266056,3.23551621,44.26953929,58.67871671,10.0621381,ssp585,130.4701264
2090,5,15.1862504,66.22497977,40.21328989,4.253713307,19.48757103,2.797079185,16.67525009,94.19269308,9.685257432,ssp585,70.83328074
2090,6,47.66960082,19.5701896,37.24504879,30.49992354,17.1713678,15.60579423,42.23474612,35.24807742,30.54955176,ssp585,31.47519089
2090,7,448.8297516,208.8418948,94.98407678,35.51728558,248.3934561,244.4942521,240.2145015,14.63764541,64.5390204,ssp585,169.1325327
2090,8,276.6972575,287.4787896,149.4554819,668.7726383,233.7761948,219.1009829,99.5580792,110.098729,326.8920239,ssp585,266.2849904
2090,9,91.58464217,147.1897319,60.64118765,126.9811319,32.40390971,162.9068347,41.17344169,56.43711984,68.33940703,ssp585,49.45578267
2090,10,0.483389664,8.499665294,0.503031791,0,0.521789399,0.90840335,5.674818533,0.038593426,9.078055529,ssp585,2.983684135
2090,11,13.22679958,19.64662775,2.204299924,0.606685449,19.6908803,7.983735621,0.067639549,67.81885807,23.051104,ssp585,63.51376507
2090,12,0.675266921,16.92097144,2.001495781,0.556960308,21.22420965,0.04336193,0.076513604,26.05739043,8.117864272,ssp585,169.2912197
2091,1,2.726315934,18.0478045,0.400740401,0.54906309,6.319267927,0.606175942,0.38330922,3.631774847,0.717521496,ssp585,25.7752604
2091,2,6.140709336,2.43E-04,0.00605806,0.031687494,1.110325508,0.259040817,0.686271524,2.962064081,22.68898413,ssp585,55.41709658
2091,3,0.268548918,0.032044475,3.666635797,6.424803232,0.364471578,3.637903059,7.035671121,12.98885959,9.098602704,ssp585,24.46280025
2091,4,9.382252469,47.82100085,2.321181445,3.81326191,4.013404853,13.51162669,14.0320322,20.9891435,32.64936448,ssp585,51.05428025
2091,5,30.40208535,21.09400691,2.441346234,22.80948355,14.11467984,16.75160276,3.731474568,24.38784696,6.744844617,ssp585,78.77873867
2091,6,9.515152623,113.6916919,67.09016187,10.49682123,88.84824281,62.0296932,69.2965142,136.9897604,23.98238012,ssp585,11.40477527
2091,7,104.1738491,170.9661204,249.4560238,1.80466249,38.17316081,282.7138803,90.59480052,123.2748341,71.59145624,ssp585,133.2420897
2091,8,452.1039055,705.2850837,104.3350319,471.5286542,50.31805166,179.3129286,404.3720933,116.9667236,224.7891542,ssp585,97.11178117
2091,9,70.36218551,510.1066537,39.84671801,153.5437457,4.049847789,143.3528102,34.07591728,17.29225055,29.57797557,ssp585,33.42196015
2091,10,18.84290963,125.6646694,1.971828009,55.97695166,0.051321054,0.241339272,0.246552493,0.492782502,2.333899522,ssp585,16.05835314
2091,11,6.90721925,20.8687933,24.96349577,0.041974636,2.042510745,13.27288273,0.040721498,49.88274754,0.255502993,ssp585,26.45009394
2091,12,0.74780344,8.916689026,8.54094722,12.55839886,21.61874799,3.240322286,0,15.68099426,7.674377177,ssp585,32.76186697
2092,1,3.364795794,26.51355671,1.058374074,0.52610324,3.02790297,0.004987234,1.295613311,14.18298121,4.26174044,ssp585,65.9423495
2092,2,0.020136225,5.871220492,0.003240778,0.552337302,5.647633901,1.071190907,0,0.759861399,0.008884555,ssp585,47.20517379
2092,3,0.294315183,0.072939192,4.644311399,17.33523565,3.865022326,1.867761091,0.060732913,2.32427615,0.029138157,ssp585,6.016260268
2092,4,22.97223367,0.14699937,29.35909503,42.19317858,3.653586322,5.571745765,31.45338272,11.61805745,18.22680068,ssp585,12.8879421
2092,5,14.98740302,0.044507159,1.851764975,20.02918749,42.45547384,19.1304719,5.129904392,8.361849841,5.188264382,ssp585,21.25448879
2092,6,28.67684683,69.16582934,36.81984798,8.191422453,3.205746317,55.7284359,6.948445852,79.86903286,25.70434964,ssp585,36.67911595
2092,7,38.66356146,803.489844,179.9753685,34.16504068,10.59991433,55.43431591,161.2204466,37.94278562,98.89926145,ssp585,35.61941133
2092,8,352.864404,1140.774419,112.0161207,144.9158916,139.8229032,173.0506262,260.0797552,93.50876039,717.9063175,ssp585,128.8880958
2092,9,55.64486774,332.9116616,175.8800028,48.54858103,32.75058177,77.4707212,129.770588,71.33682895,104.2811367,ssp585,32.06425851
2092,10,0.104774721,14.50557757,0.509535744,14.53276612,0.828455835,0.372544905,0.344125163,1.73070869,5.419038123,ssp585,77.16538224
2092,11,1.770349857,6.894130897,36.92502646,2.462269033,0.531934506,0.029883004,3.658059407,32.98577293,3.807026908,ssp585,19.94659215
2092,12,3.528288446,0.508855483,9.50571827,13.31364346,2.446736017,0,1.025826347,12.25698428,6.176000109,ssp585,0.007996881
2093,1,5.560879837,1.845761828,0.143346598,2.146992109,62.95096378,0,0.366335753,1.268073307,1.420790303,ssp585,1.218565084
2093,2,7.225327197,1.102641904,0,0.715448656,1.645830648,0.665967061,0.047410965,0.564954745,1.42E-04,ssp585,0
2093,3,0.119760283,0.784023964,1.489288779,0.199740612,0.109278973,7.615786294,53.67882695,6.61214563,3.226103306,ssp585,0.108639888
2093,4,4.385080515,0.174879913,9.66824667,12.39004515,0.002754706,3.985258974,75.3407991,77.61250687,18.8199579,ssp585,0.021715411
2093,5,41.49696744,12.66497079,9.699342688,3.525587068,42.25786544,3.679419881,14.94151972,29.15958899,1.465570602,ssp585,15.40501819
2093,6,32.52502396,148.3477957,20.27359968,22.48814823,17.40157172,100.2763789,27.1922824,25.53023055,10.27480136,ssp585,17.86291332
2093,7,164.6676632,546.4706978,79.89892439,238.6457769,25.91844522,150.8620979,204.9101242,108.3838515,288.811303,ssp585,187.1763908
2093,8,189.991581,429.9872941,135.5436929,452.1953693,10.48799605,565.6116514,163.5290838,80.15397287,600.7476593,ssp585,187.0812612
2093,9,19.03909972,107.7741191,69.31271142,100.0820505,90.35374103,206.2675964,39.69023498,16.25347502,273.96329,ssp585,106.8573805
2093,10,0.206442959,0.976385287,0.223703354,1.395578659,69.14109155,3.03543791,2.10213293,1.258365479,1.12203239,ssp585,9.252694095
2093,11,7.355675676,3.933621789,10.43155144,2.612830765,1.920552048,0.376755938,1.975036622,37.66082608,5.032645934,ssp585,65.51476089
2093,12,26.93176968,0.259125053,0.171748331,0.771219938,23.2878612,3.857510647,19.36851775,0.89953951,6.608106065,ssp585,0.184736754
2094,1,25.85653857,0.345899983,0.717536042,890.0594436,0.83317733,0.007424587,10.44137551,22.35834034,0.055870592,ssp585,8.212167202
2094,2,3.527965432,3.164323602,0,0,0.06798726,0.20379964,0.857687641,2.8628591,0.114544463,ssp585,1.356512608
2094,3,1.621774379,9.818955355,0.862960662,0,10.79590468,12.2370665,9.496173268,5.230900808,12.5686052,ssp585,0.168592222
2094,4,0.320114956,22.49773611,7.791127945,57.31498149,7.357087565,50.80057763,25.83742045,31.7747567,0.143358358,ssp585,2.711007413
2094,5,50.96915055,10.95168226,10.71564227,0.05650108,34.22627976,80.49561137,7.299157525,27.8208944,7.827806199,ssp585,0.510289769
2094,6,30.36289319,109.0913788,122.5579526,13.58270286,58.54843393,25.42279807,43.85199522,165.111423,18.13454581,ssp585,55.94095519
2094,7,142.2098928,490.2273674,189.1175177,221.8131487,36.01723428,119.4984785,321.1922057,31.64747485,358.2416533,ssp585,60.62286415
2094,8,277.4828198,458.4261215,181.460887,292.298821,173.6512497,406.8024359,151.535127,42.34340966,397.7187629,ssp585,190.2117619
2094,9,30.23948352,96.06821688,13.96340976,118.1928509,33.71427682,132.247645,31.87686975,25.0496234,95.19129274,ssp585,139.7751189
2094,10,38.76172864,31.26108437,0.027122385,5.53E-08,0.245438608,0.490436511,16.8093785,54.85764441,6.030645976,ssp585,9.132917585
2094,11,83.1323463,102.9607931,46.24883177,0.049930464,0.001066447,4.896887477,1.068886925,0.125120566,15.07277124,ssp585,23.82973244
2094,12,1.192641852,4.468073676,11.86306321,0.792571008,18.19683516,0.248258233,0.016356991,1.020871313,3.605260847,ssp585,18.18313291
2095,1,20.03855126,17.92656647,1.257012851,3.16623685,0.025675608,0,32.37676621,14.45239742,1.370606413,ssp585,5.526855056
2095,2,10.87887988,2.061657461,0.984439401,0,2.190021866,2.169369601,2.800181021,0.036185955,0.002681146,ssp585,1.107106944
2095,3,4.836083574,8.408763444,0.503203439,1.092480674,1.700766418,7.034161189,7.715765527,4.358860327,0.342724398,ssp585,39.85538308
2095,4,3.137524051,57.12534047,3.917077443,27.51555977,2.969731428,3.364551545,34.8237396,16.04546132,6.599091451,ssp585,8.948542494
2095,5,16.77672503,22.3770388,24.41789232,30.85652867,35.00312257,16.9920218,29.13185522,0.326148637,13.48893641,ssp585,5.30104799
2095,6,24.61861634,48.94320722,13.38072908,0.773256585,27.43486484,36.87883537,27.10080607,5.387450001,18.08253953,ssp585,43.61371812
2095,7,94.92838489,328.8586534,107.609725,25.25529497,29.063219,48.69770774,345.8173954,39.26434722,56.5425294,ssp585,198.8503544
2095,8,192.7452878,654.1835695,163.6345908,85.2254105,20.54908088,300.729157,217.2576263,198.3549065,562.7116147,ssp585,197.8110384
2095,9,91.06869449,339.5756506,54.88256609,39.30542682,3.625095708,18.35194038,81.90463847,46.24235747,90.1626501,ssp585,55.62175327
2095,10,8.704880124,63.17374631,0.18730441,2.156083981,20.77549153,2.396819281,0.153943475,4.907145307,11.31515228,ssp585,1.947745316
2095,11,6.813257292,0.873207717,3.389873193,0.384887722,5.063199233,0.238583282,0,8.819093833,19.27120813,ssp585,20.79082223
2095,12,4.809599627,0.273570957,2.0412408,0.098642807,5.687625055,0.021121152,0.342157969,0.376095422,6.217508569,ssp585,19.10862098
2096,1,2.824463787,16.91804512,1.439324365,21.82186944,206.0968457,0.29708574,0.331726622,0.080109546,0.383263225,ssp585,91.83025422
2096,2,0.558710887,0.199058065,4.59E-04,2.24E-05,9.75E-05,0,0,0.090093177,0.012877571,ssp585,2.862479241
2096,3,2.541347364,0.003726721,1.212644246,0.031383355,1.933657272,3.880763352,2.347347868,13.55430162,0.096282559,ssp585,48.49379225
2096,4,4.062585946,3.730129372,18.20664854,5.04402754,0.339393177,13.68253183,0.036720743,13.2281477,0.047471604,ssp585,16.90773926
2096,5,4.662297626,54.4805654,3.066404657,32.74849491,2.004142375,22.29541978,1.954463771,28.33043255,3.079292417,ssp585,46.92844855
2096,6,10.7139229,175.491907,31.63215345,3.78277712,4.870918193,24.83378029,70.20092597,44.52673111,8.519728616,ssp585,35.36449722
2096,7,102.7561074,236.6151896,247.4678715,225.1138465,23.02336756,46.18759598,138.5830604,71.74232685,63.75291418,ssp585,314.5015286
2096,8,66.93615385,740.942655,66.60247202,150.6004198,172.4173178,226.4325768,145.1007382,77.84601002,621.6998375,ssp585,298.4267234
2096,9,9.241145608,295.3396761,18.68411562,39.14680191,62.47187473,85.12805857,86.40378917,18.55495293,292.8964052,ssp585,102.1268554
2096,10,0.371458805,5.607698886,0.082030142,0.330709203,1.099422673,1.543619968,0.012569234,2.331493364,0.363016405,ssp585,32.12009193
2096,11,3.073519904,7.553311052,38.56167972,0.252133721,0.311446377,4.343115966,5.096233044,84.79620453,0.001448375,ssp585,6.617035534
2096,12,22.48809782,0.866084414,18.95894304,4.933753341,29.16358057,0.187959287,0.008903666,33.18099326,7.514534073,ssp585,12.89426984
2097,1,9.433737352,14.65724659,0.227644792,23.06489064,13.32826991,0.332433498,0.247123049,30.239616,11.04700815,ssp585,0.019566563
2097,2,43.71797507,0.160212081,0.029846707,7.278728608,1.776878012,0.849562079,6.444687129,1.79828629,0.261645579,ssp585,3.385288147
2097,3,12.65303794,0.038083272,5.575645805,0.733737619,0.015873652,5.887296797,5.77215836,9.230077787,0.118794293,ssp585,0.180912907
2097,4,1.27326713,0.185444478,37.53833139,62.53690578,21.16706161,17.40215571,18.59941405,8.818832025,2.225624481,ssp585,4.19963026
2097,5,1.660296969,10.00349352,0.917116494,8.612882649,3.718193537,2.065699002,0.914173454,124.3637522,26.07160854,ssp585,36.20691886
2097,6,30.73089432,44.51109463,50.28444118,7.319962496,0.344493158,56.15646138,37.57394375,226.9524623,41.92881603,ssp585,37.40851154
2097,7,306.5802363,770.9624975,77.14645478,195.4426683,106.1824525,95.77804465,250.2995271,117.5401808,588.0051944,ssp585,60.45463143
2097,8,234.5079201,688.2182443,155.6205305,367.0801726,626.5082937,401.4478142,280.3113183,53.65314478,495.0360087,ssp585,311.5709541
2097,9,17.31505683,305.458042,9.411289828,195.721426,31.36840425,247.5933585,43.50620595,96.28323113,191.5237682,ssp585,99.75904549
2097,10,0.526829484,16.57913385,2.061666416,0.007085666,0.435487643,1.757557483,7.732264876,0.587927863,42.41139684,ssp585,32.69095372
2097,11,6.531828697,0.109831893,0.712282683,0,6.893556202,9.53029869,5.84998119,2.804513674,0.353033148,ssp585,10.44669874
2097,12,5.46505904,0.001983033,9.488891507,0.151487282,13.88707836,0.084370263,7.428404647,3.994115584,11.43392811,ssp585,6.697737085
2098,1,0.959972823,2.433908067,5.395744489,7.595912407,10.37193422,0,0.001557431,22.21250633,12.10926663,ssp585,10.19777756
2098,2,1.296252925,2.458431817,0,7.363505712,2.638136391,0,90.84655829,0.016068016,0.237743864,ssp585,0.206120544
2098,3,7.03271092,0.088129236,0.555356141,1.573722554,0.012286945,0.228642998,12.55303933,0.234344889,7.860356928,ssp585,9.55E-05
2098,4,0.031342223,0.150575404,0.343583169,30.52680515,3.920282721,26.36941474,12.14262067,1.644843611,3.175427619,ssp585,3.683395368
2098,5,19.2909725,8.603848712,14.34985853,5.636528575,26.07868913,45.83983042,7.636432765,0.21544105,6.066957547,ssp585,10.7363717
2098,6,32.77268464,160.1506707,40.05649037,10.0736939,5.154512181,66.52537991,28.02136059,40.18823069,9.517231116,ssp585,8.567143675
2098,7,309.0912751,512.7121989,80.01882481,38.00537727,28.75802682,435.0237824,95.40316553,6.642572464,27.80684689,ssp585,119.2734542
2098,8,107.9449091,620.3593702,321.361403,271.5783405,104.80737,89.99059843,273.0051276,9.084871513,402.3449876,ssp585,23.57160552
2098,9,241.9858102,223.5627102,12.34555035,94.50428867,117.4844277,113.6558344,68.63172994,54.95809167,72.4818428,ssp585,102.1336741
2098,10,0.080537308,1.424430706,1.274484916,0.473211696,0.019422391,0.30886945,15.26367507,0.109307191,1.34918203,ssp585,0.067782445
2098,11,16.51452024,0.234151091,3.390705491,2.294790216,0.003143419,17.80978291,2.266645579,1.816328624,10.58677426,ssp585,0.008025588
2098,12,8.478955927,0.276206189,6.476863384,0.148169473,3.825558479,6.608702753,11.59840278,1.175460961,7.888672144,ssp585,2.148080396
2099,1,2.0976709,28.4770739,0.299629783,1.548174594,20.36900786,0.419892407,49.07557205,3.251370516,17.39988439,ssp585,0.001578765
2099,2,0.007146152,12.23080073,0.005700769,5.78E-04,33.00260873,0.016515946,16.85289839,0.087084677,0.00263038,ssp585,2.65E-06
2099,3,0.763150905,24.96247469,1.161584232,0.368267523,22.80745974,0.630242737,0.216821752,1.874147267,1.489735334,ssp585,0.632223284
2099,4,69.31205502,26.44659911,3.251307458,71.84907104,8.24046613,10.13626433,0.123697424,2.961868469,14.88549372,ssp585,3.500557467
2099,5,32.6040183,103.8954987,2.977843027,4.486586564,118.753513,5.354182095,0.619574209,2.506621439,6.501359286,ssp585,33.72289526
2099,6,22.43548405,56.65751143,27.97991058,3.960007857,50.38174117,94.18772761,6.419754664,21.50895641,6.00296289,ssp585,97.2330052
2099,7,507.0565464,223.1435351,115.0534914,233.3814334,194.477995,209.8946247,128.5845817,78.00898708,99.68326329,ssp585,129.4395856
2099,8,182.2957585,206.1547077,148.4976235,99.51753708,253.3406757,316.2815985,206.8950846,53.0403766,446.3285616,ssp585,129.3091482
2099,9,78.09481321,134.132451,36.27637619,50.18552201,40.38675085,47.47491663,18.92891807,152.9524728,152.7808788,ssp585,95.06870708
2099,10,4.495674881,36.24728453,0.222178108,0.004343138,17.82101594,0.789976901,2.516070538,6.200946389,4.711695658,ssp585,11.39899456
2099,11,57.62198096,17.32493837,0.204172311,7.660642754,7.99E-04,0.776820204,0.057232388,77.58709706,1.818279094,ssp585,16.21315469
2099,12,4.736094059,12.54477971,0.38922976,0.160682946,17.80696151,16.94227676,0.012507358,14.32701671,0.270576171,ssp585,77.31674907
2100,1,2.52574929,8.951426751,6.796296458,3.566204568,0.054156266,2.255742729,0.02113357,27.8321454,8.065910913,ssp585,183.1310298
2100,2,6.118120888,1.325901594,0,1.9614431,3.873900845,0.117399474,35.55457134,1.392180526,0,ssp585,14.71445781
2100,3,6.808724319,0.462944337,0.588500755,4.853537631,1.517588636,2.222658597,1.277041018,27.914558,0.012011984,ssp585,23.611778
2100,4,2.172282229,50.27029262,15.5479056,31.59361111,0.008121541,19.97608575,33.20979088,10.84111285,2.070375258,ssp585,41.32627161
2100,5,23.97026632,143.5349867,3.131586608,61.16289482,34.95295258,15.49480121,56.27457153,33.3785437,11.945331,ssp585,9.112362135
2100,6,26.26776042,41.39457284,38.27071979,1.26715678,4.768671183,55.12907438,78.52754863,103.9641191,23.32105414,ssp585,15.24257881
2100,7,220.8546419,551.2671789,113.1108753,45.48740968,37.39961009,121.9743301,36.50089093,301.9732278,92.86546655,ssp585,268.4950683
2100,8,116.1674687,786.1329476,124.4973432,207.5287545,171.1331978,103.2321549,360.4257445,120.105049,593.1104012,ssp585,314.3145449
2100,9,92.50269198,524.8756574,30.2059089,36.66726984,1.802152531,12.53231105,90.38939828,0.589983164,311.331676,ssp585,125.6090057
2100,10,0.43133179,107.9212823,0.46681944,0.33064323,32.33613979,4.411335843,47.05939631,38.34677018,19.90467631,ssp585,50.02331875
2100,11,18.28028062,0.005919362,1.392825378,5.912090789,50.12607802,21.36944855,15.05111901,44.62900475,33.48136756,ssp585,3.400580551
2100,12,0.357403144,7.515683971,20.44501659,4.760710147,22.40809811,1.412116421,52.90835206,44.40320889,2.740217561,ssp585,9.883138999
