Year,Month,BCC-CSM2-MR_mm,CHIRPS_mm,EC-Earth3_mm,FGOALS-g3_mm,GFDL-CM4_mm,GFDL-ESM4_mm,MIROC-ES2L_mm,MIROC6_mm,MRI-ESM2-0_mm,NESM3_mm,Scenario,TaiESM1_mm
2015,1,0.148680817,,0.287461958,2.46E-04,1.31690868,0.294434404,5.06E-05,0.018810779,0.125838061,0.28359579,ssp585,0.005484645
2015,2,0.187158934,,2.13E-04,0.10424758,0.021085756,0,0.005919727,0.004681276,0,0.09281619,ssp585,1.680519822
2015,3,21.49704873,,6.524974861,0.687995674,1.06711463,0.725702344,0.42544013,0.016556951,0.290851898,19.41060863,ssp585,7.36749366
2015,4,19.55820982,,20.943909,5.134946074,15.25537983,7.076042799,2.675886922,3.926151511,17.44585286,8.245572179,ssp585,27.46838312
2015,5,24.02242031,,40.76866925,4.269317979,9.637026287,5.97059796,2.389909863,6.787111237,29.58191694,9.427006695,ssp585,11.70015294
2015,6,41.65406448,,17.69121263,40.94766901,23.06912524,62.89680956,10.45627565,26.78114025,57.05485666,82.7013202,ssp585,67.18331658
2015,7,153.0159695,,154.7261201,103.9193432,86.55473503,158.5408871,128.0859274,224.4000782,31.45461173,196.8893049,ssp585,381.8336165
2015,8,106.5983499,,304.6228949,149.6642983,182.1638563,36.84181411,115.9617848,230.2825255,152.6502466,218.6963473,ssp585,166.546444
2015,9,78.99968388,,96.79067821,44.47113844,90.85109978,106.6847492,57.52511579,31.63142164,70.4492441,42.15578321,ssp585,48.89563553
2015,10,10.9650132,,2.23216822,2.575610544,0.38913869,0,5.484898827,0.75756893,45.96495928,1.514296955,ssp585,84.86651533
2015,11,16.24414641,,1.21500071,0.691101244,12.49268213,0.262879077,1.360525246,0.082574268,0.941593195,1.82049373,ssp585,36.4322308
2015,12,1.058062314,,0.173868162,0.231773533,8.501964319,0.476202017,7.78E-05,0.118319601,0.027141713,4.916952908,ssp585,18.80319966
2016,1,0.080024069,,0.906079457,1.88E-04,1.383833066,0.01433019,1.35E-05,0.003638441,2.148286485,0.271319059,ssp585,3.951666478
2016,2,1.15E-05,,5.69E-05,0,0.006244327,1.538963767,0.007093116,0,0.477594912,0.001622752,ssp585,2.81443118
2016,3,11.00578365,,0.821674241,6.550718135,0.264227696,0.824337179,1.44745088,0.049675699,0.819451472,0.003024656,ssp585,2.494543996
2016,4,24.13884828,,3.984920671,11.27306663,33.7740907,12.06539569,1.447075072,0.958028311,23.07030686,0.905084948,ssp585,53.79063655
2016,5,18.40653464,,6.656570499,12.89148206,13.6508232,14.99413703,5.935037445,30.59122957,13.43741742,7.401500875,ssp585,22.90760701
2016,6,27.74134798,,27.0208921,41.30969581,20.99635149,5.335004169,43.93079868,104.5351296,95.78327117,131.2591829,ssp585,72.17192797
2016,7,118.6170605,,222.1957339,95.63948222,167.9669524,41.49803848,177.7018848,135.6619594,25.60248682,73.38140731,ssp585,107.1924503
2016,8,207.9560396,,323.454488,216.4805089,133.1742927,68.2221,159.342488,103.6757599,77.22244044,390.4401965,ssp585,242.9171924
2016,9,79.45353031,,105.4619781,56.85962242,26.91338241,40.33742888,123.5920166,24.88324471,64.49260489,58.80781576,ssp585,38.13536695
2016,10,0.923501314,,4.125555032,3.040999245,0.442624764,6.616369543,13.29158746,0.850036833,6.992745345,13.29573718,ssp585,4.938465742
2016,11,4.569267613,,2.411125051,7.896847204,12.26345484,14.17551873,0.496775318,3.011494733,1.21E-04,0.145426927,ssp585,0.712556819
2016,12,4.922422531,,0.013089564,0.231960691,1.013977722,1.711588141,0.828543639,4.030830656,2.836870417,0.086003534,ssp585,0.409567379
2017,1,0.021385619,,1.737441799,0.004090883,1.340838099,0.320046469,6.86E-05,0.866419081,0.004836081,0.00164082,ssp585,0.070557966
2017,2,0.077425866,,1.68E-04,0,0.083270941,0.456520032,0.072189974,0.170081633,0.234333921,0.028829153,ssp585,0
2017,3,22.62710066,,3.679783006,0.661732316,0.845344672,2.012932045,10.26581355,0.023085316,0.981522482,0.188485218,ssp585,0.001625981
2017,4,9.358786088,,27.72061276,22.46095901,4.180715901,3.529177025,2.165062536,0.794206955,11.0993144,1.249051624,ssp585,1.197237892
2017,5,26.43891109,,11.45094636,14.61692107,19.91534967,1.760571063,1.829344932,16.83064899,18.48123565,9.889469186,ssp585,1.591626441
2017,6,116.052565,,123.3200144,43.73778068,46.15251711,12.64355804,29.26254965,10.00860213,72.21026121,29.02723321,ssp585,44.13841002
2017,7,212.0403413,,232.3644875,145.9912993,100.0362625,55.06539814,59.95128729,109.3978107,61.45161669,48.49555591,ssp585,101.0904498
2017,8,57.18113242,,57.82735269,161.2329132,133.6429973,144.9654448,267.3979178,217.2998368,193.4880463,231.0886514,ssp585,175.5371943
2017,9,106.7400184,,75.02233341,29.98571153,0.893899877,57.74943313,98.33898698,58.50755328,65.57612779,49.71061793,ssp585,97.86530349
2017,10,14.68392635,,3.296383217,2.28998592,1.282703698,1.230967359,1.230224358,0.410232547,56.34161544,13.71855263,ssp585,4.571107565
2017,11,6.199110942,,5.141358445,4.428786581,1.749548687,1.88E-04,2.498165296,0,1.438114949,14.18019277,ssp585,0.320467817
2017,12,0.08786142,,0.041087516,25.82528772,2.211113674,0,0.5010977,0.224123597,3.457785762,12.19255523,ssp585,0.261761618
2018,1,0.151825383,,0.037798753,0.002014092,0.742481674,1.057164453,0.136767053,0,0.1807762,3.290404997,ssp585,0.368483261
2018,2,2.00E-04,,1.74E-05,0,0.179336228,0,0.006768352,0,2.330182779,0.058229014,ssp585,3.210528866
2018,3,3.564577097,,2.41806093,4.860082473,6.990460655,2.628834762,1.953352808,4.123618087,6.128476487,1.448528444,ssp585,1.057141459
2018,4,1.175978804,,21.22582981,4.445873723,13.62693291,6.844128095,9.806049957,0.740733836,16.39876945,4.552220999,ssp585,0.693074265
2018,5,17.3471826,,62.72271514,14.20867564,1.079275917,1.780886237,14.42509154,0.423208414,102.6079984,10.69104369,ssp585,33.64601625
2018,6,73.16296817,,32.6263634,74.18594526,94.3831459,63.40101769,30.01914898,39.99754094,39.40534922,24.47590597,ssp585,37.78883217
2018,7,177.2701236,,60.58702097,55.96251632,108.3997275,102.4078644,235.552236,193.7973938,208.7791158,38.78981117,ssp585,111.6578978
2018,8,100.3560302,,308.7457777,103.3889896,121.303272,244.1303197,190.0622306,66.97975945,126.6276345,276.0632002,ssp585,100.8072648
2018,9,40.27260976,,107.5512876,17.88879627,48.66856407,36.77087646,78.45122294,6.310378848,36.94794008,91.8110641,ssp585,41.39789165
2018,10,3.904543974,,107.6213532,0.526611199,0.965560719,0.002913036,43.99643831,13.90551637,0.395605902,3.571543334,ssp585,10.4086466
2018,11,8.139692867,,23.86677326,1.431242537,0,0.781329891,0.145507816,1.517199061,8.441291709,0.018472439,ssp585,2.71E-06
2018,12,0.651962499,,0.088850132,1.658253618,1.656821434,0.808634461,0.864078302,0.014044059,2.111684445,1.37890469,ssp585,0.0019869
2019,1,0.297314933,,0.25837624,0.177905264,0.068855058,5.527485389,0.348599234,0.004114781,0.002713728,4.392497744,ssp585,5.007858885
2019,2,10.98564335,,0.014520525,1.69E-04,0.039273583,0.003666611,0.045277265,0.637324941,0.217568272,1.190916874,ssp585,0.004224954
2019,3,0.426587606,,0.545028517,0.170317494,1.20E-04,0.658720367,3.819996207,1.030172761,1.131038561,12.49878601,ssp585,0
2019,4,0.927966028,,33.28789484,6.273444494,2.197005726,5.312406378,18.96557328,5.710586297,8.579931937,29.53653644,ssp585,4.151198896
2019,5,3.813044532,,35.7402473,14.82907122,5.791777732,42.7636828,14.47617505,6.135293136,0.907054663,6.302986977,ssp585,2.043375213
2019,6,48.23890438,,56.30226327,27.19932767,68.89722148,51.51748702,128.5637978,48.97578027,62.04630744,45.17271541,ssp585,53.01720408
2019,7,286.121148,,139.9398084,164.4751344,22.45021859,65.67315522,252.4778863,100.0973758,53.36551339,200.7174085,ssp585,138.8338298
2019,8,252.607685,,225.8863027,283.7962124,245.2237932,31.11650462,246.5923392,120.9801469,198.8382972,219.7445126,ssp585,246.6211661
2019,9,103.8057823,,28.80468035,47.53837613,21.12242315,33.31212728,117.9935035,29.13302635,90.47047885,111.897571,ssp585,59.63266931
2019,10,0.008396312,,0,1.207904391,4.750814377,0.001959434,2.664840566,3.933102164,2.069791529,36.92340878,ssp585,30.86739537
2019,11,0.307227921,,0,1.174321681,2.966829397,4.544722427,0.044936697,0.033947249,4.86E-05,10.41857289,ssp585,21.36279898
2019,12,6.49E-04,,1.881553044,0.098581709,0.06025901,0.563076651,2.565864589,0.67794356,0.134632299,1.131710218,ssp585,0.868629068
2020,1,0.061459782,,0.527974419,0.058029738,0.158805451,0.054318738,1.596493754,0.026737288,0.167408914,0.038540326,ssp585,14.18302371
2020,2,2.11E-05,,1.718571735,0,0.012183359,0,0.028589324,1.88E-04,0.109073503,0.363806893,ssp585,0.166762654
2020,3,2.260484741,,0.69479026,1.418423687,0.642887142,0.387708411,4.378497905,0.429272809,3.316309182,26.19855331,ssp585,0.056967814
2020,4,16.71621979,,43.87368621,2.140578861,0.9587974,13.19462014,11.18832294,2.154856209,12.97371186,1.328215563,ssp585,4.850690674
2020,5,13.45186115,,31.20581648,11.01381749,58.96685243,26.61580307,12.4842361,13.34070395,30.62869223,8.952536989,ssp585,11.28387247
2020,6,61.59591404,,99.37071549,18.57297683,28.05569766,22.02169344,82.13495421,49.97852063,80.5271759,22.25511416,ssp585,43.55831587
2020,7,232.9795686,,101.7193185,240.0213376,283.9577243,113.7616486,217.0796986,202.0924806,110.646111,208.8821872,ssp585,170.9651524
2020,8,143.7244225,,190.2208773,72.60441102,131.2629214,171.2411066,117.33317,82.33966946,134.1244978,237.2750491,ssp585,158.7069102
2020,9,14.65005666,,118.6030033,60.49789526,22.97180363,45.49709644,15.23573408,11.94961217,73.20311493,65.24174433,ssp585,46.63581957
2020,10,17.64977777,,47.297987,9.905434489,0.002262788,2.600575309,0.615487049,20.02995923,40.61097346,28.24110717,ssp585,1.79E-04
2020,11,7.41559259,,111.2211278,5.480287775,0,2.676379239,0.134723037,0.495232813,12.68340113,0.517067447,ssp585,0.39229052
2020,12,4.041855978,,0.121815158,16.85453888,0,1.608878582,0.155438022,5.05127998,3.107113599,1.857662138,ssp585,0.828006017
2021,1,0.230572076,,0.074281167,0.056334587,0.01091413,0.013606107,0.096551354,0.028027054,2.919489998,0,ssp585,1.11E-04
2021,2,4.75E-04,,0.002146239,0,0.017022025,0.793073972,0.490457889,0.272972154,0.017523681,0.008023786,ssp585,0.14483418
2021,3,0.885343588,,0.234998061,1.704043421,18.9267485,2.973078583,0.212828125,0.002923179,0.900115691,0.354666051,ssp585,1.101214328
2021,4,5.946291563,,30.63962345,3.901074824,23.40416539,9.044259597,1.086137665,2.921242415,12.5436797,4.854144757,ssp585,14.87063332
2021,5,40.96134436,,6.977677816,5.111846079,23.95184837,93.60001151,19.85051026,51.32989193,13.10685567,92.77417093,ssp585,17.43038038
2021,6,11.96140662,,100.2857892,66.50590804,4.62323947,13.93313495,14.56021896,53.7498113,83.91231124,37.02551662,ssp585,20.86780834
2021,7,88.52904509,,113.3240459,156.6501642,82.9278912,126.4723832,113.4988298,202.4212946,196.1671399,226.5337276,ssp585,193.5328001
2021,8,43.67737061,,134.6385544,116.3640466,29.25617753,150.0668003,143.6116449,170.3025302,94.87731861,136.6744187,ssp585,202.049858
2021,9,23.24961506,,19.10030843,45.17121743,52.12008519,50.82665632,72.50822493,98.54824644,29.90690677,45.62975055,ssp585,58.95689326
2021,10,27.81947711,,61.81998859,4.612597468,53.07868731,1.754807535,1.772969884,0.02291093,5.137022147,13.35248835,ssp585,11.01557475
2021,11,31.10319176,,1.86657941,0.295019438,0.371400177,8.266153309,2.484116731,6.588861183,7.706041992,1.903873639,ssp585,0.531032603
2021,12,0.253445505,,3.837404289,0.642902313,0.644833447,2.416001906,4.81E-05,0.016377555,3.403275808,0,ssp585,0.297787492
2022,1,0.110840969,,0.191432135,0.067894552,1.529918307,0.14414543,2.40E-05,0.015684254,0.012866318,0.013835899,ssp585,0.179851164
2022,2,0,,0.205267689,0,0.066650618,0.337806754,0.002377341,3.526756498,0.690351779,0.066555886,ssp585,1.14E-04
2022,3,12.22399487,,1.205058923,0.837540253,4.2612103,3.534959748,1.77184836,13.00421979,4.825117137,0.067917228,ssp585,0.02799731
2022,4,63.21786206,,5.717734197,11.29690567,4.106912514,54.26323622,2.286500662,22.924134,11.34596209,38.96379888,ssp585,10.12374918
2022,5,41.8501325,,61.21378739,4.630538844,21.77472643,1.79016188,6.199362785,7.877633058,9.267901745,20.371525,ssp585,5.110467267
2022,6,90.61548637,,163.6996094,15.18630299,89.79430113,45.14044372,35.10877675,59.45910685,31.60971187,13.26064496,ssp585,28.36712227
2022,7,316.9156068,,278.8222691,380.4917987,32.00961655,82.23539305,197.6106202,164.6714481,25.62440112,222.3141067,ssp585,128.9000436
2022,8,117.9730597,,257.9607696,132.0490514,98.83900042,43.79806012,82.9902575,282.5741442,93.11779464,257.3547408,ssp585,241.1790124
2022,9,64.06865254,,81.89488449,32.36009533,10.42749946,42.94994361,71.09628756,64.53541091,98.27021113,73.84591324,ssp585,72.40543613
2022,10,3.796745719,,1.643663736,6.064096054,1.042340312,18.1996158,0.010740746,3.723722838,0.969176525,9.870303578,ssp585,7.214206614
2022,11,0.002522025,,0,2.040369998,0.490470695,0.480990514,0.033055702,0.00931039,4.08943077,0.172446233,ssp585,43.07313996
2022,12,0.938460744,,7.03076777,0.064285136,0.163638124,0.252457047,4.49E-05,0.019025655,0.540079874,0.361188792,ssp585,5.567926443
2023,1,0.070374766,,0.032201592,0.020230462,0.311377292,0.864810803,0.089017828,0.034793095,0.124950581,0.43729674,ssp585,0.366215833
2023,2,0.484803451,,0.115893764,0,0.008029059,6.33624491,0,0.085476497,0.112518256,0.008308624,ssp585,3.24E-05
2023,3,4.164596147,,0.299901275,0.329972595,7.74156602,1.158782473,3.28523647,2.105876245,2.055352654,13.84568504,ssp585,10.25686061
2023,4,5.820690354,,0.175034999,14.67100883,9.444592269,15.36919556,3.131721264,6.585415674,8.716050221,9.73E-04,ssp585,2.949173438
2023,5,7.567651867,,49.88476396,2.733035691,21.30742069,4.122872341,50.25464964,33.21683782,20.71358792,3.446852073,ssp585,8.365085063
2023,6,47.52425949,,63.92331105,28.10533296,66.06183515,127.4480305,37.02067165,14.40934636,139.3391762,43.92689329,ssp585,47.03085695
2023,7,184.6063178,,229.9661969,85.70567321,98.43211251,96.23606557,176.6805813,87.58356771,48.84983723,180.3246908,ssp585,124.6091248
2023,8,105.1150111,,275.91912,96.45050769,109.6589564,164.8825687,236.3464432,173.237202,128.8173346,265.1254689,ssp585,196.8397594
2023,9,136.5177061,,75.23413139,76.62594687,90.88245865,99.82962905,58.75983603,40.53243341,44.02541515,102.6659436,ssp585,118.4125997
2023,10,4.801206351,,2.072152366,27.99065834,2.178118474,10.38292299,0.044642208,0.377392238,0.555992635,0.693046384,ssp585,1.126453253
2023,11,4.264149154,,0.244162545,2.738528622,5.004951957,4.379989269,0.283048729,5.889654237,8.920460336,0.074382906,ssp585,0.012230105
2023,12,0.09492088,,2.656914257,0.037927916,0,0.386779371,7.53E-05,0.011660689,0.004766063,1.127284957,ssp585,0.019962809
2024,1,0.159087387,,0.072847981,0.417857365,0.125564812,0.139833287,0.741418766,0.055183281,0.040773177,0.006798917,ssp585,2.023662617
2024,2,0.064604912,,0.05459081,0.010737885,0.043837254,0.221457407,0,2.730064475,0.325653161,1.242602789,ssp585,0.049752134
2024,3,1.317850078,,0.310539431,4.586656463,0.941380723,0,0.60167243,2.854247591,2.876758555,1.334915878,ssp585,0.427992917
2024,4,0.568565571,,1.00500673,13.99960601,0.803648509,6.031892462,4.998309478,19.45982482,7.191054313,4.788881154,ssp585,7.7399719
2024,5,1.333220519,,6.900974815,45.73457492,21.43236233,1.845094013,2.030813494,61.72839118,50.94869344,10.39654332,ssp585,13.89843395
2024,6,31.51013431,,30.55264303,17.22994755,43.52713417,23.21421981,164.8484887,82.61662258,215.4029357,34.82477401,ssp585,110.3117022
2024,7,80.30061957,,135.7183524,189.8980989,160.1322182,92.15617505,132.6099728,116.5930928,12.71523996,91.26753523,ssp585,124.1520116
2024,8,101.7304737,,135.6156756,160.0165158,224.8406782,116.2609321,133.937279,117.9023009,63.3386824,254.2882439,ssp585,256.1500578
2024,9,29.18844615,,69.06428977,48.28159929,42.52851625,43.67277646,105.0621333,27.40591467,54.87822727,46.52232477,ssp585,103.9733973
2024,10,19.25259851,,7.256902134,0.849762251,11.5114609,2.12968934,2.724709983,15.1719371,9.41405713,2.585048065,ssp585,12.29552504
2024,11,28.11808995,,45.01089694,0.018746551,0.905781414,11.03163617,4.90E-05,0.005515262,1.604114792,0.627954229,ssp585,17.64101711
2024,12,0.21178319,,3.743254004,0.659071195,8.70E-04,0.715047694,1.90E-05,1.461072057,12.96857987,0.01916358,ssp585,0
2025,1,0.494584504,,0.540235306,2.95E-05,0.545594814,1.454261153,3.90E-06,1.682180134,4.212382096,1.263236291,ssp585,0.010598128
2025,2,0.01134475,,0.811981581,0,0.083067688,0.093398024,0,0.065744929,0.006384394,0.062575792,ssp585,0.12314729
2025,3,0.572861031,,0.598065297,2.754430371,2.563364798,0.166395395,0.225773101,0.025977815,12.82718924,4.068905854,ssp585,0.004328673
2025,4,4.141658302,,5.911625182,2.480639364,22.35982136,0.016335042,3.687395131,26.69919706,9.884807635,1.554587513,ssp585,0.634911188
2025,5,23.43874195,,50.6548169,1.063154005,19.22100988,32.77606583,25.31483133,51.73280651,35.36821297,0.674357744,ssp585,8.774566139
2025,6,17.15742204,,25.96403668,74.09373297,20.04337668,32.23523365,75.53493416,41.43372922,75.91341245,137.0723923,ssp585,35.63506811
2025,7,143.8497549,,207.5062224,200.6153158,176.296612,61.87620713,82.78489223,115.6751678,57.39646815,166.4653298,ssp585,241.8602219
2025,8,149.8687031,,250.3960189,133.6856079,72.5819231,116.4618542,141.1468923,93.71015657,125.2154194,270.265326,ssp585,262.4355676
2025,9,35.51138652,,99.26618476,51.37357124,76.3399431,82.67870808,63.32049603,19.25100888,61.98713831,56.69288018,ssp585,51.06349473
2025,10,0.136923066,,23.30908801,2.980308009,12.2305751,21.7834621,5.617071467,14.78625379,3.299442816,16.36492581,ssp585,7.261192911
2025,11,0.030363208,,26.8480187,5.580330036,0.092683041,16.83758688,2.374198124,12.23473864,0.062478619,23.81977225,ssp585,0.251570802
2025,12,0,,0.12106459,0.631139384,0.012549288,0.807467156,5.53E-05,1.889868183,0.015883943,3.64096298,ssp585,3.14E-04
2026,1,0,,0.642897046,2.41E-04,0.239002092,0.12609717,3.18E-06,0.245549866,0.121056256,0.001792613,ssp585,0
2026,2,0.542418417,,0.315725896,0.005258453,3.631806989,0,0.166679228,7.39E-04,0,0.017851757,ssp585,0.00114741
2026,3,1.972459646,,0.335529707,0.241789672,0.06781895,0,4.132309974,3.303028705,0.172479649,5.924402237,ssp585,0
2026,4,10.09136382,,9.671555808,12.61518233,1.752467416,7.756552017,26.64414131,9.706374201,7.947713491,7.496507406,ssp585,6.668455913
2026,5,16.43131734,,22.90096552,25.87201696,9.147481,30.23842919,3.338176198,4.151404825,16.26515035,7.206391173,ssp585,0.590039307
2026,6,75.9100528,,55.81155957,57.62614963,23.53819957,84.93192312,8.591598841,74.21225922,56.37566464,47.46326696,ssp585,84.76401009
2026,7,250.3389997,,122.2238032,260.9058801,104.4395839,86.12690099,80.86261327,260.0269732,63.31567894,167.7103634,ssp585,117.1659322
2026,8,60.71024472,,268.586186,188.469892,88.43489533,130.5724374,213.4696259,118.8317917,113.8674668,156.4661377,ssp585,209.0304076
2026,9,45.42521833,,144.8084156,66.5969956,52.31953403,19.06399854,141.2714465,106.483687,42.14900457,45.969613,ssp585,58.09259859
2026,10,19.22839387,,1.440506059,0.249484706,0.602488477,0.29463823,4.547337336,1.562450658,2.230213389,10.94133135,ssp585,35.67070563
2026,11,3.063180913,,1.047253457,0.269604569,2.391375482,0.053307965,0.013092072,0.080237042,0.382491027,2.045577528,ssp585,2.586436986
2026,12,7.71E-04,,0.003234713,1.155857209,0.108301635,0.019903195,1.43E-04,0.039348084,2.15E-07,0.436491986,ssp585,0.579777503
2027,1,0,,0.784312184,0.027003965,4.565220737,0.24480633,0.085850192,0.9506202,0.23003247,0,ssp585,0.073838847
2027,2,0,,3.681503581,0.062216471,1.008066199,0.002673603,0.333749091,0,0.30736603,0.02072811,ssp585,0.201856638
2027,3,0.081322537,,0.263589531,18.81211979,0.578799336,0,0.634851897,0.409248197,7.974061702,11.45071604,ssp585,0.145265849
2027,4,15.06378937,,1.307876632,3.659408194,32.4473045,2.965845018,4.251838328,1.766302496,3.625641382,4.866291676,ssp585,20.62843482
2027,5,7.805298441,,15.76622303,8.040901863,7.246362886,0.46029455,10.40986542,142.8872809,26.68401683,13.02837493,ssp585,3.396633917
2027,6,59.46475396,,9.66176389,45.60111359,37.65384341,116.4047743,35.42515333,17.63633297,27.45850753,4.113718148,ssp585,52.50918893
2027,7,126.3545185,,273.7712881,192.8577364,63.78288853,48.91017503,196.1734685,124.5882487,103.0082035,177.1409028,ssp585,68.01440863
2027,8,62.46902489,,319.8166565,80.48998063,351.5374983,124.8575914,186.7193013,151.3177729,88.68102145,294.2176366,ssp585,117.2364695
2027,9,102.7949132,,96.16678295,63.55567702,49.22042865,30.59215355,36.80487035,40.83227887,22.79501478,39.09766843,ssp585,91.4544866
2027,10,6.930751568,,14.14126128,18.41121249,0.632612554,0.207843686,0.587001156,3.747215766,2.013719621,39.87580342,ssp585,5.16E-04
2027,11,0,,0.834587385,0.302198577,0.118541567,1.26564869,1.026924858,0.187256771,2.260832601,7.133947325,ssp585,0.613136716
2027,12,0.352319393,,15.53815113,6.96779457,0.172421451,0.016466546,0.221804999,0.002012806,1.362357848,1.346877823,ssp585,1.098955335
2028,1,0.002834623,,0.142995664,0.255832631,1.28E-04,0.002764858,0.49701958,0,0.592502245,6.715126487,ssp585,0.558213355
2028,2,0.02864671,,0.18410728,7.88E-06,0.041094836,0.004430584,0.017108654,7.00E-05,1.20320845,0.002884972,ssp585,0.063084515
2028,3,20.01359355,,0.533195469,0.229504332,0.053022777,0.80331024,4.175020659,0.028990008,1.806210263,0.294941957,ssp585,13.90726762
2028,4,2.947576986,,3.766862561,3.189541716,12.80259733,10.35239177,6.460238969,8.073316228,2.278682891,5.125156516,ssp585,2.029615793
2028,5,20.62150511,,4.969500347,14.61465629,1.489630302,25.84281907,41.28430788,49.5694475,17.98841857,25.55166121,ssp585,8.133441084
2028,6,78.36391477,,77.55859822,30.79134282,4.980024724,39.3153672,30.36017459,20.75578363,154.527532,17.3392993,ssp585,60.40660844
2028,7,110.6945689,,156.2173386,168.1897251,57.16915489,135.2883047,58.41072946,199.1843316,79.8149058,231.9637379,ssp585,100.5961956
2028,8,128.6089555,,62.39538219,218.9877846,75.37206704,86.14923459,342.9101932,109.4196398,131.650208,312.1115644,ssp585,176.4741286
2028,9,44.42907455,,198.6521571,74.09775338,73.34433114,32.0300382,82.66041402,119.3314568,39.51172348,58.31284026,ssp585,56.39207623
2028,10,50.90333335,,38.05680627,3.08106316,92.954466,25.60540136,3.726108416,24.32316536,4.662901659,19.96136842,ssp585,0.11235991
2028,11,0.011867014,,0.5561518,0.010374699,6.080373002,12.00519333,0.105440772,0.491976132,0.810631095,5.500964381,ssp585,0.127796972
2028,12,2.501600218,,0.040835753,0.017435237,2.175466764,1.642031604,3.34E-05,0.466781587,0.258187879,1.258164795,ssp585,0.027044765
2029,1,0.040946851,,0.019250172,0.001866139,0.536549919,0.004591485,3.76E-06,1.039853074,0.001249793,0.003216444,ssp585,0.007715436
2029,2,0.42786291,,0.564809973,0,0,0.050000846,9.55E-04,0.463153361,0.567520982,0.004731272,ssp585,0.002824622
2029,3,0.001548912,,0.335376769,1.996352252,0.418184866,2.390197265,1.991561996,2.956310681,0.290697242,0.415074953,ssp585,0.009063875
2029,4,11.42781392,,6.215489508,1.56653287,12.23696413,16.3503204,2.285548838,1.292060314,11.8248939,8.127129264,ssp585,0.040791302
2029,5,3.439587788,,27.45845223,24.896865,18.01737029,35.18860744,8.992446484,38.73027619,7.263768523,1.707836221,ssp585,10.84898341
2029,6,62.14165155,,41.37223264,87.12360426,38.50076183,51.65471962,91.07965339,38.04026129,17.07062913,73.46754183,ssp585,19.04078277
2029,7,169.030922,,94.800925,204.8822272,15.47716525,72.58409711,167.6697954,164.190824,102.8395856,105.700558,ssp585,149.064486
2029,8,165.1394823,,241.6899877,151.8726018,109.7424538,176.517273,202.745366,165.8060161,46.34897653,195.4116555,ssp585,286.9763018
2029,9,29.93298095,,189.1020834,21.04197871,35.84634812,26.76343508,45.9101383,20.99401304,68.70893911,46.49740953,ssp585,61.9022926
2029,10,0.555383943,,79.56739311,0.94118291,0.043511096,0.227828543,6.595152846,46.6518968,6.09960047,20.05481893,ssp585,37.90438262
2029,11,0.253886407,,0.206593611,0.032741192,5.880849803,0.676615261,0.018059995,1.316540532,8.466172451,20.42566833,ssp585,0.271260247
2029,12,2.44854141,,1.553462624,0.139610918,0,0.050211219,1.33E-04,6.513415447,13.70499388,1.783954885,ssp585,0.0476408
2030,1,1.629011308,,0.154751291,0.029207747,0.470957892,5.655298866,3.90E-05,5.82E-04,17.24794686,1.217491208,ssp585,5.72E-04
2030,2,2.080184712,,0.012659998,0.087199615,3.7254558,0,0,0.015524244,0.157815618,7.94E-05,ssp585,0.032565922
2030,3,3.088611874,,0.06123223,1.245924657,3.650838274,0.974233978,7.60998933,2.532866717,5.752940176,0.671089064,ssp585,0.177580549
2030,4,4.331532337,,14.29431429,1.037672098,6.321476371,20.01960489,0.056120299,2.852977507,16.87063536,29.18375963,ssp585,1.080597372
2030,5,18.21110978,,43.59092183,19.99755344,53.62079155,22.73712152,15.45333136,57.2666921,6.356976878,36.81254211,ssp585,5.574228193
2030,6,57.67167444,,57.87221566,59.7772906,37.08621047,34.63161092,71.15347959,14.91899545,22.03236324,19.84316945,ssp585,37.94581033
2030,7,199.6769746,,301.7612853,165.2316713,117.8416726,104.8837711,150.8586126,311.7075871,42.71826505,182.3064144,ssp585,120.0464714
2030,8,107.6888629,,176.180649,164.622745,383.8846901,76.23766702,126.2183215,224.4004429,374.7460931,323.8930307,ssp585,110.3457758
2030,9,66.28501022,,214.4188731,33.96922488,41.429397,45.55550134,78.90469942,226.9992088,85.29741904,50.57628337,ssp585,56.32779282
2030,10,16.19146531,,9.8270913,2.779227147,0.337271752,19.81174045,0.564184338,5.950397928,0.947915703,43.59442719,ssp585,0.265619658
2030,11,2.671272871,,1.567267053,5.555573178,0.669551616,1.069610484,0.020655078,0,8.852477282,7.605009557,ssp585,6.812110013
2030,12,0.030666501,,0.332753498,1.32786148,2.407475567,1.00236123,3.32E-05,0,11.74539717,1.43002126,ssp585,1.87E-04
2031,1,0,,0.00467625,0.256447764,3.624124673,0.98769468,0.536181586,0,0,0.261636765,ssp585,2.82E-04
2031,2,0.366896876,,5.74E-06,0.057562149,2.89E-04,0.02592004,0.04910771,0,0.203275074,0.034062013,ssp585,8.43E-04
2031,3,1.181275891,,7.021697946,1.222951108,0.361326499,0,7.168830822,0.202195331,2.994116905,1.258329959,ssp585,0
2031,4,8.781818083,,4.494758183,2.773688828,11.03576945,18.05151909,24.06268023,1.857425259,26.22849104,3.303889626,ssp585,6.150503092
2031,5,28.63619413,,16.14547451,15.62153771,11.24288265,21.51876177,9.910629591,1.599940043,36.5594724,14.47057979,ssp585,2.67498107
2031,6,42.0549859,,65.34556656,61.69092941,189.9239687,54.4057382,10.11279395,70.66700859,45.8026698,27.95871804,ssp585,86.44093813
2031,7,18.7854762,,321.6431377,112.4641511,234.3010745,106.0653132,86.97119395,448.5684891,158.979296,44.50381529,ssp585,201.3053167
2031,8,134.2580088,,232.7334121,90.85752929,100.4464543,123.3797298,228.1467271,135.5869172,145.3817234,129.9366962,ssp585,242.6993319
2031,9,82.71960151,,56.76973392,37.67802849,144.213127,41.01395069,79.18165739,87.45477784,40.5769847,36.90380941,ssp585,52.80680312
2031,10,89.68093714,,1.945394553,4.384672531,33.35117407,34.03943026,12.55249709,1.320722914,43.77336174,4.541983098,ssp585,4.352483807
2031,11,6.03916937,,2.5202603,0.614422612,4.86E-04,0.172798071,0.028041484,0,7.398805272,1.018661033,ssp585,0.561991179
2031,12,4.064989748,,1.283601128,0.233231952,5.344947443,2.927033363,8.37E-05,0.022517894,0.960044111,3.910864493,ssp585,2.912868648
2032,1,0.490416262,,0.645521393,0.093312219,0.042517267,0.636704256,0.157137163,0,0.683586934,1.955268912,ssp585,0.663928666
2032,2,0.012398169,,0.931045568,0,0.031375823,0.226358876,0,0,0.008067801,0,ssp585,9.10773702
2032,3,10.62241022,,2.761728402,0,0.010156529,0.00624876,0.567618182,1.968612936,0.750749691,0,ssp585,1.39E-04
2032,4,2.688071536,,2.988264127,13.04097422,16.33371688,1.34037325,15.77705568,6.986477376,1.870142999,0.777869549,ssp585,2.288319943
2032,5,4.069867277,,15.35054908,17.13547231,14.24231359,73.76900808,6.747020208,113.9819732,33.28956079,8.022638943,ssp585,14.98190247
2032,6,23.49014225,,40.80099359,55.7747166,43.98433936,53.52817875,51.28090282,31.49578633,39.10880856,12.0665993,ssp585,46.43744352
2032,7,80.44065471,,165.1448684,215.9223664,67.48977131,134.9319987,197.6559473,238.7198761,94.83813116,184.6132028,ssp585,131.7938955
2032,8,157.97168,,214.3261768,181.0462494,232.453708,375.5473529,200.2387708,319.366885,111.3707046,301.9723296,ssp585,158.5666881
2032,9,38.73204982,,136.1084194,13.00803155,68.95978013,60.12399047,17.49135851,260.6904295,69.16258818,76.19487074,ssp585,26.72625105
2032,10,4.24204781,,0.351287064,0.47878295,5.970259291,0,5.346298892,39.16938521,53.76305711,23.88560316,ssp585,2.163054129
2032,11,0.185634782,,0.52970441,0.020842341,3.052498512,11.26190881,0.028312885,0.008375428,25.06690879,0.389192241,ssp585,3.924559389
2032,12,2.556431364,,0.308283407,5.78E-04,0.352352478,0.373435868,5.275469852,2.371539184,0.078006409,5.548060258,ssp585,7.656197707
2033,1,0.065416902,,0.011883218,0.023659833,23.84634531,66.84485975,9.13E-06,0.008928835,0.748913125,0.29407484,ssp585,0.260466697
2033,2,0,,0.181758312,0,0.216808602,0.008384027,6.09E-06,0.260060014,0.114610893,0.002889924,ssp585,0.270314695
2033,3,2.62265708,,4.488373562,0.149221739,1.907662818,0,1.60353758,5.8345259,0.780336683,0.009666885,ssp585,19.43105352
2033,4,26.91963923,,0.912014769,1.808219074,2.226019731,8.381129753,12.56322323,3.601183166,2.399213271,10.42404474,ssp585,48.34700405
2033,5,1.29861485,,3.775582315,7.634596712,5.480198975,116.7461024,17.65595593,30.57473017,1.268395754,0.394764197,ssp585,31.31117423
2033,6,51.57477533,,97.97785336,78.86395169,35.61080974,36.2168886,99.88794325,5.068082163,67.20366925,23.24710396,ssp585,93.69005447
2033,7,249.9916295,,160.4361243,233.1104164,158.8366796,53.28412429,142.6546628,178.0128865,144.4318689,158.1831706,ssp585,158.4361833
2033,8,334.9342552,,221.3583036,290.765216,57.5680436,239.2060064,215.669279,431.6060364,285.5407394,233.3010257,ssp585,113.3656953
2033,9,88.29089867,,70.61892495,134.640362,66.72779235,65.96205963,46.42965573,92.59943647,60.15818481,28.90627357,ssp585,92.47703916
2033,10,4.366568888,,94.00415064,0.434793169,0.245848507,0,9.452041753,3.018879089,4.799745451,0.604917013,ssp585,5.138125624
2033,11,8.344677102,,1.234651061,0.090055309,0,0,3.06E-04,0.863735184,0.806011919,4.37704484,ssp585,2.836985046
2033,12,22.5955696,,0.220402177,0.008534051,0.011386542,0.699272121,3.171317959,0.044554412,0.288882338,0.453937997,ssp585,4.247712916
2034,1,1.434287587,,3.561067671,1.93E-04,0.013852976,0.035830978,1.75E-05,0.008442033,0.408001778,0.146062916,ssp585,5.680405598
2034,2,1.790257671,,0.020552619,8.83E-06,0.508659794,0.015205421,0.026441018,0.444447769,0.008614863,0.149606635,ssp585,4.544304896
2034,3,0.856557835,,0.040504732,0.531411187,0.520323325,0,0.939411603,0.451758483,5.224594976,2.111503089,ssp585,12.29108172
2034,4,21.99572317,,2.437353182,4.306270227,10.89798344,6.254244098,16.04948689,8.196748217,4.796246163,1.398205833,ssp585,25.59427889
2034,5,17.12987979,,22.06917146,18.95638004,1.251607136,8.852747748,4.220257994,0.683655339,13.90969224,8.508699492,ssp585,9.868012148
2034,6,39.80178666,,61.13371839,34.73632543,6.6003979,45.97496854,84.13978041,171.0775739,78.54484748,69.04524724,ssp585,39.78122966
2034,7,129.1524082,,115.7660709,149.5486127,191.6834326,194.3919854,169.0712049,173.4361491,13.09834363,121.3766269,ssp585,210.5555909
2034,8,113.9638923,,214.9279675,65.97860353,59.2213263,329.3688299,217.3675882,169.663338,291.8769783,220.6357924,ssp585,187.7170125
2034,9,35.63995288,,99.01093347,51.66456348,78.39777004,97.31541266,55.49217312,87.08173756,104.5499344,186.4748214,ssp585,100.2812883
2034,10,7.063518021,,4.128264402,1.111199374,1.966491722,21.75387758,0.376196904,26.37668887,2.092074668,50.18394568,ssp585,23.66812807
2034,11,108.0360871,,0.013547217,9.149818746,23.79555466,32.93899685,2.793941794,0.035824852,16.0526818,11.18129197,ssp585,9.685371576
2034,12,0,,0.707187774,0.799555232,0.007503431,0.339324694,1.73E-04,22.49289778,3.947108285,1.417554984,ssp585,0.027655769
2035,1,0.028062229,,2.462235185,0.394655867,0.004414084,0.019319314,0.222224426,0.005087606,3.990474056,0,ssp585,0.098658956
2035,2,5.740632015,,0.354207695,0.161630685,0,0.001362029,0.082777898,0.111577221,1.92E-04,0,ssp585,0.012517072
2035,3,8.504905163,,0.206079815,1.573932808,3.371564325,1.078861616,2.946692563,4.754317819,4.282351325,2.380669849,ssp585,0.001146041
2035,4,7.943978027,,1.235889978,5.480693425,1.995329108,21.97214088,0.400687654,14.30920979,16.48806685,4.608903805,ssp585,0.701113754
2035,5,17.17131682,,27.74747422,13.54760588,19.81376973,6.422770492,52.61432048,12.62328294,33.06734074,4.949319598,ssp585,18.25190512
2035,6,54.69238801,,80.55589988,24.49286856,53.55570984,9.670267448,54.77279516,58.12362213,45.67219503,38.11317358,ssp585,39.23686804
2035,7,51.04125486,,174.8366071,181.0821525,100.1100372,22.71926253,204.2399055,96.42572327,17.03463651,121.2598724,ssp585,300.2528419
2035,8,99.39924508,,198.4216089,121.8999666,72.02101909,30.29273083,182.6974334,242.8427902,141.2243881,147.3143546,ssp585,222.2021061
2035,9,94.44272669,,111.6888266,38.72257536,155.9164014,40.29582863,129.6940022,19.32207814,126.2807446,103.5946711,ssp585,54.38370605
2035,10,5.679806809,,95.13960394,0.238125196,2.31064287,1.9223249,53.49410865,16.18372688,7.874837666,26.2849357,ssp585,93.46451034
2035,11,1.565841547,,7.456754755,13.09348791,14.91020666,7.908241581,0.339933159,38.93181859,16.68293868,1.676174384,ssp585,8.216714147
2035,12,0.108288903,,12.45956423,0.111617415,0.773235373,1.177387737,0.772611384,0.22303705,0.092323775,0.512672884,ssp585,0.272559537
2036,1,0.78210925,,0.193337253,0.25674218,0.015038173,0.577320138,0.009515766,0.111872851,0.714997093,0.199705699,ssp585,0
2036,2,0.432524632,,1.917027656,0.038186892,0.004384058,0.005123635,0,5.785858026,0.280797641,3.322506334,ssp585,0.00132475
2036,3,0.35766297,,2.008977524,3.529902667,0.431152838,0.765772903,6.019649514,1.417371968,2.777249524,0.060246278,ssp585,0
2036,4,3.190834395,,0.929769851,2.741218304,45.9975115,23.17638399,2.738973442,3.920655285,7.091555316,52.54067226,ssp585,4.275562028
2036,5,10.38500517,,10.70996574,11.54722015,16.02275855,69.21767489,38.54906834,27.90602362,33.11245873,20.58622589,ssp585,12.18765843
2036,6,45.79336785,,41.78896623,25.03612895,29.17851107,62.28000467,202.4846239,64.70151647,26.92276588,3.159578947,ssp585,19.81502798
2036,7,165.9362346,,172.0912737,138.5506513,214.1943935,171.0583567,183.873241,304.8732425,21.00623098,137.6278632,ssp585,213.5669637
2036,8,109.0342504,,227.7017016,121.3317789,202.8724454,43.4606265,238.6620946,163.2431125,126.1510878,283.3233228,ssp585,246.2286365
2036,9,109.8303212,,193.077623,35.21029023,77.4228945,39.67689627,228.5308599,75.66016145,36.25304896,79.14400668,ssp585,111.5599797
2036,10,15.88378274,,3.303225838,0.654412487,4.221493418,10.42935158,9.861610416,6.236956955,26.65405122,34.96281772,ssp585,2.342477225
2036,11,24.02195846,,0.045915018,1.38307895,17.61898357,7.989357027,2.86E-05,0,0.040027854,1.851975184,ssp585,1.825545707
2036,12,2.317715173,,0.08349963,0.485933512,1.526412511,0.931829392,0.192093392,0,0.70759583,0.320034927,ssp585,0.023657815
2037,1,1.052088057,,0.25014867,7.48E-05,0.010536916,1.334519815,2.30E-05,0,12.27529669,0,ssp585,0
2037,2,0.519635239,,0.005896709,0,0.177077406,0.002860454,0.033819461,0.673626958,0.55215202,0.021553494,ssp585,0.029875866
2037,3,2.190101329,,1.37734176,2.189062216,0,0.753511914,5.697397333,1.27409678,2.928721911,4.031938053,ssp585,10.80696044
2037,4,8.823546787,,0,8.768502841,12.62550247,10.17846259,2.140446522,6.445029746,4.476322325,2.736874225,ssp585,0.350247077
2037,5,38.4659178,,9.765026014,5.809006706,37.06373953,13.57769517,87.44386904,7.267975563,23.47257213,24.58975547,ssp585,6.4894267
2037,6,123.2361988,,26.34125427,68.81048435,39.11118497,108.032056,35.95499582,29.64805866,176.5909131,52.08612969,ssp585,44.43148017
2037,7,146.9733728,,62.2350683,96.55184752,103.5113364,134.3831383,237.1854951,309.3757937,24.55536315,327.2913338,ssp585,238.6211013
2037,8,226.819316,,224.691938,136.7482798,107.4114665,112.0701091,317.8034169,619.036336,87.99725212,335.8381325,ssp585,204.5253956
2037,9,65.33577155,,165.4692898,62.5843113,40.69430477,73.92454647,50.02262502,107.6464422,93.14676595,33.5055723,ssp585,72.32177831
2037,10,37.00589951,,37.96223785,23.5535622,32.23209598,0.306037958,8.085201287,4.14314198,23.95242877,9.843533399,ssp585,98.47475937
2037,11,0.021909814,,24.9593509,1.762664206,0.795107094,2.636990107,2.60E-05,9.391732092,11.1562159,3.133648667,ssp585,0.245922785
2037,12,0.081443687,,0.028407456,1.286810921,0.030742412,0.516517712,7.748172153,2.182460644,24.21823824,7.581749664,ssp585,0.170896236
2038,1,0.092035247,,0.217938781,0.106862128,0.114390256,0.190217361,0.116983375,0,1.085930194,0.060252473,ssp585,0.017565474
2038,2,0.114532133,,0.012695775,0,2.16205846,9.07E-06,0.001476347,0.010713271,0.110373855,0.9297649,ssp585,0.006641869
2038,3,0.17130709,,5.642985818,4.327689172,5.984000338,0.296785592,2.58374418,0.017159583,7.939982775,22.70140311,ssp585,0.12602271
2038,4,2.758807251,,7.143810612,11.63032853,16.75418678,12.16502768,4.33492029,8.936304685,16.7045787,1.78049518,ssp585,3.676923589
2038,5,20.54008374,,3.237079878,1.506275255,26.87569094,38.94043794,20.45127652,9.9691194,36.83204668,11.33473506,ssp585,3.280295307
2038,6,67.88218824,,58.07483821,18.92288756,89.94647261,17.2593967,73.15777424,10.97457683,90.60286484,9.89567027,ssp585,31.12716853
2038,7,139.2922295,,274.2358669,97.59895178,91.09660201,47.2371169,356.1756231,211.3323721,191.3121614,225.1508452,ssp585,273.2077513
2038,8,198.6240078,,249.7220136,258.3413449,96.37833479,275.2873764,297.5413584,50.60423393,208.4286917,232.9547161,ssp585,263.3391585
2038,9,50.72884065,,149.780233,67.02623539,52.83803091,103.7489317,95.31932677,18.86966763,35.94685702,59.26635822,ssp585,116.7025387
2038,10,1.273229194,,8.771597258,7.960932304,35.35194591,18.6585352,2.522872373,2.046579828,6.547020426,9.132573477,ssp585,15.4875198
2038,11,21.6500823,,1.868764134,0.674073717,8.910204688,6.922584114,1.958195909,1.990767485,15.53123036,1.260390102,ssp585,3.298256373
2038,12,2.750706583,,0.903714125,1.407611763,1.872693496,3.464490536,5.81E-06,0,9.853620063,0.661325923,ssp585,4.779277864
2039,1,0.027254657,,1.634045195,0.329220464,5.251016028,6.280386031,0.019178282,0,0.753787236,0.71123037,ssp585,0.947927678
2039,2,0.136786324,,0.1810375,0,1.31E-05,0.393355229,0,0.004841578,0.235530511,0.032969675,ssp585,7.842368907
2039,3,0.113231511,,0.188496482,0.062620686,0.996768789,0.413556825,1.430636283,0.931815101,0.557921916,0.276617207,ssp585,4.996185557
2039,4,6.160546216,,10.90089775,0.881785928,7.801198185,6.804269655,12.82276337,10.41320143,3.71424294,4.404302608,ssp585,63.63761317
2039,5,2.743191218,,8.123300992,39.46151396,59.61498706,13.20425856,63.32010867,44.40093058,48.84628952,7.814306637,ssp585,10.55544995
2039,6,36.60181364,,6.686197253,27.58314613,18.70406495,18.61657093,15.86849411,14.24104332,121.0063916,26.50327452,ssp585,59.35837627
2039,7,215.8895437,,105.6285455,131.4253197,40.26244531,128.1111749,219.9170605,107.2518768,214.4969894,69.31105013,ssp585,162.3783581
2039,8,133.5201674,,301.1188472,242.1238124,468.4365855,82.86393981,92.11048091,194.5442287,124.1353493,211.0927063,ssp585,146.0119528
2039,9,56.51879607,,129.6193816,132.2785162,14.61715789,32.2630181,30.69800388,49.1854709,42.62753577,42.68367537,ssp585,25.9074456
2039,10,4.585790758,,33.45198398,3.664215895,46.00387412,33.2499071,9.775226183,29.6939052,2.838530738,18.72152824,ssp585,0.043806789
2039,11,0.140613613,,0.554863979,0.422960578,0.010595065,5.591945403,3.58E-05,4.823867836,2.09511749,5.048101957,ssp585,2.402655853
2039,12,0.496634214,,0.30068616,0.012835299,0.853115405,1.26811101,0.755711135,11.36293245,0.014779236,13.77123155,ssp585,0.716796239
2040,1,0.879121256,,0.176168413,0.014479387,0.061227517,0.192411705,0.598524635,1.29489864,0.086641112,1.940913372,ssp585,0.237172995
2040,2,0.02462344,,6.06E-07,0.002802713,0.086032607,0.275958509,0,0.692649129,1.664589892,0.037460705,ssp585,0.059432257
2040,3,25.70991336,,0.153552361,1.009150385,1.422798262,38.10552854,2.365174463,16.43651523,0.244427675,1.058711685,ssp585,12.53582133
2040,4,0.548178312,,2.506560886,2.00333415,54.1786722,7.174368903,11.53647762,23.0211413,8.130790866,3.092876896,ssp585,3.86306906
2040,5,3.378671713,,24.55411219,1.032804626,3.808241382,25.82126328,23.83002907,20.98179898,41.60659563,3.762274059,ssp585,24.07314472
2040,6,46.28274115,,88.70939946,52.12013653,9.296195234,6.848997532,202.3189752,35.76463493,63.70871228,27.70373813,ssp585,33.86088804
2040,7,126.8964517,,284.2020378,273.9590043,225.5385835,71.83328385,171.4332873,288.3948198,49.94767454,349.0823942,ssp585,105.2228698
2040,8,141.4170081,,112.4870296,120.9463516,101.854542,81.70661188,99.34877047,142.0420619,206.0889663,379.0466949,ssp585,201.5269626
2040,9,49.67910037,,49.94116691,83.213697,75.27779143,8.723807717,35.22976001,24.93317383,62.58516194,80.34987592,ssp585,86.92135223
2040,10,6.876927289,,96.37922289,2.377388073,2.880106957,2.356727029,9.893689592,112.3137373,17.67044324,22.95576139,ssp585,0.549063979
2040,11,0.578661037,,13.09095394,0.194914806,0.148950087,6.185011622,23.3087936,4.417780336,12.05288198,4.571313248,ssp585,0.289449803
2040,12,8.019464398,,0.788947456,0.018390587,0.054460526,0.126905722,0.267565553,0.899618046,0.934708749,1.538387666,ssp585,0.703088317
2041,1,0.154781815,,1.256825851,0.026326808,0.003007556,0.008420412,0.021109457,0,0.20549286,0.729919808,ssp585,0.990113819
2041,2,2.025926973,,3.560050272,0,0.188483134,0.95469836,0.012170378,0,0.320506014,2.057257717,ssp585,2.465637459
2041,3,11.19051551,,3.296862308,0,10.91712004,0.165936645,2.57956366,0.685939475,1.204560587,4.446962141,ssp585,12.94440978
2041,4,1.922101147,,5.6913916,2.595654319,39.90480306,2.076470791,2.51042922,10.08213759,10.17120789,6.44394121,ssp585,39.14417616
2041,5,17.64360552,,24.6554663,4.379616578,32.53235913,2.597058923,1.576104235,32.3995675,80.66857744,53.27265868,ssp585,15.8154332
2041,6,54.52737647,,53.09284737,58.33730864,49.3756097,24.0090428,70.81015396,28.41424278,58.75785882,29.70622762,ssp585,34.0343874
2041,7,86.32456908,,258.1208606,66.76205383,17.92125152,51.90822474,240.7882739,283.3254197,144.0970114,227.2819227,ssp585,157.6728362
2041,8,146.7903614,,255.2443589,136.6563383,29.50788681,143.7430633,343.3805021,491.408904,52.61477728,237.0851538,ssp585,344.5311046
2041,9,65.57036888,,229.5257419,72.3362383,85.77522405,44.95669886,44.147889,101.673558,72.70890301,89.19430792,ssp585,168.2736225
2041,10,13.52660301,,10.14132135,3.179329584,46.00188845,18.08843943,0.182926679,0.00885859,4.848207333,23.95004866,ssp585,0.006013195
2041,11,22.74975755,,3.535885708,2.245824341,49.6260533,0.188580861,13.07248772,0.031290568,0.072850195,19.2999909,ssp585,7.96117852
2041,12,1.588975961,,0.359099565,12.05868464,5.049860213,0.020598611,6.920512305,0.078243033,6.310250092,2.666063405,ssp585,9.609513828
2042,1,0.37641211,,0.189662356,0.676427118,1.599490815,0.00380907,1.178435342,0,1.882682382,0.442417948,ssp585,1.102050006
2042,2,0.720218073,,6.15E-04,0,0.01814137,0,0,0.014554437,0.320249265,0.006815291,ssp585,0.410786579
2042,3,3.72E-04,,0.701961478,0.279429445,0.042474896,1.096618929,0,8.51E-04,0.492267385,1.872419632,ssp585,0.008009012
2042,4,10.72765695,,0.002490067,3.715209655,0.815442427,0.578151614,1.801845125,28.68997563,21.98712334,19.37866126,ssp585,0.014192048
2042,5,36.33014893,,6.811070997,12.49016853,19.62101257,1.603616226,15.01632338,58.42549959,39.06107556,9.658625232,ssp585,0.532206901
2042,6,19.80003255,,155.9643092,33.89512206,10.50944356,33.68455654,46.62823236,5.664316431,73.96646041,21.36763786,ssp585,56.35321465
2042,7,37.55989438,,449.8052065,163.8574544,97.65606793,79.5123074,231.1992747,144.5207462,80.09811975,24.55568827,ssp585,26.67645317
2042,8,123.8743704,,172.3079118,141.802507,166.4782463,31.63594911,446.674669,230.8883451,174.8315687,183.8060771,ssp585,160.283009
2042,9,72.78126396,,91.38818081,124.7067548,48.0997314,93.61529509,290.9315322,59.75751575,73.57105188,66.02264667,ssp585,68.5354872
2042,10,2.769016493,,6.900289185,8.508536623,1.001768408,0.192477242,0.203822893,1.025533954,0.642448738,26.21334572,ssp585,30.40517436
2042,11,0.005268086,,0.137111126,0.550405705,0,17.66269183,0.013424234,1.56424343,11.41967338,5.082195387,ssp585,0.309157796
2042,12,2.518019631,,0.507526137,5.194811252,3.32E-05,0,0.00198475,0.071126372,0.565520875,1.416950814,ssp585,0.009747708
2043,1,0.292757785,,0,0.057029032,0.634232532,0.482457588,0.041903991,0.01047084,1.45E-04,1.231828456,ssp585,3.82E-05
2043,2,1.733294267,,0.001017701,0,0.012172373,0.62962802,0.055562409,7.58E-07,0.008332901,0.009222254,ssp585,0
2043,3,2.337745038,,1.95411459,3.421680704,0.101723008,0.163806221,1.729342025,0.071006462,0.065048813,0.567099049,ssp585,0.025666057
2043,4,13.90811705,,12.67514247,11.74502393,11.33490999,5.900443967,4.240710807,2.052889234,4.486025471,6.504039434,ssp585,10.29146381
2043,5,28.34023696,,71.22012294,6.634741367,38.02529961,9.076992891,40.52599071,15.14901408,46.74914267,34.54872468,ssp585,2.3858295
2043,6,37.75494365,,80.91348367,14.03464098,15.2619373,57.25436154,97.11716567,5.022647215,61.60837607,31.63606316,ssp585,35.07000662
2043,7,235.1022449,,128.8909685,277.956878,102.792284,87.49779755,275.8832457,81.53023288,108.2971346,223.6987142,ssp585,149.2069288
2043,8,306.5060473,,335.4136184,277.8472442,165.4683849,83.16457792,185.6446071,157.3852584,76.34328664,370.3105468,ssp585,227.9739886
2043,9,108.1634606,,168.8401413,36.59758542,21.31846942,34.7317362,32.74105246,33.28962993,121.7609044,63.89199986,ssp585,74.32351396
2043,10,0.004906651,,7.826721155,20.96785483,4.503912825,3.023426046,1.575643847,1.574849535,10.2973284,5.562145252,ssp585,3.284941857
2043,11,1.06273164,,2.330822375,6.12648045,9.7453442,0.824749899,1.05E-04,0.558156387,0.473296378,0.445243358,ssp585,0.006548933
2043,12,0.670978824,,0.208079958,0.069307431,0.708724431,1.182368328,3.96380217,1.518725776,1.825939593,1.863875022,ssp585,6.360256431
2044,1,0.019761319,,0.053609346,0.016228354,1.444255793,0.331630473,0.119707585,1.225667583,0.058649134,0.096831781,ssp585,0.035603801
2044,2,0.937901762,,0.554893424,2.25E-05,0,0.392598023,0.152570546,5.57906657,0.061656124,0.002756412,ssp585,3.39974029
2044,3,0.111349251,,0.008561195,0.854154539,0.097882192,0.181470046,4.430392269,0.680318263,0.293710659,0.07167793,ssp585,26.49096736
2044,4,15.68846294,,10.8487088,8.17534799,0.593066603,13.47516486,3.821939032,11.11355261,5.302684245,0.017028246,ssp585,45.86086644
2044,5,3.235624253,,25.81460485,2.715062836,20.09448129,12.07262594,14.7423294,47.13392218,66.60856173,0.292080591,ssp585,1.790957331
2044,6,19.66553345,,246.4944748,39.32278014,59.93912385,74.95074711,73.96841888,85.65202887,55.77506203,21.09975644,ssp585,107.2767373
2044,7,248.7570416,,173.0584245,231.0900772,62.22643531,91.22243709,243.7533447,235.9704816,97.42243599,86.10054718,ssp585,112.2555196
2044,8,154.2982804,,283.4230216,198.1455508,45.70251727,98.09341159,104.3566815,123.5523007,77.76984174,388.2765265,ssp585,196.6231199
2044,9,136.6425335,,60.13853404,30.32566439,75.07515612,13.45756081,167.2192963,180.8976455,66.83312909,70.31097089,ssp585,118.026496
2044,10,3.422340498,,3.53836002,13.02679608,2.003128057,0.143513286,21.91164853,2.803571245,5.643480381,22.67258608,ssp585,53.64667109
2044,11,0.280923493,,2.741598317,2.881365195,41.65404497,0.527640184,0.464206849,14.92578609,2.808858763,1.779659785,ssp585,7.30103562
2044,12,7.076163074,,0,0.016245105,0.003488859,0.424114131,0.354896426,9.731561688,9.566037385,0.225313326,ssp585,4.748589884
2045,1,0.048258983,,0.061926818,0.018698712,3.910396026,0.08785667,1.17E-05,0.011671199,0.263653442,0.04478863,ssp585,3.261437789
2045,2,0,,3.48E-04,0.002053044,0.247965889,0.01340505,0,0.271607141,4.15E-04,0.293609652,ssp585,2.37E-04
2045,3,1.336026379,,1.068264382,0.250024968,1.714287478,0.983934584,1.176261185,5.389859415,0.335018054,2.750904177,ssp585,0.470910147
2045,4,18.71402814,,6.438149723,8.969201656,22.93201822,3.947483123,3.640857823,6.633967611,1.91891128,2.452524911,ssp585,2.455606506
2045,5,40.3760233,,2.405742364,7.24238461,3.806507236,51.72534447,6.816288121,41.84522822,9.953866425,9.243645262,ssp585,49.41324359
2045,6,26.68479723,,174.3825975,25.43772624,71.82097953,118.342186,57.46159522,116.5841218,62.08609429,27.42712264,ssp585,56.14762164
2045,7,127.5517549,,89.334426,164.7842074,131.5948536,340.3656272,176.3527834,193.4545911,95.24804492,127.2307849,ssp585,249.0842712
2045,8,189.5878842,,176.3304278,161.5487198,37.64378194,43.87915278,166.4477167,171.3210059,163.8075174,179.0884815,ssp585,216.5873708
2045,9,101.2040769,,45.3672236,58.85532584,74.81435545,25.39752352,143.0246541,27.87254244,65.6841229,35.28867545,ssp585,38.74986022
2045,10,0.14854964,,0.850846394,2.095035562,64.40225273,4.830949386,2.146747686,51.11166907,4.788076353,1.843816245,ssp585,17.89537916
2045,11,9.232602277,,0.135143124,0.338532597,1.61E-04,0.575332884,1.067824672,5.506235437,9.319016091,2.922471885,ssp585,7.391688099
2045,12,5.138524425,,0,3.847602453,0.404628252,2.244793947,0.484594995,2.955005713,6.750358257,2.640000668,ssp585,2.248499408
2046,1,1.11555512,,2.891295518,0.043039842,1.22193187,1.309636861,0,0.037464077,0,0.19187736,ssp585,0
2046,2,3.783230398,,0,2.16E-04,0.245439132,0.100211306,0,0.002265446,0,0,ssp585,0.123186662
2046,3,0.847623065,,0.751707667,2.340779562,14.11483667,0,1.2747981,0.521544821,0.042338627,10.28186256,ssp585,0.012266988
2046,4,23.83075304,,11.18565549,1.478521415,9.270081761,19.40918703,0.91111073,8.454761388,2.372124203,33.82364878,ssp585,4.413978103
2046,5,9.794330416,,8.916542646,8.285168043,11.57697746,18.46628596,18.5715879,21.86768611,14.23991867,63.24675151,ssp585,11.47903574
2046,6,33.14364701,,64.24861747,65.36052744,21.52451492,5.833268942,111.8791012,53.99183145,21.79584158,25.18059885,ssp585,68.57767974
2046,7,310.8829917,,243.601848,52.79023688,161.6560233,101.8006471,123.3522154,87.50254309,133.3686869,158.2611974,ssp585,174.7207149
2046,8,90.20314725,,172.6927716,154.0925941,171.3608131,47.72564774,542.6517927,345.5292067,79.80950584,407.8934205,ssp585,239.9724032
2046,9,113.9381589,,63.55741674,57.13050339,62.53277418,58.89712134,119.1696199,109.8297425,288.004467,91.72995821,ssp585,51.03933538
2046,10,13.66633676,,68.72762609,9.855261512,10.98471183,1.384032256,25.0848255,0.043170611,35.25819842,4.338092086,ssp585,98.61528328
2046,11,2.147107298,,7.896114915,0.473930759,4.041083695,0.458403032,0.292237293,0.395895255,7.583839349,2.887168267,ssp585,10.55218426
2046,12,0.023188255,,1.136186528,0.505614979,8.767345507,3.720653215,0.029795267,0.947351846,0.398435996,2.285607038,ssp585,3.323792379
2047,1,0.128834145,,0.610642085,1.53E-04,0.098123098,0.0869004,3.82E-05,0.142749153,1.593900196,0.986943503,ssp585,0.001595077
2047,2,0,,0.125017847,0.079729379,0.013930247,0.031064243,0,0.015585536,0.007180612,0,ssp585,0.037584363
2047,3,0.754873258,,1.245080058,0.821008855,0.576901641,0.006726408,0.80614914,0.966784647,3.22E-06,0.398152801,ssp585,0
2047,4,0.027117994,,15.26881795,2.108690307,42.54017859,4.068420568,1.197691795,6.032350475,17.21290562,2.594477494,ssp585,3.247540993
2047,5,14.83234353,,13.59311507,2.407126876,34.51484665,17.69098289,0.870904905,37.46601433,20.66850078,3.834227161,ssp585,0.174987782
2047,6,47.90729702,,16.53757437,35.99420421,66.91314407,41.84829763,13.37013302,136.6994896,142.929164,54.44447737,ssp585,41.39503597
2047,7,204.7618042,,348.5305946,95.20915718,137.4213325,44.94562586,191.7252631,176.9995091,192.6856829,273.5437439,ssp585,159.5646741
2047,8,272.7505583,,375.3665066,123.603754,236.2694178,111.3166671,301.3603366,403.9352068,134.9868822,207.6328034,ssp585,169.6600849
2047,9,28.77343271,,214.0478747,39.19545528,73.21056455,58.85203974,26.04112288,122.4894438,103.5807299,100.5605685,ssp585,31.88246839
2047,10,2.101177317,,121.3499848,1.992173435,0.009587718,20.33789659,1.930340846,0.078530106,0.77223764,6.789024008,ssp585,0.200171574
2047,11,0.038935358,,47.7558222,5.268757739,0.036623496,63.65644088,0.175213232,3.999715564,0.910597202,0.731296839,ssp585,11.02414662
2047,12,0.02414762,,0.307017629,3.56E-04,2.295191644,0.695288601,3.091629774,0.737033344,0.281094236,4.818059127,ssp585,1.412668863
2048,1,0.083189575,,4.33E-04,0.046373472,0.366222776,0.99339279,1.66E-05,0.012035784,0.248633641,4.545456289,ssp585,0.275050038
2048,2,0.016889688,,0.044124335,5.93E-06,0.026959555,0.001399481,0.003654803,6.78E-05,0.188314099,0.002349071,ssp585,0.260714404
2048,3,0.527622336,,1.63346307,13.90751856,0.062434456,14.35175522,1.926908166,7.181368688,1.71700032,0.318730934,ssp585,1.026923078
2048,4,7.226426807,,0.091094888,10.14332692,4.597142609,13.31051509,6.341781696,8.33521926,27.18695912,0,ssp585,36.13222034
2048,5,13.08599924,,1.732902273,2.342145133,0.82042185,29.4326178,9.424511397,52.17515636,8.812779137,6.979193477,ssp585,44.19983947
2048,6,77.91216846,,90.12877946,41.94233771,34.80831386,90.56012719,83.30255125,71.26759325,48.89573563,9.299174405,ssp585,99.75353501
2048,7,160.4494174,,185.6281447,141.2148102,135.6398154,50.96644884,380.9375264,268.5978857,158.0813634,225.3176291,ssp585,153.4803871
2048,8,135.1884738,,250.4038183,204.831973,278.1960058,70.95127992,288.0364901,65.91110248,68.54428889,413.1765631,ssp585,178.042905
2048,9,45.00173713,,132.0392827,66.10353286,92.62924176,25.08867646,132.7956331,40.10333886,51.24324274,49.35507249,ssp585,77.30710594
2048,10,23.065506,,3.447536852,0.312239666,26.0345091,5.269317101,4.326586646,2.953816419,6.59793699,17.77256752,ssp585,5.764407217
2048,11,5.221897681,,0.273416435,0.228950598,0.642814041,4.913238412,4.090588635,3.139650903,0,1.100526078,ssp585,0.429920241
2048,12,0.102583271,,0.527414208,0.379459137,0.066817881,0.589943092,0,0.076902251,0.006964236,6.70E-05,ssp585,2.438300519
2049,1,0.199718538,,0.17561621,2.83E-05,0.048439346,0.149271668,4.21E-05,0,7.17E-04,0,ssp585,0.905490431
2049,2,0.196934685,,0,0,1.213092881,2.75493541,0,0.144018498,0,1.544727509,ssp585,5.083902497
2049,3,3.487485357,,0.038873294,0,0.353251976,0,0.041212855,8.663345642,0.568062435,18.49552934,ssp585,9.164041054
2049,4,4.924007863,,5.404984558,28.90203776,4.853431592,8.934371288,4.908389066,27.85203408,20.64836675,25.23945194,ssp585,53.6395467
2049,5,23.09177104,,17.26267153,5.880555666,18.83558133,9.783748539,4.928886867,18.12416072,16.65821694,9.806710095,ssp585,59.33484724
2049,6,43.49604978,,222.9403785,28.19360179,37.66883472,65.46438257,22.75471187,27.23438842,52.53368131,119.2536335,ssp585,148.7214168
2049,7,72.25704853,,297.4953529,61.13461925,139.1512278,183.9210205,228.9145162,237.467383,51.65297321,138.744004,ssp585,70.30513588
2049,8,67.85308194,,220.2253038,53.72825233,50.96997887,314.918248,176.1870424,122.9330562,89.83676991,121.8634455,ssp585,250.4571573
2049,9,67.28914901,,124.0459654,54.90153084,81.3971358,28.20614892,86.29788463,104.4424801,67.19988566,80.78129207,ssp585,72.97669459
2049,10,0.3884637,,2.542971179,3.744439461,0.002192393,1.704830533,6.489474224,3.779890939,20.46830661,15.20929584,ssp585,6.42804438
2049,11,19.94368014,,1.853628855,1.883291587,0.29071517,18.55371515,0.7036715,0.205281166,10.8597261,2.376179323,ssp585,0.037489589
2049,12,2.855720235,,0,3.541729834,4.366301988,0.081915249,5.988635292,0.070832297,13.58366923,3.345563506,ssp585,0.001443017
2050,1,0.47044322,,0.00117903,3.23E-04,0.814422855,0.009362629,0.024755429,0.081149441,47.98608377,0.062265164,ssp585,0.05210154
2050,2,3.1027224,,0.034703544,0,0.695674961,0.0514293,0,5.991243814,0.39636505,0.269027415,ssp585,0.020561299
2050,3,8.029982828,,0.241031919,1.181365178,0.090166466,0.066973407,4.331244549,0.193831572,2.16568643,1.065538266,ssp585,6.30E-04
2050,4,2.832148892,,4.441367894,8.781237386,11.92335034,0,7.892127778,7.537219968,2.893113418,0,ssp585,14.99310521
2050,5,19.35421472,,70.66418506,21.03958609,31.70562785,7.076058351,7.511773819,2.190484763,72.87340201,1.982519407,ssp585,38.65349528
2050,6,77.86887692,,114.5484792,64.9536166,24.0154314,41.14656996,55.98821627,75.05981007,95.48458833,17.91629697,ssp585,19.69102258
2050,7,73.13203695,,267.5439198,143.5826561,70.79888446,85.44770677,243.7231079,70.64194772,33.38457574,121.0420822,ssp585,169.938584
2050,8,243.2620335,,170.5651406,139.4121262,175.7055343,249.1852949,178.4404481,120.923976,317.8428936,410.2167774,ssp585,325.8358842
2050,9,84.61430855,,134.038194,31.20080564,59.55894767,36.46116172,81.28880443,26.14797271,72.31874663,88.92481157,ssp585,202.8242233
2050,10,2.321876274,,33.71362669,3.602126842,2.059216328,0.025058474,1.677946188,22.62147166,0.902946333,14.1784498,ssp585,128.1594204
2050,11,22.76045333,,103.3946168,0.887117413,1.336573937,0.014299912,1.862205003,1.919082259,0.381850603,0.00412313,ssp585,0.026750718
2050,12,6.358381754,,5.66082062,6.28E-04,1.806053618,0.045652478,0.049440007,2.323747832,0.658309856,0.760686303,ssp585,0.435174211
2051,1,0.161380011,,6.22E-05,0.219694812,1.533302699,0.030961231,1.29E-05,6.190013496,0.196760319,0.029426967,ssp585,5.12E-04
2051,2,0.626870705,,1.085077732,0,0,0,0.094245042,1.483907933,0,0.001647321,ssp585,0.005236781
2051,3,7.974332572,,1.31296325,0.01399693,0.074916125,0.502796826,1.359185184,1.112647715,0.101168145,0,ssp585,4.78E-04
2051,4,27.37485576,,6.015734796,3.455799666,17.66114613,0.432381794,20.14025054,6.139900462,3.539882799,4.165054427,ssp585,0
2051,5,29.21766763,,22.7853388,2.966151916,15.65825466,19.15020415,5.536163228,22.16878524,6.56217767,27.68291389,ssp585,3.110295174
2051,6,42.51525111,,7.542487288,49.83069332,7.64262046,31.57117448,93.55088673,12.90374397,30.12502585,86.83689178,ssp585,33.79931688
2051,7,105.7501462,,338.6610096,173.7551343,34.87637582,183.5156038,166.3406555,627.6011552,213.8484848,269.8542485,ssp585,173.9558591
2051,8,159.6890453,,275.6710324,144.4472187,119.4429003,61.17515282,163.7899528,404.7126008,205.7983085,270.0632408,ssp585,49.35967828
2051,9,28.643059,,33.7237945,44.08820767,106.1434549,24.41649988,89.97248241,36.57038697,78.18949122,139.4951483,ssp585,80.69177715
2051,10,9.176737133,,43.37067735,1.377995095,93.77231023,61.09790215,0.183222557,0.015555223,3.423186844,11.49082776,ssp585,1.215241361
2051,11,0.977093048,,38.73606093,2.15E-04,17.67672955,0.063190416,1.66642261,0.924373806,0.802931474,9.514131529,ssp585,5.368769887
2051,12,0.003431406,,0.001155235,1.274754848,2.431183639,1.315265062,0.051652924,0.098087648,1.643300336,8.530357295,ssp585,0.810545101
2052,1,0.101072464,,0.303435238,0.028154378,0.060724802,0.643611247,0.065951617,0,0.04294108,0.152237805,ssp585,0
2052,2,0.008461679,,0.075400355,2.17E-04,1.851682621,0.812692414,0.161501477,0,0.041472666,0.134117296,ssp585,0.005172819
2052,3,9.51E-05,,0.164103463,0.475066937,0.357860102,0,3.229953157,5.663983969,0.11596984,1.705069691,ssp585,0
2052,4,1.26250999,,29.68468384,3.592385127,29.22808967,0.028254513,2.779377771,2.056864084,3.363185394,6.034540105,ssp585,13.58646286
2052,5,20.99765949,,40.74063256,22.63819023,64.04920992,46.42512393,12.0348403,30.85122985,30.13504525,29.47784462,ssp585,20.65092605
2052,6,154.7319129,,41.58811325,59.70284813,28.29772344,59.31984376,60.36493788,5.782913052,37.29218462,31.8888301,ssp585,66.64738488
2052,7,127.0792327,,247.4834171,180.3888986,202.3121761,25.77076827,295.7393281,240.7377292,16.00545347,99.6631776,ssp585,156.7612265
2052,8,180.7519983,,178.5274769,139.1048872,223.4680651,238.3202502,185.5575343,214.4522809,74.90674381,254.427323,ssp585,137.4499398
2052,9,27.5285357,,160.9835688,22.12183053,74.8312129,13.49643907,46.9843535,244.4571155,56.35906114,36.26842248,ssp585,68.62383361
2052,10,2.502916829,,45.93545939,0.474321492,1.819567381,0.278510267,1.966981595,6.060122633,16.44009658,3.133548843,ssp585,3.170134947
2052,11,0.905760829,,0.954213682,0.229313421,4.047336287,0.027058714,0.505165879,0,0.228396726,4.710897011,ssp585,0.820551659
2052,12,0.365239177,,2.90E-05,0.342609736,0.828926952,0.833131357,0.600195448,2.169716891,2.474040291,1.49383304,ssp585,2.226961069
2053,1,6.81E-04,,1.602906417,0.050559301,4.765689867,37.87536053,1.68E-06,0.770253447,0.222525049,0.346687657,ssp585,0.517549129
2053,2,0.165985943,,0.194784241,0,0.237102892,0,0,0,0.152183869,2.74E-04,ssp585,0.031678431
2053,3,4.671516896,,0.761933003,7.516305956,11.41321221,0.971202022,0.960669781,1.608043324,15.9908607,0,ssp585,11.21403887
2053,4,11.65732268,,2.395707663,6.626568338,21.54403592,1.34280603,2.183062063,7.238522639,7.715255345,11.12110917,ssp585,7.618474223
2053,5,21.21450248,,3.269645944,7.683501836,6.953650766,38.39988622,2.018737443,34.3117221,98.54097792,18.23549792,ssp585,22.16170465
2053,6,92.52879331,,83.65995268,24.47653309,31.31464779,31.23466206,23.18612683,55.64281341,70.27496167,8.247746289,ssp585,101.6769241
2053,7,56.21929757,,243.2251254,178.2784217,190.9599045,9.579622037,133.4420751,177.7240414,257.2311034,30.01722677,ssp585,365.615657
2053,8,154.6462721,,204.7951042,215.0104305,93.95548012,24.31345383,171.4238713,224.8421475,136.5645628,223.2446865,ssp585,171.2992002
2053,9,69.17110675,,46.96060817,39.7660342,68.74738074,41.49966318,50.75378871,83.36824861,67.19620689,65.25485491,ssp585,74.68337625
2053,10,10.79114169,,0.978344297,8.584908522,2.14770203,0.193942137,3.056799994,1.038845361,1.848240966,11.13066171,ssp585,0.072243496
2053,11,2.220050484,,2.920482636,4.0737606,2.552534278,2.823862406,1.070130506,0.003959751,0.074171455,0.573886075,ssp585,0.003738741
2053,12,5.244591576,,5.623021248,2.209651416,0.669919879,1.832895453,1.02E-05,3.849998422,1.635790617,0.709485834,ssp585,3.031563265
2054,1,0.004118039,,0.041918977,0.011262444,0.261806435,1.105749984,0.415810676,1.690398733,0.038087889,0.301135268,ssp585,0.925927973
2054,2,3.492187078,,0.343105639,0.009538996,0.04308636,1.086784988,0.079367816,0,0,0.303846199,ssp585,0.096652771
2054,3,0.244270126,,1.29804293,1.845203863,0.685893057,0.00427445,0.475694662,7.836421572,1.278959612,0.822369501,ssp585,7.484948917
2054,4,8.31642795,,3.443765838,8.565600748,25.50201902,24.68123508,16.43655507,60.65465228,2.777519638,0.296719608,ssp585,16.73246189
2054,5,34.1003661,,37.63781593,3.735479821,8.208614815,28.19731004,8.320953062,2.353271672,40.83616801,35.50147491,ssp585,69.25851669
2054,6,43.99513296,,166.3965152,45.90193642,17.57845055,13.43707525,144.4511689,39.55158203,39.5013286,32.8131207,ssp585,69.1962072
2054,7,75.0558748,,288.2829495,44.74339265,55.85939031,22.75912257,224.4528008,143.1081008,89.34983405,138.5962143,ssp585,366.0823456
2054,8,205.420138,,167.1634183,166.2102201,136.7682716,60.66334159,118.3624241,297.2499716,54.65691675,254.4641874,ssp585,178.5138769
2054,9,32.28220045,,140.9981558,8.768315949,78.35792499,42.14295569,54.91679339,85.38150199,73.03497192,63.14163733,ssp585,108.3109421
2054,10,163.37493,,6.055816015,7.545379539,1.977205659,4.129099502,6.36217475,1.285044527,59.85348684,12.80409034,ssp585,23.71084461
2054,11,3.404203115,,1.72E-05,3.75E-04,6.026167361,0.912317875,0.645336598,0.483452477,18.16317265,6.044336794,ssp585,0.10441232
2054,12,0.003491595,,0,0.007936686,1.274836372,0.168427354,4.735252385,0.00309395,8.723824599,7.05E-04,ssp585,0.795844657
2055,1,2.70E-05,,0.028652863,1.06E-04,4.157074066,0.78608855,0.13368452,0.650336754,0.194133461,0.069783963,ssp585,0.650507945
2055,2,0.087274494,,0.147504961,1.09E-05,0.254637976,0.013806429,0,7.905430714,0.133930509,0.001947559,ssp585,0.006401665
2055,3,1.865285056,,2.966783397,1.699083627,2.847860612,0,0.526744942,8.777103665,0.937435292,0,ssp585,4.295945691
2055,4,8.919876044,,11.64835036,22.02588484,3.825399145,25.64578525,11.24184908,2.903182813,26.23355474,3.263187542,ssp585,33.9462668
2055,5,8.627044356,,42.96727651,6.753546429,13.87174472,2.518561624,5.572291267,6.086304695,25.61905236,20.85080496,ssp585,68.78785674
2055,6,37.59282127,,34.62399238,65.69020645,34.50679143,21.40454943,40.14317914,55.21339787,93.69167735,4.059453762,ssp585,63.92004629
2055,7,165.6468627,,285.1105014,113.3910402,73.24744662,93.59951576,213.1997336,121.72536,19.24406763,150.1188432,ssp585,220.8139678
2055,8,197.0589806,,231.354951,136.2502131,36.92892679,322.7041288,282.3292303,230.178078,47.93025479,374.4470546,ssp585,410.2931345
2055,9,51.44649457,,117.0401912,33.20846985,33.80740712,80.58671515,74.0163348,79.45210359,92.76097356,76.300267,ssp585,44.49497567
2055,10,0.047126286,,6.503461542,8.492431419,6.661206185,12.48062312,1.255628917,0.008599567,10.1537299,0.682569685,ssp585,7.060287638
2055,11,6.371997846,,6.389556496,1.945153432,90.63524293,1.414611904,8.755105284,0.46759495,0.006697395,12.46032947,ssp585,5.0182387
2055,12,7.642612826,,10.27808773,0.304744748,1.486539581,0.122957727,4.46E-04,0,0.00163685,0.584839088,ssp585,0.696679025
2056,1,0.068543998,,0.69071131,0.048562542,0.276054946,30.63480129,4.82E-05,0.525337122,1.37E-04,0.145889469,ssp585,0.008138197
2056,2,0.046042966,,1.799554673,0.004559093,0.018550903,0,0.018887943,0.23145119,0.058494366,0.012169298,ssp585,0.011691478
2056,3,2.424108395,,0.386801866,5.415343637,5.779144702,12.01516727,1.997410689,0.194971563,0.95432963,0,ssp585,0.001660086
2056,4,0.036926644,,7.19112576,5.820758005,11.73129106,11.57067316,6.20071162,13.86384898,2.487895191,1.23931753,ssp585,0.658301822
2056,5,3.67076627,,8.103106389,4.096000995,54.25682946,13.3041526,37.44722649,131.9395667,17.43045925,1.214905676,ssp585,3.8346547
2056,6,61.22374526,,126.5352654,41.48387201,63.62183245,7.410100732,45.3429706,33.26515377,51.19040723,18.78527557,ssp585,57.24142809
2056,7,160.8890965,,343.3465503,267.3216451,198.6864902,59.85616013,99.26167235,74.3525369,52.36500703,142.3297585,ssp585,251.3648909
2056,8,233.4977185,,329.250402,140.3768613,327.6851423,41.87759134,211.4410017,86.58794274,73.56457778,433.4717477,ssp585,152.017918
2056,9,57.21294168,,88.13396622,20.11350203,36.19993116,51.2828355,62.03950067,29.70041903,96.17128341,103.2095732,ssp585,47.4688876
2056,10,1.138564179,,14.89859427,2.855087092,11.31071549,1.569730834,0.036999068,32.6824886,50.89512858,51.97697486,ssp585,1.862021799
2056,11,0.757244955,,3.822878573,1.398648703,0.059388076,4.817269828,0.077353997,0.130604045,25.64864271,0.043975762,ssp585,6.396070036
2056,12,0.17066063,,3.215436062,0.420566528,0.122333337,1.73561863,3.00E-05,0.632452315,5.387055643,3.222841479,ssp585,0.503804032
2057,1,2.22E-04,,0.072160602,4.77E-05,0.006183929,0.027346906,2.17E-06,0.029029251,0.259211353,1.741288727,ssp585,1.069680503
2057,2,6.95E-04,,0.004271201,0,0.046413851,0,0.034940691,4.678739026,0.134930759,0,ssp585,0.018351289
2057,3,3.642755448,,0.103387541,0.897965876,1.588845618,3.552589349,1.014657115,5.294514509,0.147507798,0.075939496,ssp585,1.792976865
2057,4,7.059698337,,22.69640287,4.233807289,38.49183718,5.070688907,1.279812815,11.4973313,6.992098645,4.651033754,ssp585,0.052070465
2057,5,8.146402793,,12.30103107,4.476548833,10.06827519,27.33245553,13.46271183,0.884100163,49.0300169,46.92356149,ssp585,13.57951232
2057,6,27.00566446,,35.77372057,65.71942786,15.28648792,39.32092589,59.41625493,72.83585735,30.27238787,23.34702601,ssp585,72.12272632
2057,7,163.4524999,,361.2452057,243.7318642,207.5088337,79.92695928,228.3267506,183.0988719,158.5862612,190.4214104,ssp585,260.645022
2057,8,234.9292875,,183.8606143,148.1135713,421.3400299,127.8698651,171.9880657,541.120179,40.17855515,267.0591336,ssp585,462.3916454
2057,9,354.1780753,,155.8427061,21.39031518,81.04268243,66.15958445,2.466421944,106.0896142,135.4666574,97.01985823,ssp585,106.5020768
2057,10,7.257843609,,8.380057143,1.785035002,14.77772637,0.56552346,2.741725692,7.847331683,0.304938418,18.83571611,ssp585,4.82136097
2057,11,42.9385266,,0.062912716,0.001411703,0.837801892,0.030241792,0.122784858,10.49178275,8.217740986,10.11566073,ssp585,1.309702814
2057,12,2.37003606,,0.226891258,0.391350789,0.382480999,0.599214253,0.433912982,0.240618382,4.980641812,0,ssp585,0.107695114
2058,1,0.276878266,,0.052471246,0.022887983,0.002390923,0.019183298,0.148534275,3.790398943,6.235692005,0.334940595,ssp585,0.003303028
2058,2,2.334783444,,3.29E-05,0,0.027892475,0,0.013511337,0,0.418562209,0.011971485,ssp585,0.261415515
2058,3,2.74656735,,0.388338837,3.270373877,0.003681359,0,8.839050553,3.119821051,0.822802984,0.562359093,ssp585,12.25987919
2058,4,19.41762792,,1.519161631,4.650431088,2.060774646,1.209609615,17.59717093,12.43992858,10.08338297,2.164100115,ssp585,2.431562245
2058,5,68.32482184,,7.662767162,10.61595296,0.392932513,29.05202809,17.88879505,10.8411089,9.441369981,2.51938247,ssp585,11.02303325
2058,6,56.86437744,,144.0832083,91.82327737,24.04682785,5.546493081,192.5360124,31.70030968,16.05672012,32.61414775,ssp585,41.47467762
2058,7,430.3089107,,219.8076325,129.3311678,172.5325422,64.8446339,189.5328336,445.6054328,45.59263062,125.7458286,ssp585,63.24512748
2058,8,273.2413678,,231.3843795,113.9457084,189.4450748,41.13991844,199.4940544,366.2891286,60.16454975,196.8879373,ssp585,215.9375357
2058,9,31.1842402,,63.90034251,61.11166869,185.5414419,38.68697916,52.04359423,11.81925675,63.27802918,55.98114936,ssp585,111.1088984
2058,10,32.50698958,,3.487645766,11.7339754,0.053566477,0.351254787,5.645693295,0,13.41777231,2.261891227,ssp585,1.333818532
2058,11,9.487430194,,5.53E-05,0.464996956,1.434504332,0.022145052,1.824163818,0.722979517,0.473561889,2.05010381,ssp585,0.059300625
2058,12,0.080961432,,0.017719718,6.08554845,0.60244768,0.694998417,0.243121938,0.001103885,0.894645341,3.253976609,ssp585,2.362440061
2059,1,0,,0.092413163,0.201456055,1.210558329,0.678755719,1.49E-05,0.010101344,0.235539795,0.684423482,ssp585,0.904727756
2059,2,5.864067027,,3.090729443,0,8.88E-04,0.144623591,0.078050192,0,0.216586512,4.96E-04,ssp585,0.031108717
2059,3,4.806171841,,0.524630446,0.504773768,0.253836479,3.47389956,0.271315691,0.042246772,2.953875123,7.892039988,ssp585,3.599884947
2059,4,1.25078713,,25.22983456,1.187320291,10.29535271,0.692268099,4.050535517,15.64880549,12.62438327,0.796366431,ssp585,26.54801902
2059,5,18.28306303,,10.98650323,6.13623874,9.339228118,37.75223574,1.557447744,40.9751542,11.70166063,3.377272919,ssp585,25.61014795
2059,6,47.322537,,41.34511743,58.40589458,5.046394549,17.63026729,149.5247512,43.53072415,50.97230737,35.92121476,ssp585,140.3439771
2059,7,114.4567771,,167.0119755,90.31533045,116.3115226,309.444499,138.5453671,351.4201848,299.6458935,145.2380815,ssp585,147.7931311
2059,8,121.9244769,,293.9622781,58.35029945,380.9139581,392.279811,185.7291476,305.9656352,256.3515613,335.1634309,ssp585,158.1087112
2059,9,70.72298177,,76.67445154,33.18832612,230.6360863,31.42586611,78.50720314,42.15157438,42.91985122,165.3638455,ssp585,48.98015937
2059,10,14.89348757,,66.30287341,0.618287459,21.45360149,0.038624941,0.289788387,0.21465557,60.30320772,7.865778642,ssp585,114.6969321
2059,11,0.00493289,,24.61212238,2.107673846,8.297966557,1.224430897,0.114616054,0.040003942,1.199631032,34.37721512,ssp585,7.045964467
2059,12,1.421535496,,4.346625025,0.855520057,0.398882933,20.23023809,8.80E-06,0.373111166,20.46001708,0.460798033,ssp585,8.792234495
2060,1,1.776878459,,11.26181129,0.077951176,0.48954038,0.820959126,1.04E-06,0.00409264,0.451557497,0.00914589,ssp585,0.002991154
2060,2,1.403522254,,0.081445638,0.029631813,0,1.162323832,0.02870284,0,1.104165712,0,ssp585,1.735033802
2060,3,4.10E-07,,2.505637886,0.024720764,0.215476589,0.179237053,3.362829654,10.72943261,1.247410406,0.804273681,ssp585,3.85E-04
2060,4,0.450752509,,1.634372566,2.298856971,11.74007842,0.575241806,7.675540319,42.06442809,22.8529441,0,ssp585,11.06255716
2060,5,23.78618441,,9.887958689,1.638958513,30.40575251,9.03157402,8.727601533,5.863714404,55.99816262,1.910250877,ssp585,10.40813196
2060,6,42.80479177,,28.48665231,106.6848797,30.16623314,15.35810512,86.54988609,75.36192859,67.28315152,26.29791154,ssp585,59.11383123
2060,7,109.3935585,,352.1461888,57.43718199,207.8720496,21.77034763,215.2047286,163.299642,32.98752668,251.8090411,ssp585,57.44755496
2060,8,76.21745163,,293.3680803,91.47546912,251.2897279,46.00891196,255.6413308,267.5528605,32.87211764,450.2156574,ssp585,191.9330941
2060,9,59.78692236,,341.3962282,68.39108582,123.0191953,11.98275443,150.9312726,73.05185009,34.50299668,187.246484,ssp585,47.58887153
2060,10,5.865304613,,113.6683961,16.84970494,0.011617581,0.781494597,1.468965995,0.541485151,6.147616406,18.86961171,ssp585,3.823024673
2060,11,2.15148672,,7.345845052,1.106664017,1.794128138,2.348325859,0.02682954,0.915258796,0,14.51301624,ssp585,3.498456203
2060,12,1.490894923,,0.285571648,0.343819772,0.393219796,3.987053915,1.12E-05,0.06342538,0.140772956,0.951599916,ssp585,1.516786476
2061,1,0.24981771,,0.482638315,0.003202469,0.028135115,0.022894905,9.15E-06,8.99E-04,0.014033298,0.211372186,ssp585,0.90336127
2061,2,0.236280518,,0.006979803,5.60E-05,0,8.950548936,2.93E-05,0.054277164,0,0.139604869,ssp585,0.368047061
2061,3,0.210265334,,0.409772306,1.232448155,1.683746992,6.633588355,1.687640509,0.799351208,0,0.48966716,ssp585,26.28148148
2061,4,10.89284262,,0,1.101014164,8.157882144,10.04504357,7.368874323,5.695944901,3.980343783,0,ssp585,6.957620696
2061,5,31.83334825,,28.16449526,14.64887094,10.92112995,7.51422585,11.69813691,31.68182028,21.87848049,14.63331259,ssp585,3.730337746
2061,6,104.8118019,,42.09011407,77.33803742,58.21833114,16.43385087,33.63958099,77.1934074,13.00893648,49.50535008,ssp585,58.24202486
2061,7,186.1875875,,293.5461656,21.30704924,106.2261824,44.73173835,240.6930893,223.6873351,17.98283663,270.3834665,ssp585,277.3373439
2061,8,370.5649292,,299.814335,106.6451299,52.05022634,106.2953752,241.2199924,64.92979705,140.7101618,234.3033975,ssp585,256.4375875
2061,9,73.87894703,,224.0978089,54.05001247,97.30893441,22.0215259,32.42372965,81.43395025,73.90574943,71.16259833,ssp585,98.02204517
2061,10,12.17026403,,6.151981494,0.912272487,5.802061615,13.50881314,14.49458628,1.234787263,7.762552922,22.24807963,ssp585,22.94000376
2061,11,0.123090268,,0.001040205,0.317775703,18.8350319,0.002227263,1.312103083,0.032096503,1.52901485,0,ssp585,28.49441931
2061,12,1.089439746,,1.794131075,2.077535195,6.099011829,3.99103108,0.439341217,0.039583641,2.635495161,0.452160755,ssp585,18.35811385
2062,1,0.007679656,,0.039726526,0.129921496,1.145578455,11.68800668,0.013008203,0.02111273,0.796145594,0.088576871,ssp585,2.143340227
2062,2,3.422082692,,0.027093784,0.011656626,1.28730613,4.459092798,0.281774234,0.568012599,0.554549839,0.027260489,ssp585,0.085456625
2062,3,2.310042667,,1.617388802,0,0.229649366,1.930753707,3.066692159,1.030733694,2.748476266,0.65947942,ssp585,8.250267622
2062,4,3.950715364,,2.631927463,1.213888041,4.997632112,20.0789345,4.239705064,20.1014651,60.05689975,0.147645239,ssp585,1.985018774
2062,5,8.982161232,,3.621052626,19.16383186,32.81134279,20.55703876,3.688467179,16.32937774,16.90517638,2.275062795,ssp585,7.364248019
2062,6,59.21411288,,178.957509,76.5126694,132.9502145,49.53158709,142.6460955,47.93816523,30.15737449,17.01121788,ssp585,6.708629789
2062,7,252.0205602,,256.228545,104.4093311,132.3548767,149.8689306,105.2081425,179.7443866,38.17201676,47.18307348,ssp585,246.0107607
2062,8,106.6489572,,338.9369064,183.2213904,192.1142186,109.7214637,54.03594252,150.0781454,103.8889333,458.6582638,ssp585,251.0671258
2062,9,91.76642555,,137.7034462,25.25487685,17.28789256,90.63640173,36.4873572,18.9822176,77.21892215,165.3269264,ssp585,121.9318647
2062,10,0.203846825,,2.274409188,3.314499124,8.646530228,4.155983751,1.321559977,2.079260611,55.31987687,11.92304723,ssp585,19.50601916
2062,11,3.705420242,,3.044689982,0.386887891,0.010469258,14.81017425,0.021053362,5.536411736,3.30036849,0.129455157,ssp585,0.11231199
2062,12,1.223806189,,0.544717178,0.883771408,0.182626297,0.272012065,0.055559882,6.53717046,4.577623295,0.257402079,ssp585,1.29E-04
2063,1,0.128841752,,0.04874545,9.08E-04,0.082557165,0.520461806,0.432490864,0.010666509,0.119144646,0.025736778,ssp585,0
2063,2,0.003110096,,0.384367076,0.008592003,0.002151152,0.030472694,0.054576918,0.072577937,2.484908882,1.26E-04,ssp585,0.00124435
2063,3,0.248023596,,0.404547492,0.268312586,0.020405199,0.137608667,2.353193194,0.014572737,5.225937162,0,ssp585,5.60E-04
2063,4,17.54991711,,2.352926634,5.661449831,1.713877112,2.777523794,2.335272664,8.935902585,2.541563432,0,ssp585,8.470911839
2063,5,2.606452101,,26.58293028,5.061055619,19.9897824,9.387935887,12.87453266,35.36950432,6.252442647,17.74614686,ssp585,11.57191565
2063,6,67.54506349,,76.19094164,29.10308309,10.67992684,34.5429391,73.73588783,16.64414262,51.2427892,20.23598934,ssp585,86.81278059
2063,7,527.0666578,,309.0238889,185.6058657,21.70661651,27.92027895,118.1061933,194.7968397,25.23628476,116.4924877,ssp585,205.3727154
2063,8,177.8722729,,203.364001,75.03007043,110.0138699,133.4179591,158.5517252,205.9570842,173.2759422,462.2645851,ssp585,343.1335474
2063,9,106.737319,,74.61183028,35.44455454,32.01662784,20.02246373,160.1646658,30.45243117,62.41795617,117.3546351,ssp585,102.8227538
2063,10,17.92075543,,47.04791838,5.521474672,81.59721482,19.81581589,1.259460568,1.932409339,37.51784569,4.601135569,ssp585,15.24913848
2063,11,0,,8.334835026,1.27863016,0,22.49660059,0.255087282,0.132815366,17.16070448,9.026180676,ssp585,60.57166688
2063,12,0.24709648,,5.224810659,0.41321296,2.991067888,0.121706068,1.71E-04,0.039414283,4.693883225,0.159060324,ssp585,0.192586023
2064,1,0.043685769,,1.974921867,0.043499267,5.005798325,0,0.189596936,1.92E-04,0.572708946,0.086019866,ssp585,0.004515225
2064,2,0.041120362,,9.168159153,0.029052036,0.490648261,0.279382037,0.019155589,1.644124351,0.061712883,0.01432374,ssp585,0.012129182
2064,3,0,,0.875055561,0.602746088,10.20492433,6.95E-04,2.320605072,2.823857054,0.21541683,1.042262809,ssp585,2.823513616
2064,4,2.507470715,,24.13502982,20.40928898,16.96761101,8.639897982,0.142330247,5.035457255,5.383230405,0.007555398,ssp585,23.53679975
2064,5,6.63096774,,26.14388385,3.134843684,0.519632616,10.95639117,51.1999984,5.803141008,10.76695413,7.292409261,ssp585,5.791596452
2064,6,87.52124156,,39.80515398,65.81599519,17.56177499,15.70952957,64.38005904,3.575966082,34.94436368,22.98910947,ssp585,16.92230307
2064,7,325.0882069,,346.9477505,126.1122434,187.5661846,25.22364597,83.8777594,238.7837311,135.4462758,183.700175,ssp585,191.1493634
2064,8,98.42696421,,225.5566639,88.89842336,405.217373,43.31748235,157.6089639,308.3891772,262.3858027,381.9738528,ssp585,129.5958067
2064,9,31.52518377,,335.632048,31.99732511,41.25968474,27.09124728,49.0802752,67.26506911,57.27338154,129.5139446,ssp585,132.0534271
2064,10,12.51089028,,117.0365743,0.900211775,11.46700021,46.9734995,13.61587069,7.572611931,1.996114068,7.819140202,ssp585,0.156782619
2064,11,119.8133359,,6.457884823,2.302008661,0.173927851,0.468571444,7.82E-05,3.93E-06,0.155438448,33.55538035,ssp585,1.397810914
2064,12,0.439610386,,1.383689512,0.192438476,0,0.602169359,4.571461108,0.001081264,0.745575974,1.024271689,ssp585,7.937351322
2065,1,1.77906437,,6.349178665,0.052854751,3.534543927,1.044309155,0.008782652,0.01051382,0.316105127,1.85E-05,ssp585,0.01399938
2065,2,0.142840267,,0.001471744,0.025143586,0.041981525,0.018928651,0,0.046694146,3.573935923,0.027695231,ssp585,1.020951848
2065,3,0.831360269,,0.076531537,0.238115897,0,5.719622057,0.247953579,0.769208345,1.386693175,0.281861591,ssp585,4.448441552
2065,4,4.741717075,,0.683231203,0.295340376,3.417683682,42.01900528,5.284546606,5.575365035,12.3184552,3.28009756,ssp585,6.844032333
2065,5,3.012321689,,51.25037352,3.525817356,22.67921998,29.45275481,21.84537871,2.840338429,31.64494075,18.93418562,ssp585,48.18598596
2065,6,71.78441122,,119.5049542,101.7362442,27.9327701,20.41084508,51.12393534,38.50027765,107.7908848,31.82898419,ssp585,46.891999
2065,7,156.3461208,,423.6293249,61.16728345,21.47618589,120.0479795,135.2339451,122.7778737,106.4535285,401.4587294,ssp585,210.2104538
2065,8,67.80150432,,229.4968958,188.4615025,259.8940636,149.9192235,189.3719058,353.5647915,35.63874128,442.1858658,ssp585,172.2762552
2065,9,69.74908607,,54.52433665,44.0898334,65.55365147,140.3447349,96.70401351,206.8346734,81.41820178,53.22994559,ssp585,136.2416914
2065,10,21.21322993,,3.997041343,1.303886265,6.567880823,8.664207449,13.46300163,17.4617815,12.6114823,3.940817115,ssp585,69.56592446
2065,11,4.28773628,,2.02E-04,0.164565914,1.888092222,0.75622987,0.363198115,1.01E-04,0.218359579,4.114874501,ssp585,3.502338442
2065,12,2.777912582,,0.033587795,1.041317957,0.004208931,0.985994776,0.045579849,2.389252788,1.86607026,1.051686287,ssp585,0
2066,1,0,,0,0.272120158,0.47604649,0.772286812,0.117023072,0.200452844,0.033451073,0.246655647,ssp585,0.00770446
2066,2,0.096167159,,0.056596945,0.00776227,0.031064918,0.080854459,0.003377969,0.380511822,0.089964041,0.018715103,ssp585,0.345642707
2066,3,0.152302613,,0.264311631,0.142472157,0.579345245,5.1761222,0.137093405,12.76519748,7.48894683,0.057796672,ssp585,2.820031758
2066,4,4.862346304,,0.626348199,13.92252498,10.07044742,9.397695821,7.476099921,18.60911799,23.50776704,10.29048183,ssp585,7.976367356
2066,5,12.52459518,,37.53323067,20.67427942,23.16199697,41.13070401,2.62056652,16.06011628,28.79396808,20.63390072,ssp585,15.05863666
2066,6,11.86330247,,265.7239717,27.74212318,13.28381898,52.17950454,56.58789749,83.02813247,17.27080645,21.12297771,ssp585,35.44253736
2066,7,219.9315115,,251.6450941,147.7717761,29.58478513,127.7480706,117.571551,202.5824542,59.07120959,257.7524197,ssp585,72.02181473
2066,8,217.1296735,,269.6714007,206.0250807,36.74776911,74.9198538,244.4398364,223.9867883,236.5622052,373.3654744,ssp585,180.5664898
2066,9,115.2416689,,67.25665204,53.25955064,158.3252131,22.67991855,231.6204889,152.6889737,51.18069602,121.2288338,ssp585,84.7357025
2066,10,6.261399572,,43.89848761,8.841185292,15.82173996,11.1109351,18.06927113,16.94197589,9.594869319,21.74230149,ssp585,23.7230347
2066,11,0.080238728,,3.100456609,3.425137495,0,0.15478069,1.026582204,1.159767376,7.757944198,6.201300682,ssp585,0.144632534
2066,12,0.876841995,,1.645281179,0.221783514,0.341943331,1.416051886,0.022238563,0.873589216,0.305932986,3.831269188,ssp585,6.885377887
2067,1,2.039896387,,0.020907238,0.059707443,0,0.139394536,3.33E-05,0.039836295,0.066133707,0.061514224,ssp585,0.0541691
2067,2,0.553630385,,0.193162419,0.009861147,0.055877784,0.147636598,0,0.023668387,0.356944151,0.04268961,ssp585,2.29731402
2067,3,1.417959748,,0.674921209,0.180095382,0.009838298,0.336413178,3.58073491,0.572594117,0.479154153,0.092855829,ssp585,3.70678596
2067,4,21.75965226,,2.872853283,10.49155859,2.311244629,21.73157808,6.197154445,18.96587738,5.055529738,24.01690582,ssp585,9.655650086
2067,5,3.994437935,,20.11036479,12.96682935,12.06842596,4.3598413,68.25128264,62.64425085,5.555957647,2.605024513,ssp585,12.22681645
2067,6,43.79433383,,88.74038337,28.87950242,24.51221167,31.21685297,58.42458689,29.58364278,36.03616753,16.50744821,ssp585,70.4833182
2067,7,148.2796376,,196.2718938,117.4543779,152.0379162,31.58989708,308.6053943,189.5703131,20.79293274,161.9054982,ssp585,225.4981689
2067,8,94.77431087,,319.5479689,159.8769188,23.45137364,318.3929894,399.4544705,155.0522184,185.1653931,401.628914,ssp585,142.4089878
2067,9,54.04172553,,29.71064893,28.9209575,45.55688696,15.51088848,143.2833665,54.47165299,41.44512119,103.6365413,ssp585,68.54531089
2067,10,3.860934017,,108.7169758,8.386424674,1.309939305,4.09048498,34.54307654,2.344175323,40.737364,17.25641134,ssp585,12.54664578
2067,11,46.78633703,,9.107164329,0.084591209,1.719131416,0.934211602,0.490077159,3.72153626,21.80326418,53.12111133,ssp585,28.2490238
2067,12,7.919085272,,0.534670457,2.93E-04,1.89411643,2.690635366,0.125250622,3.90E-04,4.247711193,1.589097802,ssp585,15.27859418
2068,1,3.366104881,,1.94E-05,0.007405117,1.360362038,0.016013241,0,0,0.561184436,0.210709956,ssp585,7.407585663
2068,2,2.390077189,,0.178916951,0,0.039342116,0.478014672,0.015239715,0.995509107,0.638508486,0.033867869,ssp585,0.418180922
2068,3,24.88447537,,0.158522277,0,0,0.368872215,0.214087562,4.433280777,1.417113938,0,ssp585,12.71767583
2068,4,38.49724221,,9.06936446,7.5929131,2.062919577,6.137079473,12.04876195,13.41665555,6.252558378,1.664551067,ssp585,2.189570239
2068,5,13.82333593,,10.96654635,16.09700775,16.70193902,8.492397331,0.283284419,12.16400987,69.66683092,6.276149895,ssp585,22.38243125
2068,6,19.88671288,,200.7373809,23.77919246,49.52540507,17.76631616,158.8350933,26.747303,145.5559815,91.34018364,ssp585,23.78388594
2068,7,188.2268044,,294.0017187,119.1176009,352.7130386,19.83170399,168.2121928,146.392165,187.8342456,159.0697429,ssp585,163.0962832
2068,8,117.5228567,,197.6941748,75.84855878,346.7747349,60.07508814,131.0653243,324.8225151,175.9736906,459.3191623,ssp585,128.1427336
2068,9,25.9366456,,146.459979,25.80720214,117.4579204,12.76281854,126.262504,39.91505114,104.8139399,158.8061445,ssp585,85.97146799
2068,10,9.764216401,,3.978565026,5.373463935,1.139419705,17.17216303,2.393501346,0.089684766,8.721860184,0.084386547,ssp585,34.91934221
2068,11,2.339946961,,0.704440191,0.697871442,0,27.14366501,6.00E-05,0.010871085,0.587633591,0.005562443,ssp585,31.35031347
2068,12,0,,0,1.5877814,0.575129765,2.598658499,0,1.096762787,3.48E-04,3.86471297,ssp585,15.75236784
2069,1,0.019668775,,0,5.47E-05,1.470050512,0.096948564,1.14E-05,0.111075423,0.223979405,0,ssp585,0.797619685
2069,2,1.53E-04,,0.097600399,0.065940438,0.001575399,2.419214013,0.003209451,0.640831895,0.080785861,2.30E-04,ssp585,0.142149514
2069,3,0.048742973,,0.087117581,0.481391665,4.683259757,1.847328643,2.812694547,7.76E-04,0.450977213,0.03443316,ssp585,0.09687672
2069,4,14.92144618,,9.951712674,4.207280274,5.28E-04,28.03762514,4.809049935,4.787779204,4.140629183,0,ssp585,4.670251571
2069,5,32.43204047,,14.50228437,12.52723579,27.51602296,27.40162359,5.606524797,7.616163287,32.96622876,16.75652731,ssp585,1.631880964
2069,6,21.78394234,,125.0524362,21.18177514,25.44099067,74.82414323,35.14802148,85.41951227,41.62984851,13.40480165,ssp585,61.39688649
2069,7,140.2370895,,270.5292681,259.626057,318.7344021,29.17097472,46.47343592,152.3328122,67.04427695,547.7814064,ssp585,104.7605945
2069,8,70.18263884,,226.235179,129.6749321,241.8626025,36.08061459,234.691391,346.8271352,139.0704775,391.3557673,ssp585,273.3349899
2069,9,21.12016824,,47.86446302,67.9994153,49.78189793,30.48154186,75.97433023,54.4610429,71.58709412,235.5086558,ssp585,48.65805187
2069,10,5.363318005,,5.649660999,37.8531387,0.009389306,4.788881906,7.569003197,1.635204917,6.034603793,46.33092212,ssp585,0.181671033
2069,11,15.68676468,,0.514924978,9.883622105,0.004823863,3.087590686,0.847170395,1.567274204,41.85110889,2.014074724,ssp585,0.065201717
2069,12,1.360024002,,0.196915762,11.84680374,3.791341549,1.310204197,0.065422381,0.223421886,10.6346567,2.292511171,ssp585,0.032047351
2070,1,3.666590336,,0.624141359,6.01E-04,0.510995662,0.66851173,1.32604936,0.001384569,0.148503039,9.039805791,ssp585,0.001752123
2070,2,1.874731226,,0.00558248,0,1.731599697,2.713410947,0,1.947447896,0.024747775,0.00309177,ssp585,0.399386774
2070,3,0.051580015,,0.258024145,1.338352527,0.035811045,0.069038367,0.63536375,8.773737271,1.28E-04,1.697226492,ssp585,4.432724237
2070,4,6.51080583,,10.42581744,8.573944635,11.23709066,8.269561591,4.115480281,8.52428596,12.20422266,3.399797428,ssp585,46.5080696
2070,5,3.049753245,,31.41423807,1.810095995,11.62041813,9.152983302,11.19020665,27.70592317,50.72770983,10.08758795,ssp585,11.35336179
2070,6,46.76663762,,96.5799857,50.67737777,7.338556904,295.6274685,36.9807991,9.774986885,81.34927643,19.0722001,ssp585,54.34759241
2070,7,91.14693669,,249.6917793,195.7260902,122.1665109,43.53998803,103.0768533,142.7065839,88.32586744,101.9770568,ssp585,106.8114583
2070,8,157.9101296,,329.5863443,143.108193,134.5120518,449.2120092,210.1564629,147.3640336,123.1990474,281.8131671,ssp585,113.0258704
2070,9,36.57407398,,52.24342005,24.0252865,48.57757191,9.783834705,101.3423186,125.0325497,66.06900619,255.9901458,ssp585,102.6836998
2070,10,14.1445047,,75.23198147,1.030333068,0.822294351,0.243828925,29.40956658,0.404899589,24.19600263,35.88146494,ssp585,5.03697601
2070,11,1.323479539,,76.302927,0.227221068,1.852281882,9.849684433,0.105887693,0.084103827,4.045438744,10.19058139,ssp585,22.57010248
2070,12,0.847493332,,10.77135996,0.617285477,10.76134604,0.997662712,3.215621465,0.013177877,4.558562975,1.920392676,ssp585,15.38594204
2071,1,0.105650913,,2.286423534,3.89E-04,0.175547776,3.571050986,0,0.004298758,0.570486292,5.187211679,ssp585,2.602558214
2071,2,0.012781971,,0.784636191,0,6.364542094,0.081592722,0.045971965,0,0.095538797,0.007988587,ssp585,1.691643258
2071,3,3.300293445,,2.925404005,3.121055141,0.069631973,0.003275339,0.218882951,13.19310451,7.738029724,0.212789722,ssp585,3.500867498
2071,4,3.858637876,,0.721362841,8.722161206,35.89624934,3.826277589,4.45973386,4.16917317,2.15126825,0.465723715,ssp585,46.51779141
2071,5,29.07813826,,51.34805579,8.923074895,9.0062125,4.218543633,54.45689788,0.221562497,12.5912584,7.541247207,ssp585,13.89943947
2071,6,36.70800721,,97.71914742,11.05109903,1.460997054,18.70632338,53.65769925,91.70141363,100.4549783,16.90903362,ssp585,62.30495571
2071,7,94.23020923,,147.7073819,131.8954076,51.41762499,20.41122657,218.3682088,266.8755411,127.0499646,148.90209,ssp585,257.5095232
2071,8,81.56777937,,268.7135948,101.5460724,244.129615,194.7918189,312.650622,422.0709574,97.08360378,243.6224654,ssp585,225.8063154
2071,9,57.21597577,,217.123264,49.65027048,61.18464709,263.8898255,99.9813284,215.6826855,54.58056388,72.87768363,ssp585,222.6460751
2071,10,10.66106458,,51.01586964,1.776434068,0.789017896,0.440914501,1.724384172,3.591060176,140.1707853,2.729214122,ssp585,73.34844986
2071,11,0.248365727,,0.064904232,11.14920728,1.131997049,4.013802297,4.367304716,7.07E-04,43.95067974,8.408099737,ssp585,11.18666148
2071,12,0.002232583,,2.663079828,2.311440043,6.464612292,0.204054156,1.95E-06,12.73388885,2.466946015,4.374719235,ssp585,18.20259219
2072,1,6.96E-05,,0.01656318,0.046319725,0.551753368,0.126935919,2.31E-06,4.774605338,1.083499288,0.025082591,ssp585,0.819320093
2072,2,0,,0,0.023942185,0.057364624,0.003684745,0.105393457,0.01679989,0.016022072,0,ssp585,0.091075635
2072,3,0.685130829,,0.415795509,2.055654259,2.278919034,0.171538911,1.560830973,1.939934832,0.389612355,1.098368629,ssp585,0.378427608
2072,4,3.932291114,,0,5.001380775,0.904322983,26.88352186,4.410239166,3.23784109,3.926040563,5.088558294,ssp585,5.398402687
2072,5,54.95462137,,38.3650451,3.941736583,27.67351227,10.80416148,18.86394243,16.77054001,41.59347772,11.10025707,ssp585,2.484041234
2072,6,58.87348411,,72.90509001,44.0161302,8.801758634,34.60022818,64.6466554,9.556560156,55.19609923,23.05942521,ssp585,27.84107831
2072,7,231.1756639,,172.0221772,72.27773945,149.9128682,20.97669722,207.0917272,185.6619996,39.0682976,107.115584,ssp585,179.6591694
2072,8,385.0572529,,257.1957073,154.7826078,182.7415639,246.9767388,276.3051028,367.3987544,96.58498752,319.8004613,ssp585,239.0475143
2072,9,91.49011888,,142.8120673,59.27054266,184.7148579,14.54178884,154.7976079,33.16163755,68.4499733,139.6540875,ssp585,185.4062981
2072,10,0.034232799,,13.16091663,0.800555999,0.046385418,15.975865,4.668493608,3.458994655,2.605006374,4.756779264,ssp585,0.179015172
2072,11,49.59060379,,0.613557383,4.989110531,0,73.91860295,0.106483313,8.317416722,1.45134322,7.500064875,ssp585,0.379943528
2072,12,15.26767053,,1.114687984,0.156861882,1.72E-04,0.62208379,2.07E-05,1.32E-04,0.269384461,8.37459433,ssp585,10.32386471
2073,1,1.11E-04,,0.001406621,0.069324243,0.194665082,0.711473929,0.010548427,7.58E-05,0.02731757,0.035635452,ssp585,0.003333312
2073,2,0.059902985,,0.016584512,3.81E-05,0.061083116,0.064607064,0.209483337,0.003430928,0.003323737,0,ssp585,0
2073,3,0.176320517,,0.181912084,0.042213768,0.015649399,1.665816112,0.182401424,4.475093686,0.358107073,0.100451823,ssp585,0.775059402
2073,4,15.13591949,,28.76729002,7.773364673,9.808011549,1.667056875,0.892720738,4.705809946,6.284962304,0.050407687,ssp585,26.16425332
2073,5,56.80404603,,98.71398981,4.610143245,5.309431785,7.538946594,4.571926547,9.82778587,11.39176232,10.44902174,ssp585,4.506509817
2073,6,13.00300316,,166.4031126,25.88571368,7.14599475,145.9944425,1.021577407,40.0716554,48.08446278,32.31764568,ssp585,59.21684476
2073,7,91.0029903,,197.3189124,116.4746969,60.6837262,16.18474924,271.0353821,152.1466467,96.25129107,276.8314197,ssp585,200.399376
2073,8,287.7454457,,407.2990753,131.6741428,350.0915727,61.27195555,445.3714637,365.208286,154.0304624,360.6300525,ssp585,112.1746668
2073,9,119.4464243,,96.5176919,19.14453113,31.52234669,25.84272136,57.27410735,63.54393763,19.82430599,187.1812772,ssp585,133.4815816
2073,10,35.74012671,,26.71348415,2.337929668,3.815735169,2.248069424,2.557505061,7.280625448,15.85414012,18.98763581,ssp585,0.706634489
2073,11,4.095486352,,0.705494425,0,0.198208432,0.274481232,0.667409433,3.866960123,0.214972477,15.12228699,ssp585,8.340461494
2073,12,3.255890334,,4.344983476,7.14E-05,3.001011334,1.009585932,1.57E-05,0.736639583,1.315749215,0.76849215,ssp585,2.790785577
2074,1,5.317536572,,0.371396889,0.08588915,5.628359281,9.500875673,0.058857312,0.190123677,0.754541378,0.438112735,ssp585,0.230106603
2074,2,2.41E-04,,0.005131623,0,0.018153516,9.85E-05,0.029070523,0,0.020269021,0.002049124,ssp585,1.944695262
2074,3,0.271064891,,0,0.800185008,0.068806266,0.448859457,4.828022305,1.827257343,9.524095312,1.474507679,ssp585,0.067607298
2074,4,0.233254085,,9.378477726,6.637559999,16.47732113,0.17400167,1.903381058,18.54390601,21.46878171,2.405189449,ssp585,29.43189318
2074,5,5.669580143,,31.65199281,13.10305249,27.85645593,18.02497554,6.107104982,96.43835776,23.86623583,13.86508225,ssp585,51.93695147
2074,6,37.49434712,,222.7736228,39.05062698,0.84851202,36.07955663,94.78337648,40.56496366,90.96333127,9.861152188,ssp585,103.0234869
2074,7,59.47680572,,495.4572518,150.0055664,196.2588517,16.44907994,80.39112076,83.99262584,91.56981152,256.5817111,ssp585,165.4463626
2074,8,297.1434925,,235.8144735,103.4496546,383.2648794,79.1242962,105.3837548,274.0403025,57.41143446,403.9241153,ssp585,204.1892729
2074,9,17.13339942,,68.60758514,53.34820211,263.5102033,78.79037314,62.76559041,30.37605301,54.30309777,108.0140536,ssp585,52.83694586
2074,10,28.44009708,,15.23124071,1.415515246,14.47726243,15.35266536,17.2123954,26.54864249,2.342794549,12.0218397,ssp585,0.137114224
2074,11,14.29259801,,19.13404856,0.057976592,0.078163209,9.661641792,3.415592241,0.636864913,0.077336679,2.829902675,ssp585,13.97847445
2074,12,0.008765853,,3.373705194,0.031472689,2.643535346,0.913731898,0.062834007,2.652501097,4.838460827,4.620887113,ssp585,10.96619471
2075,1,0.641369399,,0.012629192,0.137878455,1.799048848,0,1.30E-06,2.998529605,0.127717243,0.01474817,ssp585,0.167366713
2075,2,0.407759566,,0.088452081,0.587610465,0.009378926,8.95E-04,0,0,0.131550068,0.053430401,ssp585,26.74136498
2075,3,0,,0.990111557,5.035133226,15.47765235,0.168729791,2.238523909,10.9916208,2.394172163,1.215534967,ssp585,8.297581085
2075,4,3.966996398,,23.8263162,2.068330633,3.837986012,1.198520451,9.364151146,6.986003099,11.55244079,10.32590544,ssp585,2.054204151
2075,5,7.816357489,,11.74456682,6.735832902,8.556201973,0.433618501,15.84467771,16.34507943,22.48904847,1.4750307,ssp585,17.63628742
2075,6,41.52072595,,117.599701,25.11963181,20.79776273,26.02308014,20.97050199,74.2303287,14.27195228,8.392482356,ssp585,49.20195428
2075,7,247.0370007,,109.129579,92.2993603,56.69013481,88.60085628,155.4267499,253.0459934,5.645605425,115.3954128,ssp585,141.9016864
2075,8,206.563611,,217.5831063,214.67343,169.5851756,335.7645246,210.5252377,131.5005589,45.76518613,418.3444895,ssp585,215.3565358
2075,9,95.64636507,,74.54214883,64.73726212,106.0621259,25.10599006,163.2627335,36.72955213,38.30852779,101.2790013,ssp585,61.61136826
2075,10,114.1568558,,7.059725172,19.91805242,0.642968543,0.011347044,1.410609835,0.740984952,25.9508821,14.41199036,ssp585,1.009486315
2075,11,9.004221196,,2.737916132,0.857624036,0.044721649,2.537722979,0.212089315,0.05082468,35.95677405,31.87396053,ssp585,0.527572721
2075,12,5.192353659,,0.038927313,0.721601403,0.454946955,0.002343498,0.01563949,0,3.153895818,18.01287351,ssp585,7.132979013
2076,1,0.255610286,,0.095286734,0.007429288,0.566069146,4.726214267,2.51E-06,0.003179149,0.90055493,0.129057889,ssp585,1.568225202
2076,2,0,,1.070880594,0.465104615,3.24E-05,0.053888483,0,0.03121522,0.001299455,0,ssp585,0.012987848
2076,3,12.66842681,,0.378039826,6.399532948,5.29166997,0.184301747,8.677108704,0.00715555,0.190442647,17.24812714,ssp585,0.135108459
2076,4,3.510088236,,4.971069257,2.479818655,2.241043568,6.554081482,14.0272781,2.81673255,1.779303494,1.965272219,ssp585,5.653294126
2076,5,52.29257785,,11.63396027,6.48561715,7.447196976,34.1946557,10.37834826,5.706773345,7.379218613,7.817850653,ssp585,4.173232639
2076,6,93.81304393,,95.44372553,61.87534541,9.502847241,8.982533361,28.18230541,21.68552826,61.16765981,55.63991945,ssp585,32.64023928
2076,7,222.245873,,235.9917118,193.9892349,6.044016475,59.46304509,544.4567584,305.5009157,41.98464046,36.99429138,ssp585,62.84373678
2076,8,169.4643978,,339.9188736,119.4176074,133.7653874,77.61378441,373.7505561,462.9347235,106.9429887,441.8437512,ssp585,330.1407771
2076,9,40.54719994,,159.3166729,24.70058596,66.06327356,60.11126325,91.33746992,136.2343969,31.74852803,52.60170247,ssp585,142.1266094
2076,10,0.811884444,,61.98171407,7.545613709,32.56912006,6.485053927,15.02908414,4.26E-04,24.38710156,32.90785913,ssp585,27.70181678
2076,11,44.87098362,,1.556744798,10.97657071,0.555933814,6.473584399,0,0.007037071,0.457969804,2.297849412,ssp585,5.26250957
2076,12,1.587954345,,0,0.787887516,0.025554465,0.272057896,3.478663394,3.25E-04,0.807793086,0.233631873,ssp585,5.227466801
2077,1,1.278114936,,0.288052212,0.014463005,23.9310905,0.226018334,2.51E-06,0.001378168,0.300840246,0.002229795,ssp585,0.238414857
2077,2,0.009855625,,0.04509914,0,0.00269875,0.00433408,1.70E-06,0,0.109851372,0.086587021,ssp585,0.007731742
2077,3,1.941449346,,0.265389817,0.008603182,0.003388651,1.857045458,0,0.092802335,6.192139834,12.67006617,ssp585,6.320556669
2077,4,2.332421299,,0.059559208,4.550570789,3.204545074,1.077946539,5.462936727,6.312488447,5.143212818,7.247786879,ssp585,20.18230569
2077,5,9.480702707,,29.36948972,4.603498119,39.66981671,13.10427115,7.543314141,4.88094212,71.996391,13.26811086,ssp585,74.67044134
2077,6,23.72913891,,73.11845645,28.5035397,22.69551382,32.03021127,39.85007587,43.52851563,72.70617365,24.41642692,ssp585,39.44925463
2077,7,43.47703843,,318.0277993,168.399793,221.1745062,27.93156484,141.6007611,350.863744,29.37513603,364.2883827,ssp585,254.2610209
2077,8,177.2210784,,351.0437664,143.4622764,235.990361,14.81360118,199.834064,354.0362609,13.38559032,367.9400235,ssp585,223.369423
2077,9,34.26523807,,244.1968906,38.08283768,179.3201813,53.66702477,65.44301498,28.99210982,79.40251722,72.07865972,ssp585,142.6414112
2077,10,4.742863874,,56.96837892,0.036614576,1.824279928,0.463480474,3.600990648,7.5303786,8.644408692,38.49361067,ssp585,2.841136559
2077,11,0.028995154,,15.09221831,0.751550795,2.815655306,0.408115644,1.954868137,0.606057221,8.776444711,0.017392326,ssp585,2.935850586
2077,12,1.986786729,,0.258938271,0.929517183,0.309605842,0.802801059,1.886665885,0.055300831,9.790095415,0.322127195,ssp585,12.37817645
2078,1,0.008353549,,1.542333207,0.037990097,0.053540519,0.122178998,1.545127755,0.032882252,1.923726921,2.111433132,ssp585,9.75201517
2078,2,0.082595011,,0.017095086,5.88E-06,0.698684417,0.21331643,0,0.782649528,2.9950011,0,ssp585,2.772654925
2078,3,1.215534958,,0.287600976,0.51986521,3.232792465,0.573275952,1.278915436,0.399328791,2.012479598,2.599455863,ssp585,8.350128139
2078,4,5.383346123,,6.117998838,6.713424643,3.879914339,6.868750984,0.721781499,5.037006087,11.04185006,0.003624344,ssp585,7.063875382
2078,5,8.375123482,,34.89892785,10.80613564,9.15186351,2.25834419,28.39644679,30.6591474,26.63524516,0.689091027,ssp585,38.31049561
2078,6,62.81315423,,160.7423326,12.37654819,19.65308005,61.48862123,19.38417731,54.78747693,21.07839293,21.31436399,ssp585,97.54328942
2078,7,76.28053351,,144.6618217,91.33665682,24.96927471,33.20851872,148.8479308,71.99972142,27.38632352,373.8896583,ssp585,174.0175148
2078,8,91.7470566,,242.6010773,115.5061212,92.56603821,36.06237015,212.8201177,202.0904195,167.8263893,236.1515728,ssp585,301.8806712
2078,9,87.55120341,,167.0156219,32.89656667,50.1022238,15.337034,68.28528532,45.8776054,48.20798798,230.0839956,ssp585,177.6109368
2078,10,22.34259978,,24.64379045,1.622337752,2.963508483,4.046177692,2.616945538,3.471213872,0.494380909,1.259297788,ssp585,85.35465442
2078,11,5.879335947,,0.115960638,1.375572227,19.29199174,41.3643682,0.47918194,0.056799458,3.673909403,4.037790231,ssp585,15.09577462
2078,12,7.032640319,,8.190302599,7.65E-04,0.025539614,7.841577988,3.67E-05,0,9.313773015,0.008170703,ssp585,0.117884002
2079,1,1.069951687,,0.367761443,0.002766823,0.045236149,0.098536709,0.026004687,0.231930014,0.106819433,1.162428967,ssp585,0.396010453
2079,2,6.988092796,,1.91E-05,8.28E-06,0.014060943,2.398013262,0.176623329,0,0.050515697,0.03941711,ssp585,0.009401991
2079,3,0.734900373,,0.221018494,0.254896004,0.049599607,0.047243164,5.82239073,0.143483697,1.198310964,0.011578904,ssp585,2.544769794
2079,4,12.2974111,,1.723621873,19.56603248,1.840317468,0.886606044,4.908120839,4.014337263,5.41186663,0,ssp585,0.010087145
2079,5,18.63384732,,21.19146684,5.463299727,5.323480973,12.74316937,22.79481781,13.46232572,6.93556061,13.12316087,ssp585,21.28386777
2079,6,14.67964038,,163.6252805,65.84444663,13.59712,4.972169605,21.51560153,22.85857272,23.99004002,30.99753804,ssp585,30.38021904
2079,7,157.1379818,,257.0440267,170.4101031,65.49762311,152.3540913,256.3903021,202.6161663,186.1075888,260.5261083,ssp585,142.324748
2079,8,429.7660925,,390.0895945,237.6660199,304.3462741,185.1843441,88.93035043,294.3978108,51.42853688,452.7289871,ssp585,181.8791489
2079,9,37.90174405,,207.2010287,69.99042282,21.40834987,42.38988813,113.9162962,95.20134038,43.86267249,221.7689801,ssp585,75.16078988
2079,10,8.9992798,,50.36550427,14.21045098,0,8.78845005,2.106530605,16.85535402,7.529914948,5.592467313,ssp585,2.689690562
2079,11,0.007151503,,3.672929183,1.621690892,0.011023914,1.061084088,3.34E-06,7.779485752,2.295692791,2.53996698,ssp585,4.153195383
2079,12,3.307989863,,1.969742598,0.359752882,0.663716769,2.599143057,0.049107707,0.328928802,21.53806387,0.042099782,ssp585,4.108756972
2080,1,0.019415142,,0.490954021,0.074155735,2.195071894,3.419318351,0.011089361,1.435470271,0.422263529,2.381728315,ssp585,0.316301489
2080,2,1.507024374,,0.124269333,0.008085293,0,0.013960243,0.006947299,1.195037354,0.337572593,0.009904694,ssp585,0.006122548
2080,3,0.175739784,,0.247029903,2.200538608,5.478783252,0,5.599810609,0.202371237,0.876661094,0.69030424,ssp585,3.060217988
2080,4,4.470142946,,0.003898623,0.948595656,14.07676389,1.321686203,6.675235748,26.22546788,16.185847,0.624266127,ssp585,36.17041054
2080,5,18.14908322,,0.162665882,52.53936997,21.27126197,13.66749969,7.07378999,20.0130949,61.24047509,4.764545701,ssp585,4.123871807
2080,6,72.66294083,,104.586985,92.37112294,8.210303609,32.72563291,43.4476596,73.13428401,78.25441326,14.19482087,ssp585,41.45004132
2080,7,90.76321352,,278.0481098,132.2219401,179.299713,32.51737687,124.0582023,214.8557539,94.413373,353.1642475,ssp585,196.3763174
2080,8,300.2703065,,322.7625168,156.3766798,317.1945119,183.3400307,245.3825314,152.5215588,164.1141255,291.0360902,ssp585,91.99461387
2080,9,82.26884886,,172.0226357,55.97151685,54.14428987,16.37042448,382.1214096,107.0749801,43.43144904,96.90649361,ssp585,106.192011
2080,10,3.138037522,,17.72893503,0.182126822,1.623577227,9.098372284,45.47062156,9.58523361,5.698523059,2.479928826,ssp585,43.05478271
2080,11,38.49657643,,0.006284238,1.395982332,0.442049182,16.11357416,0.06436398,7.938085027,2.664366534,5.33962195,ssp585,88.61283555
2080,12,7.413358303,,0.161481672,0.005350278,1.057525718,0.523508642,1.06E-05,2.203500513,7.533213332,3.616166306,ssp585,17.84392564
2081,1,0.648998962,,0.228926768,0.004165469,0.03249795,0.004680519,9.41E-06,3.47E-04,0.095207135,0.095123966,ssp585,12.7503378
2081,2,0,,0.179617023,0,0.004248634,0.365178043,0.005444217,0.133142698,0.221944837,0.016169697,ssp585,0.384862061
2081,3,0.432263202,,0.311905601,0.844129184,6.215307621,1.790438346,0,4.628233868,0.004404644,28.23511941,ssp585,13.7439037
2081,4,1.089436708,,0.079500323,6.798949744,3.08019518,7.394237491,6.481146766,3.790620583,3.396052511,0.758117424,ssp585,21.4850239
2081,5,26.31620336,,9.95343825,8.767073612,42.17992074,14.51185305,0.930354899,55.11976017,12.54848589,26.04731166,ssp585,33.88055166
2081,6,57.47220539,,172.7647751,74.6714571,15.0348845,24.63978915,32.85336677,26.63279888,28.35104359,15.23160719,ssp585,163.2118134
2081,7,56.95922514,,217.1547513,157.4203399,48.02836062,7.005132171,137.4144661,150.3993714,30.71245265,235.5922467,ssp585,258.1728526
2081,8,156.8558458,,294.2526489,156.2329424,192.8893046,171.6517084,407.7821242,76.48028541,169.999147,356.1508426,ssp585,176.667732
2081,9,25.13826838,,90.13207759,110.1624919,23.75211017,106.6070833,121.1993797,59.1605581,60.04481611,103.0525332,ssp585,151.632504
2081,10,35.77952987,,90.28632971,2.500801051,2.967945545,3.080398064,12.480005,1.42980294,14.35642386,0.964228054,ssp585,78.35467249
2081,11,0.365054735,,5.402141138,0.402432071,21.78666593,2.532912798,0.492712901,0.49393763,57.17410213,8.838503284,ssp585,8.603494848
2081,12,3.679472233,,1.165868098,0.16085282,0.520814738,0.500290609,1.442167071,0,9.637783163,1.319415376,ssp585,1.597943298
2082,1,0.025914836,,0.699518079,0.002229493,1.34E-04,5.873042737,0.289069429,4.49E-04,2.605947863,0.585994177,ssp585,10.56488623
2082,2,2.467392988,,0.190170489,0.131537847,0.007101843,6.359010203,0.009435199,0.001776464,0.060613677,0.010036336,ssp585,0.713097447
2082,3,0.850818698,,1.356662473,0.584716167,0.013202989,0.264589998,0.836378513,4.273353424,0.198609297,0.336716833,ssp585,5.104557225
2082,4,2.744762007,,21.00112077,5.912016296,8.488059348,4.279661504,4.639642764,28.96012868,26.35053923,0.032187369,ssp585,16.89644866
2082,5,17.6441101,,86.55284591,9.548423118,1.402048674,36.81231106,18.4471191,192.2337379,63.5435674,3.393735587,ssp585,15.12139758
2082,6,40.07292448,,148.8371158,106.0098231,29.01462943,11.70775286,99.5813131,24.88351718,85.04159637,25.26089385,ssp585,83.71967453
2082,7,149.3968908,,242.2979345,88.49262343,44.64768822,67.46175345,153.3945364,279.2441467,180.3903313,258.0255241,ssp585,72.85681953
2082,8,139.0179377,,196.2574571,140.5723837,58.77666004,289.2578937,228.3021446,371.7692576,145.4598244,365.0886137,ssp585,280.082874
2082,9,142.1559504,,55.10367843,96.92188654,33.05128862,277.9025813,39.01688479,119.5792263,49.00079891,188.0695433,ssp585,82.31246113
2082,10,2.97904618,,34.09606708,3.276873931,0.05395667,1.652113508,5.845853789,14.58394521,4.767625905,2.804836052,ssp585,73.48779275
2082,11,4.830009126,,118.5192569,33.41760688,2.925890965,2.792984287,10.83097086,0.243230821,0.769539894,0.593482321,ssp585,8.505831789
2082,12,14.43317929,,13.93824824,2.479840975,3.645996472,1.760614889,1.25E-04,0.006414035,3.818235258,0.002257735,ssp585,1.23729942
2083,1,0.628073891,,3.933452492,0.109107504,0.028234864,3.35356661,0.03999886,0,0.02603753,0.007093471,ssp585,4.31E-04
2083,2,0.394883395,,0.092980104,0.041949948,0.014303204,0.00683202,0.009356325,0.147758242,0.006876406,0.002645898,ssp585,0.033771189
2083,3,10.75729927,,1.101962783,0.048259795,3.2563217,0.707239824,0.185270827,0.055642617,1.690435706,0.027874681,ssp585,14.57731047
2083,4,7.998021538,,4.795869182,7.802347323,0.086514146,2.347600184,11.22802962,10.98913528,9.65229194,3.009509405,ssp585,1.9042827
2083,5,21.00443924,,52.48990673,3.974451209,11.92902102,23.12920303,29.05698159,27.24560105,11.31857373,5.155788471,ssp585,1.532037208
2083,6,37.26538828,,16.35746359,37.00750098,28.85971823,46.7869398,95.17257753,58.29980668,14.88469146,10.23235457,ssp585,34.65347211
2083,7,79.18379546,,305.9893066,118.1421896,185.2442838,136.4449322,130.5550582,163.9074334,21.4894104,291.4672603,ssp585,223.8243484
2083,8,245.4316801,,361.0594216,139.7000566,268.0544416,56.17372937,147.1809274,299.9029688,151.0550096,263.4074339,ssp585,100.8470351
2083,9,16.09458118,,200.4658137,50.18613868,299.4581169,82.90061338,75.62956959,413.9924655,122.7681475,102.2780207,ssp585,44.34203474
2083,10,48.59361495,,56.30084171,1.960834214,44.7280146,19.10644496,4.401490357,0.002904779,4.353186141,16.03961654,ssp585,10.00818503
2083,11,0.144986989,,2.253435705,0.031059607,4.061175905,2.476349175,4.218945369,25.90376839,7.09E-04,0.007125815,ssp585,20.7470319
2083,12,0.036619197,,0.181837859,0.020836307,0.083931148,0.980712578,2.609646449,0.001813144,0.018809373,7.756133846,ssp585,19.17096381
2084,1,0.230502236,,0.479464461,1.77E-04,0.005111395,0.721705846,1.54E-05,0.793680338,0.09388471,2.37E-04,ssp585,0
2084,2,0,,0.014355285,7.71E-06,0.010388659,0.05810282,0.021261375,0.493637015,0.062259565,0.065992876,ssp585,1.251668831
2084,3,0.325927434,,0.072318394,2.310800691,5.390673229,9.716849627,4.263897436,3.267075867,0.930223296,0.228757166,ssp585,0.525103608
2084,4,2.874832842,,9.179310856,5.356373949,20.4730928,0.437923619,4.837728807,9.967206908,13.25405285,2.536382523,ssp585,2.908938171
2084,5,25.29921547,,12.31426509,1.503787846,1.713246408,6.936950479,2.426650529,0.216652333,35.32071549,35.70651274,ssp585,7.446856686
2084,6,8.379649736,,133.3297122,78.07709197,48.85227091,18.15820797,67.05410561,111.8546789,47.7602889,42.13231543,ssp585,32.855229
2084,7,182.545436,,219.4130674,136.5684749,294.6226089,24.82387069,120.3274009,190.0109506,173.0609568,186.2312602,ssp585,121.9422381
2084,8,146.8923228,,199.3297165,147.2440407,454.6555563,42.22490735,417.3916481,180.7143554,155.0524589,293.8324617,ssp585,96.99379083
2084,9,139.3225715,,160.3737756,36.84371157,65.36654729,33.03120734,171.8592213,22.42610639,75.30514855,121.9496865,ssp585,81.08538037
2084,10,1.64860854,,3.185743215,1.104645529,3.735066032,0.383488825,18.89066188,8.906643128,1.308349519,22.25790727,ssp585,3.96184997
2084,11,17.56511666,,0,1.387157631,0,8.229910659,4.320070121,3.367787361,3.618662648,17.04842661,ssp585,12.21663455
2084,12,1.40345187,,4.95E-06,1.72E-04,1.663993517,0.52131202,3.602017796,0.002493495,1.548433211,1.408152468,ssp585,2.884877248
2085,1,2.795235726,,0.032947325,0.144818372,0,4.881987293,0,0.045257832,0.076564072,0.14886194,ssp585,0.173908884
2085,2,3.400723787,,9.04E-05,0.068460808,0,1.22E-04,0,6.60E-04,0.016701807,0.181612635,ssp585,2.384374518
2085,3,0.281654436,,0.225780599,1.469521714,0.928753927,1.161620649,0.422460251,9.492052413,15.62593351,6.231615555,ssp585,6.483077082
2085,4,10.20896055,,9.957856354,0.808429812,62.42373675,9.020600493,1.919164366,2.234287386,12.39233747,0.540357245,ssp585,1.824634243
2085,5,31.41827811,,13.02555672,2.934601094,1.656780534,43.68123574,1.871232392,53.75862767,6.280760806,6.278140751,ssp585,59.69760942
2085,6,37.2699921,,197.9439398,62.33675649,18.04631147,25.26479985,60.7886916,101.9682043,58.41039478,43.97758069,ssp585,137.8373614
2085,7,156.343929,,137.5139093,106.1892738,129.4651229,49.04610728,322.3079722,295.4853506,148.7003462,134.8494584,ssp585,236.4301369
2085,8,240.7001134,,360.7918784,106.8137424,413.8563449,102.8807305,459.6383183,94.20870965,78.4055242,567.4721856,ssp585,186.4356382
2085,9,42.67501634,,165.6122605,31.66647185,173.2943969,137.9211868,209.2119262,37.77690824,141.5376668,86.96386725,ssp585,98.46291958
2085,10,0.862014179,,197.7391108,6.30280313,1.765152944,6.811323412,3.478762668,58.36081907,13.19003858,17.38898947,ssp585,42.10730769
2085,11,5.112276613,,0.435208803,4.121042471,0.183798638,6.148220702,3.095698735,37.7988188,1.374634689,0.014913231,ssp585,0.517923106
2085,12,6.574940709,,3.123212507,1.326385984,0,0.015369274,1.93E-05,7.606102626,3.204956776,2.818745545,ssp585,4.929412592
2086,1,1.51455674,,0.003367635,1.016163604,0.184649686,0.061352904,0,4.91E-04,0.322754342,0,ssp585,0.804878223
2086,2,0.001101878,,9.492403129,0.034823054,0.016443902,0.006073112,0.027929746,0.101889938,0.583078325,1.86E-05,ssp585,0.091170984
2086,3,5.699145049,,0.118128087,0.141745969,1.097805317,7.94765046,1.6730652,0.270377628,0.169369292,19.20588207,ssp585,0.332792082
2086,4,13.19364911,,2.237108632,7.359157867,4.898532743,34.59566682,1.38592824,16.20728116,16.60259181,1.881361617,ssp585,0.441430366
2086,5,8.131164908,,90.62093318,13.85590739,20.24277031,3.176269532,1.931444127,3.26068704,8.242181281,1.802369886,ssp585,59.7521169
2086,6,31.45899886,,53.46775858,43.99302411,17.21631918,18.24849586,228.5795,130.8194714,45.69061065,19.91336874,ssp585,41.58531612
2086,7,165.0062288,,140.3523296,225.3410118,236.1809269,141.4089097,200.303583,139.3732232,10.39495099,188.3232165,ssp585,161.7508362
2086,8,91.56050042,,329.5331058,81.46399443,347.6715385,51.61539969,159.8966424,163.4819588,9.15498264,596.2192957,ssp585,240.0361627
2086,9,80.42720005,,133.506975,80.85443211,406.150574,28.17471579,132.1293895,132.9297534,41.11445682,181.5513671,ssp585,16.20514611
2086,10,7.972948721,,17.72556154,1.445237351,29.86591612,35.5447202,5.783790741,35.25696654,4.030832612,30.63608746,ssp585,43.49983169
2086,11,0.066413513,,4.541087205,2.759349213,0.110418465,3.483474876,4.135796143,1.766431635,0.417530509,0.321622575,ssp585,23.72957251
2086,12,9.838491355,,1.419697785,0.195344351,0.370988433,1.970119392,6.01E-05,0.525259265,2.219005497,0.055685785,ssp585,1.613683527
2087,1,1.324677342,,6.98E-05,4.54E-04,27.01470456,0.002506973,5.68E-06,1.031467131,0.003293739,0.112162276,ssp585,0.44405628
2087,2,0.929968129,,3.91E-07,0,0.395514774,0.210831333,0,0.802087536,0.064948707,0.401570673,ssp585,0.092739432
2087,3,2.651555865,,0.866551427,0.073559425,0.001059318,2.346343242,7.54103857,0.452411622,0.21017222,0.240080036,ssp585,1.581299776
2087,4,3.87551208,,13.53333919,5.019681331,6.173737589,4.130175314,3.209245715,5.14904175,22.74890061,21.26495658,ssp585,0.165047303
2087,5,15.67170782,,39.42805401,33.61019707,18.64491458,62.52611769,1.2268102,82.57307421,62.3447455,46.51452269,ssp585,31.1753424
2087,6,47.58111341,,153.560779,46.94051147,10.68470445,10.26097995,55.48243218,51.85210997,90.33201744,47.03961816,ssp585,30.40783391
2087,7,147.4116388,,215.9372187,201.4422776,36.76733449,27.76633074,79.91635293,410.7765128,186.2670009,295.520314,ssp585,216.0169537
2087,8,419.3241763,,345.7474866,87.11597496,195.145617,63.64252589,144.7747213,284.0569114,226.3064964,516.2400055,ssp585,236.5972715
2087,9,21.39739,,331.209538,29.4724619,60.86700161,11.3158254,50.355906,73.47995895,33.75418583,263.9978265,ssp585,51.97510482
2087,10,1.304420462,,46.06778062,3.773329546,0.658743939,21.0964519,14.05530593,5.642299545,13.5383464,95.85970905,ssp585,5.28000375
2087,11,0.005555098,,0.056096401,5.930525867,2.273416266,8.797347107,0.233740596,0.059651943,24.4417619,14.9865913,ssp585,1.081834081
2087,12,0.184535087,,1.111927083,1.589542141,1.274431386,3.99578167,0.030915404,2.390006699,21.98328521,0.96730465,ssp585,1.100560306
2088,1,0,,0.259758545,0.024454997,0.109612518,0.048231828,9.19E-06,1.913345064,0.111135903,0.833971658,ssp585,0.645230912
2088,2,3.419213683,,0.055168346,0,1.042479123,0.543145389,0,0.197935998,0.002009196,2.92E-04,ssp585,0.86464836
2088,3,5.596750374,,0.002243332,0.659279999,0.940016245,1.747507838,1.094641796,0.618518418,8.34582998,3.521012074,ssp585,6.966441801
2088,4,0.292671089,,0,7.613218733,7.248015282,0.880907538,9.697448291,35.42357218,8.116753385,0.652754466,ssp585,20.36669307
2088,5,8.704963939,,20.54284904,9.070927728,1.720376355,27.58903539,4.678954978,42.3684326,37.46433662,2.396400946,ssp585,14.57243555
2088,6,56.59127773,,104.4491872,37.92054506,10.36771309,43.40405667,24.73796191,18.27633862,20.69049077,35.56579907,ssp585,45.6901017
2088,7,241.7776836,,238.5319641,155.1437152,332.460657,116.8615406,273.7914192,101.8838629,35.71262534,164.0168593,ssp585,398.3765545
2088,8,91.31204986,,247.8353181,182.4149898,372.4582848,95.25424569,231.4713884,321.7204412,199.1970039,460.0281414,ssp585,210.2553936
2088,9,53.09084482,,313.5939651,73.34305896,113.8959157,22.99178819,81.35819554,171.3056014,110.8333287,157.3575644,ssp585,117.5454235
2088,10,25.92175761,,220.3444084,12.27950955,1.179095332,0.703339671,3.264309533,7.26113664,5.85472045,2.213397963,ssp585,39.69327091
2088,11,8.286686235,,1.621913669,8.99E-04,0.912212308,3.345249319,3.443519844,2.704718263,3.27E-05,2.795245355,ssp585,6.992670368
2088,12,0.868038281,,0.043732335,0.140223206,2.107653281,2.836452661,2.853421568,1.187237769,0.628776344,0.280696683,ssp585,0.0016534
2089,1,8.619850102,,0.002070782,0.028219297,0.118494199,0.46858145,0.025692253,0.467980569,0.04934849,2.26E-05,ssp585,3.787861715
2089,2,0.283012503,,0.00698113,0,0.07109862,5.41E-07,0.02851909,0.249234341,6.70E-05,0,ssp585,0.760866776
2089,3,4.030489627,,0.406547969,1.153476471,12.23655968,0.008374212,2.939031136,0.888498301,4.988867285,0,ssp585,0.100185135
2089,4,0.49565781,,16.94607961,12.4084809,3.174964336,7.594889566,3.425613312,13.66364079,19.05445529,0.374608818,ssp585,20.76047345
2089,5,40.38554423,,22.08794577,3.218063659,5.619281411,64.53794113,9.810058185,16.36879657,17.53406972,0.665689014,ssp585,3.629704963
2089,6,62.93998558,,161.8075463,18.98615129,18.96938786,60.07395791,114.3607582,42.59560599,44.70452327,26.98537617,ssp585,28.51005144
2089,7,185.7740521,,316.9907644,133.5837833,349.0331486,4.119098991,420.0423769,319.2576459,70.03229384,47.85795207,ssp585,212.1053818
2089,8,163.4870975,,273.6803953,54.19315278,220.9970153,544.4559879,564.4449346,96.02275389,265.8730628,536.4692436,ssp585,167.7848022
2089,9,81.47552308,,145.0075045,28.26715028,89.12159636,111.1329975,227.5131847,52.14937101,47.08661397,148.6195677,ssp585,133.2832106
2089,10,12.77535456,,4.07841829,26.01544415,9.56E-04,1.353888064,17.1797413,30.51569427,10.72106421,2.35071793,ssp585,7.689912095
2089,11,0.388101964,,3.099622291,15.40993623,0.01065102,0,2.819665249,7.059375945,28.06209725,4.569354032,ssp585,40.47027765
2089,12,6.565024366,,2.534823316,6.96E-04,3.684583727,2.908825257,3.63E-05,0.132329581,12.02311989,1.677283492,ssp585,8.725262955
2090,1,0.005972273,,0.152869066,0.138969339,16.51854008,8.163845658,5.34E-06,3.513477333,308.5121805,0.280913618,ssp585,7.692557076
2090,2,0,,0.039037423,1.98E-05,0.045845617,0.040089149,0.468419227,0.055600098,0.250421284,0.011688186,ssp585,16.3158046
2090,3,2.149344288,,0.373097016,0.200910593,0.97035912,3.356832025,3.73506827,0.797184433,0.819732263,0.989004088,ssp585,2.586216001
2090,4,0.349790923,,9.917937693,8.432850127,4.688358095,0.785355173,2.050275906,20.48932983,22.33214486,3.474805337,ssp585,62.68073699
2090,5,21.18382604,,54.33062385,33.11007968,4.68787772,3.695325301,1.954350104,18.84093974,97.99464634,5.169784342,ssp585,83.51405753
2090,6,44.51217137,,9.374136818,55.04165909,15.95556915,30.33566825,26.05279462,57.7389309,43.00981134,30.84270734,ssp585,60.62025362
2090,7,402.5445707,,197.527888,118.3790657,38.28361801,210.9752527,273.4666475,208.9796957,9.115989234,99.14817594,ssp585,208.8583262
2090,8,232.957571,,203.1608976,134.1043177,488.5800925,233.0621039,204.4334759,98.19898514,71.27284245,335.3545085,ssp585,261.7180262
2090,9,119.9229407,,177.7053351,90.41464136,129.8848003,31.13537903,180.4301071,47.40381957,57.11730382,124.0440492,ssp585,62.69928476
2090,10,0.209115558,,49.36824558,1.100597471,0,5.137345052,4.85502621,15.7430905,5.018352855,8.361302313,ssp585,4.046019458
2090,11,4.361090048,,7.630236822,0.489124575,0.03017646,26.26368761,1.902790344,0.031243428,32.77250115,16.77534089,ssp585,24.05270161
2090,12,0.113418986,,3.505989413,0.160189573,0.08039222,4.93442444,1.85E-05,0.039788366,11.38417256,2.481274391,ssp585,35.66858673
2091,1,0.473990927,,1.817458568,0.002544686,0.029372009,0.664330841,0.022066966,0.011346067,0.136845035,0.015117362,ssp585,1.656389098
2091,2,0.191765919,,3.17E-06,1.19E-05,0.001001745,0.055334854,0.048990482,0.118455419,0.132389869,1.271962036,ssp585,2.572423602
2091,3,0.418839866,,0.234500995,2.333848068,1.010499853,0.213555814,1.322322581,3.506062479,5.831734252,6.614874728,ssp585,7.677491057
2091,4,12.62139365,,23.59501732,0.865995763,0.967809689,1.073089488,4.404095405,6.313259297,10.59366909,12.00852703,ssp585,35.42204434
2091,5,41.42639527,,9.929911284,4.338138254,25.41214321,3.706645708,9.008205621,3.001965496,46.17263753,6.061478731,ssp585,47.17264327
2091,6,30.40160474,,76.77102889,99.05012023,15.99189624,106.4345395,72.21663229,68.6093193,133.4364235,25.53019937,ssp585,32.97855441
2091,7,111.9232894,,130.6651757,163.6534375,3.58065224,31.20777941,323.449803,102.6533943,178.6796363,165.7629859,ssp585,156.1559693
2091,8,390.5306563,,330.9879415,99.26690006,384.6145276,16.18943539,196.1930029,451.5723177,92.84660464,198.690942,ssp585,131.6051971
2091,9,143.7490166,,405.4143771,68.34020417,146.2375734,9.637369569,199.4049469,48.02231193,71.41146388,91.14998406,ssp585,62.33452424
2091,10,29.91489394,,249.3029171,11.06768662,74.33018907,0.119477489,1.633203705,0.148202864,1.707432441,8.900501062,ssp585,53.72503779
2091,11,0.707724722,,26.43467118,7.118960597,0.003804932,1.528579399,4.843593921,0.111040515,8.426655509,0.027359293,ssp585,3.99065204
2091,12,0.001925528,,4.287185855,0.826668247,1.761486808,4.215874164,0.657849093,0,6.761934051,1.764171349,ssp585,5.142169416
2092,1,0.175410946,,2.443064218,0.061989028,0.001000945,0.536580555,1.15E-06,0.331729106,0.643564955,0.325283381,ssp585,1.343178622
2092,2,6.51E-04,,0.93426976,6.33E-06,0.036833557,0.687104565,0.272335425,0,0.016747183,1.65E-04,ssp585,1.176097013
2092,3,0.416073344,,0.256774412,3.294593436,9.038946576,1.043832054,0.786822607,0.14249522,1.218997516,0,ssp585,3.838741463
2092,4,9.942929727,,0.0328712,16.35478375,13.55201345,1.040879437,1.907822706,11.39394897,3.577175358,9.338223421,ssp585,16.68572038
2092,5,39.55610969,,0.038311366,5.073580794,15.31457064,52.79740445,18.14054105,2.552320678,12.09721443,3.601497742,ssp585,21.70401866
2092,6,22.63741246,,90.19184134,58.33230845,10.43697878,2.215266297,79.10342437,3.017562262,76.21916138,39.45087705,ssp585,45.11826705
2092,7,68.98674484,,343.5362072,249.6327975,16.19130565,6.133663409,58.25880665,177.7869345,41.01553215,91.53348916,ssp585,88.50085101
2092,8,351.1813898,,533.7006983,155.9002052,146.6850536,101.7955301,186.3285039,243.6729868,67.0297807,564.3766442,ssp585,161.0818807
2092,9,71.64295571,,379.9285318,93.65487741,39.04503291,61.47328114,94.77815197,167.0663459,99.057244,136.342378,ssp585,71.70895703
2092,10,3.921778348,,80.82134303,5.194131483,29.0573362,1.550906616,1.676572856,1.72337968,2.022063836,28.16303149,ssp585,135.383471
2092,11,0.706101075,,3.261943809,12.18986949,0.324868837,0.132477292,0.020490121,1.220702026,8.995069474,1.23817937,ssp585,54.8484096
2092,12,0.028192761,,0.223481085,0.872824284,9.577991608,0.29381588,0,0.133394727,0.971907288,1.488481021,ssp585,2.61E-04
2093,1,3.17549593,,0.030287137,1.33E-04,0.045075058,9.526660328,0,0.022543421,0.04256754,0.071531764,ssp585,0.064507012
2093,2,1.362472968,,0.034268988,0,0.202333066,0.069085769,0.057857886,0.001414699,0.008150801,0,ssp585,0
2093,3,0.031476966,,0.214617364,1.113599135,0.141048451,0.02807161,3.15361442,28.05892285,5.462826921,2.627218682,ssp585,0.009261776
2093,4,3.631507221,,0.674179204,4.735835354,4.46623436,0,1.51261195,34.81864077,41.75203749,10.44626075,ssp585,0.035620714
2093,5,32.16914558,,37.85639582,11.80185674,14.20017234,24.51924794,6.759824676,6.94481687,22.41063223,2.780183003,ssp585,24.9937421
2093,6,33.75863113,,204.2481516,25.7259499,17.6447416,30.31285667,134.4111069,25.92238763,17.57897396,12.47395223,ssp585,53.51867425
2093,7,160.3551871,,322.3132436,78.38178065,203.5333647,36.43005588,154.8388354,223.9246882,45.6753163,277.4126277,ssp585,214.8795571
2093,8,174.0006821,,195.9653359,110.9846036,458.6576737,24.7597998,507.5754865,131.9823555,58.74403465,519.9445991,ssp585,199.1133345
2093,9,50.6604046,,96.68646079,104.3035329,129.3862482,93.99189186,252.4928904,68.17772737,52.97110081,244.8972016,ssp585,132.9076014
2093,10,3.801481905,,1.316498568,1.111703487,3.126938639,26.48644201,32.93572825,4.903608993,3.7980788,1.775666934,ssp585,41.79493073
2093,11,5.320112943,,2.075372039,3.427609418,1.949347393,1.676887012,2.61E-04,0.648940313,18.56091111,6.362648706,ssp585,37.12592116
2093,12,4.40816865,,0.00368686,2.78E-04,0.693701605,2.615407289,0.709731791,6.085287218,0.013619469,1.973587727,ssp585,0.064845791
2094,1,0.87128589,,0.008067333,0.016031726,163.4864009,0.016826132,1.36E-06,0.801820504,0.834102689,1.34E-04,ssp585,0.882809111
2094,2,0.155722084,,0.044626712,0,0,0.004269202,3.81E-05,0.123267442,0.166123691,0.004066248,ssp585,0.138244221
2094,3,1.527746109,,1.065112534,0.649194308,0,2.58038126,4.772917142,2.019548919,2.214775002,4.55275396,ssp585,0.063861973
2094,4,2.559981652,,6.09795224,4.65703026,48.35925535,3.879835917,16.80696781,6.906510574,15.21847939,0.272867413,ssp585,5.927783057
2094,5,65.68818687,,15.53234047,20.88530261,1.432342683,12.7029554,45.09251255,1.269499673,25.50945956,8.195849689,ssp585,2.207569674
2094,6,30.99806769,,127.5942291,156.4499612,7.469331101,90.16560046,48.99368759,71.53698904,196.1679086,17.27294463,ssp585,76.28503975
2094,7,145.9141858,,291.1050799,256.3401199,147.5754428,33.75933971,135.8279334,307.8137999,31.16828038,329.4733422,ssp585,51.1315976
2094,8,299.0340641,,240.0240942,171.4653941,276.6087789,134.6784436,390.0780872,169.4341399,24.51661544,334.6850938,ssp585,204.4097716
2094,9,35.8872777,,139.9475932,27.56021943,153.0684587,37.86188731,136.7884183,40.11235465,56.73149137,108.0886048,ssp585,145.6171185
2094,10,191.7564424,,77.16271957,0.312448294,0.016745146,2.570452284,4.067358731,18.94131888,51.65256649,19.13685407,ssp585,24.36530176
2094,11,56.07936264,,89.31982906,20.6119287,0.003222131,0.013049879,1.156657842,0.325320806,0.632716235,2.991135749,ssp585,14.05394323
2094,12,0.049314128,,0.417566617,1.681524396,0.011390912,2.090577746,0.060261414,0.001362624,0.002968182,1.155804481,ssp585,2.626479645
2095,1,2.065746353,,2.754924543,0.026522552,0.455787108,0,0,1.07696753,0.864586623,0.050989941,ssp585,0.625336969
2095,2,0.340845696,,0.094730435,0.14533691,0,0.442365659,0.477835566,0.438303641,0.024778036,0,ssp585,0.014775375
2095,3,2.703727639,,4.209155023,0.361742644,0.802417886,0.844474092,2.957714938,2.135033857,5.026075324,0.351379531,ssp585,12.1724212
2095,4,1.283146228,,41.65860233,2.780019082,13.04367469,1.715925116,1.225549838,20.3940962,10.06512998,4.644740996,ssp585,7.782206087
2095,5,20.36796469,,20.52104928,27.41564778,15.0344236,11.98522416,11.65290096,14.06139677,14.84143902,17.51075059,ssp585,4.084371667
2095,6,45.16385832,,92.12730278,9.993870153,5.809869859,34.24616501,47.60374065,36.61861082,8.749128987,19.99748782,ssp585,69.82105158
2095,7,94.7861903,,175.0077255,149.4125787,30.31974149,25.06552634,47.43290961,409.2633493,30.05037241,97.16756106,ssp585,239.4301251
2095,8,157.0435805,,281.7231985,185.1691988,82.26229656,19.11955417,296.7326275,280.0106606,104.0079829,523.4173943,ssp585,175.6826356
2095,9,92.49850111,,269.2933126,88.5251491,42.29793082,27.63875013,35.14685287,65.49101713,53.76999693,97.44496224,ssp585,94.01893383
2095,10,24.10785376,,175.3736174,0.146623657,2.257966469,21.20905691,16.91375429,0.186201849,15.26264905,13.28606508,ssp585,5.623198779
2095,11,1.090355394,,0.264584548,0.487411905,19.6045004,3.748892446,0.065461733,0,8.882537231,11.68742145,ssp585,9.641430294
2095,12,0.397873558,,0.034463354,0.315253521,0,0.89790203,6.94E-06,0.018824355,0.612246991,1.534277754,ssp585,5.041327581
2096,1,0.101778906,,0.874702468,0.043967647,1.827533435,31.51314405,0.020171865,0.010362868,0,0.008521383,ssp585,6.028448686
2096,2,0.094201334,,0.001669556,0,0,0,0,0,2.98E-04,0,ssp585,0.063516363
2096,3,1.179640063,,0.027717493,0.663072725,0.006739685,0.263505585,1.636071121,0.433636925,3.667357498,0,ssp585,19.66693504
2096,4,3.263613475,,7.58367036,9.686570019,1.543039125,0.109507127,5.823820905,0.013211044,19.75561577,8.84E-04,ssp585,11.44545695
2096,5,3.20030908,,48.84812195,3.344722971,16.63934806,1.159456732,11.5893816,1.728734668,33.43707748,3.193105748,ssp585,43.24004405
2096,6,32.2663974,,143.6318703,55.35482906,3.095127337,19.35130134,32.81954288,79.00988343,63.52304203,17.71644427,ssp585,43.68217864
2096,7,92.63927165,,136.7980121,273.3787168,153.8608842,32.60193637,38.10413127,98.41391357,39.53807269,133.5316653,ssp585,267.3111189
2096,8,108.2687158,,413.1007161,122.4465605,133.4257301,166.3155668,202.7061719,170.4197003,62.11248232,544.5643686,ssp585,271.4784468
2096,9,35.2270362,,221.3141212,25.04098893,31.65354568,44.65578195,87.25326221,74.01866257,38.73244531,299.6707769,ssp585,152.7843821
2096,10,8.097563603,,91.61532289,1.313848272,0.901394544,5.862506672,18.28066529,0.00221086,6.359247711,6.921995226,ssp585,77.28778815
2096,11,0.174608674,,2.34536845,17.29850611,0.287815624,0.207343327,1.044413669,4.2966971,41.25709652,0,ssp585,1.523926434
2096,12,6.431050703,,0.078154456,2.423844003,0.473605201,4.582992737,8.10E-05,0,8.121704318,1.252652629,ssp585,2.231618296
2097,1,0.588914623,,1.90369806,3.15E-04,0.630639299,1.737105876,0.006945177,0.004654105,1.807029832,2.154978966,ssp585,0.001879461
2097,2,3.118411495,,9.71E-04,0.005285286,0.149254375,0.303940517,0.009354847,2.322483277,0.044717952,0.004230821,ssp585,0.425176109
2097,3,3.41503559,,0.365253653,2.445111589,0.42790426,0.087435703,2.276384639,4.216718006,3.052351176,0.196435389,ssp585,0.022882763
2097,4,1.679982406,,0.039916222,21.99059914,36.94892391,7.30429487,6.601038491,8.435982056,8.094664603,1.508992741,ssp585,3.919631387
2097,5,3.82687541,,16.4829673,2.810071985,7.292573762,2.670666565,1.632265118,0.699249598,58.44685011,20.79963458,ssp585,18.38546486
2097,6,16.84682799,,74.64254752,64.86845095,42.64385771,0.819887645,64.28696329,45.97680572,198.5207561,95.24044854,ssp585,40.3344617
2097,7,216.734068,,426.2337152,85.68545592,177.2792227,111.0563384,118.6298285,285.4220046,95.42563473,462.298667,ssp585,145.13889
2097,8,187.9635501,,330.7348194,155.3209194,305.8834127,493.555139,397.0789618,336.0276822,20.70793732,379.6463544,ssp585,282.4988289
2097,9,42.14700608,,287.1601429,28.24809112,185.365038,61.58479042,310.2739281,64.84001556,102.2642116,192.1622411,ssp585,152.7799414
2097,10,9.58945722,,69.47109612,11.58441666,2.21883397,14.15483268,21.40098975,3.024806771,12.13056745,93.40553049,ssp585,45.1960712
2097,11,1.292492803,,0.001773682,0.165192526,0,2.072744132,2.423650704,13.23350641,3.252533859,3.06440888,ssp585,10.88980696
2097,12,2.458971574,,0,0.784345606,0.043802672,1.573016599,0.029571922,2.017451863,0.292525276,2.427927817,ssp585,1.49179077
2098,1,0.021363355,,0.051419144,0.119473782,1.296113883,0.993591247,0,0,0.531890644,0.671483151,ssp585,0.405462407
2098,2,0.02156632,,0.081202546,0,0.414888202,0.053323102,0,7.10935029,1.11E-04,0.002721894,ssp585,0.03560977
2098,3,7.865657611,,0.107675174,0.362094892,0.528898606,0.005294955,0.166329091,2.739774044,0.125571535,4.657920912,ssp585,0
2098,4,0.670867934,,0.040444562,0.695896495,22.39722632,2.53641786,9.127405154,5.272907068,4.775071702,1.85059091,ssp585,3.521974082
2098,5,13.90015465,,12.01844517,12.3206215,4.005666373,21.00324598,19.8638727,7.146630831,1.328828666,7.277089699,ssp585,18.22049916
2098,6,66.50807856,,143.0334469,57.48040423,11.07160718,4.088960439,56.32483949,27.93476121,46.61843983,17.31055477,ssp585,17.21215379
2098,7,282.5363715,,289.2184453,111.4230324,12.67736467,36.19110298,411.8110566,63.64791401,3.859823867,62.95662424,ssp585,129.9206048
2098,8,115.8630325,,442.2063273,257.7352286,228.3165099,79.10253212,106.8124225,273.4431088,6.210348786,391.7403384,ssp585,53.30459555
2098,9,227.83437,,202.0801304,25.07796703,70.61572757,150.2364508,141.8078304,91.97293479,74.85545911,96.82805154,ssp585,111.564359
2098,10,1.368360329,,4.189272873,8.154224075,2.69311969,0.011321436,1.431480101,35.63575782,4.365001359,2.37903649,ssp585,1.850451002
2098,11,9.52924217,,5.886451369,0.338450585,0.974420418,0,5.601361417,1.390978718,0.345039884,3.966958806,ssp585,0.04847056
2098,12,1.74625712,,0.001362379,0.641472556,0.058519195,1.698907291,1.415252832,4.949200251,0.092205385,2.213135024,ssp585,0.598190034
2099,1,0.267746544,,4.391949537,0.006534889,0.014573604,0.416892463,7.65E-05,4.613199427,0.094444599,0.577848493,ssp585,6.79E-05
2099,2,2.59E-04,,0.940795848,1.12E-05,0.467566578,0.624625493,0.001653168,3.500487442,3.37E-04,6.40E-05,ssp585,3.77E-07
2099,3,0.156180253,,3.99818044,0.402622382,0.423376057,7.993935626,0.2129238,0.099721184,0.318150321,0.427676047,ssp585,2.865666108
2099,4,51.58254839,,12.67761613,0.825768149,57.48752865,4.24023675,3.994479115,0.02766386,4.387541747,5.095685148,ssp585,4.020144264
2099,5,42.24830335,,88.31804178,4.258962277,13.28938429,45.09002936,1.99923698,0.264832888,1.84445549,11.5759627,ssp585,36.78088679
2099,6,34.84327434,,88.14419387,43.58671843,9.946730075,38.17713584,116.3630397,14.6123893,20.94466663,4.924657812,ssp585,111.4392862
2099,7,333.998205,,107.0524667,101.8714233,233.5614497,203.9855871,192.4607094,142.2521511,80.26502078,130.1430263,ssp585,189.8791876
2099,8,135.0797869,,202.3717359,96.16047083,97.03354859,222.7183152,324.077454,228.5104389,34.67283411,415.9035438,ssp585,180.0610357
2099,9,80.31401625,,111.4191685,62.49407523,78.66501226,50.8331399,72.59984374,30.94439739,139.6813283,155.0999799,ssp585,113.1279961
2099,10,17.84658136,,37.55418146,2.229917951,0.034517779,27.73790617,1.520629675,5.45645967,6.359751429,11.82385219,ssp585,14.75734066
2099,11,27.28054632,,4.235972383,2.74E-04,2.854665331,1.19E-04,0.38948799,0.004893995,28.63290531,8.148924113,ssp585,8.561826055
2099,12,1.794437278,,2.261941122,0.029447694,1.17E-04,3.983922931,2.90983731,0,3.244882451,0.065711824,ssp585,17.9764681
2100,1,0.259507914,,0.151737862,0.147299267,0.082995272,4.43E-04,0.069840428,0,0.736151751,0.90973408,ssp585,25.98338988
2100,2,0.147983972,,0.024374798,0,0.03966135,0.089533223,0.024457249,1.867218662,0.208651895,0,ssp585,2.81642993
2100,3,2.474654753,,0.252935949,0.516736826,2.425939203,0.963605047,1.055189295,0.771386255,22.30581351,0,ssp585,4.038883336
2100,4,2.259204365,,27.00748817,8.768639997,20.11669459,0.007987834,6.802993448,23.36193819,14.93843651,0.707732178,ssp585,27.66517179
2100,5,21.51048032,,152.8680839,8.354278902,46.26750955,31.92808318,12.45024647,44.43487767,20.92064964,10.01405459,ssp585,33.50957914
2100,6,51.30427728,,74.54358141,56.08364269,10.68320948,16.97704244,63.77131863,68.27941581,110.1110448,28.99070938,ssp585,23.05773078
2100,7,251.718608,,240.8994397,136.7730182,40.26058149,47.35764229,120.1492296,39.3622989,301.2050693,135.0057363,ssp585,261.35402
2100,8,132.2809156,,475.321355,205.6410018,177.7576302,161.8734224,113.0812841,431.7721677,216.9906553,400.5465501,ssp585,385.1863376
2100,9,111.7719281,,468.0901799,72.71870102,48.65464036,9.857537465,31.81675597,142.5261598,24.00197766,266.0152638,ssp585,208.946933
2100,10,2.347836192,,261.8923025,3.278193893,1.103130816,52.93108452,26.33846484,35.34771051,102.6182942,58.10619984,ssp585,107.6819636
2100,11,9.02982948,,0.00368732,0.881248287,3.249354976,74.7952164,5.881864396,8.364281751,13.78633384,33.28809871,ssp585,0.263405783
2100,12,0.598434179,,2.203361909,4.098132249,1.934281077,3.098527481,0.400295623,10.57175848,8.572376969,1.221843772,ssp585,2.293077653
